run_id,config_hash,arm,delay_structure,spatial_structure,attenuation,gamma,seed,readout,source_class,leakage_level,mixer_condition_number,mixer_rank,source_dimension,data_dimension,max_order,numerical_rank,operational_rank,nullity,operational_nullity,sigma_max,sigma_min_positive,restricted_sigma_min,kappa_positive,stable_rank,effective_rank,trace_information,rank_rel_1e-08,rank_rel_1e-10,rank_rel_1e-12
E1_20260824T221028Z_2ba66f02,2ba66f0209fe1cdec97b8cf5862494c22fb94704318f9601a7a1f9eb4b783796,control_gaussian_spatial,constant,rotation_shear,exponential,0.6,9000,resolved,smooth_separable,,,-1,24,288,5,24,3,0,21,1.3635855532022758,0.019718672247190427,0.019718672247190427,69.15199644826814,4.370030995119315,15.894892979092777,8.12548513239896,24,24,24
E1_20260824T221028Z_2ba66f02,2ba66f0209fe1cdec97b8cf5862494c22fb94704318f9601a7a1f9eb4b783796,control_gaussian_spatial,constant,rotation_shear,exponential,0.6,9000,unresolved_sum,smooth_separable,,,-1,24,48,5,22,0,2,24,0.5032025325252056,3.267431456308886e-08,3.267431456308886e-08,15400553.592443455,4.270064554781314,8.81868157017412,1.0812349540150663,22,22,22
E1_20260824T221028Z_2ba66f02,2ba66f0209fe1cdec97b8cf5862494c22fb94704318f9601a7a1f9eb4b783796,control_shuffled_delays,constant,rotation_shear,exponential,0.6,9000,resolved,smooth_separable,,,-1,24,288,5,24,5,0,19,1.3066420562634855,0.009879810742803996,0.009879810742803996,132.2537536678204,6.049066701395368,16.185319973603203,10.327653019065771,24,24,24
E1_20260824T221028Z_2ba66f02,2ba66f0209fe1cdec97b8cf5862494c22fb94704318f9601a7a1f9eb4b783796,control_shuffled_delays,constant,rotation_shear,exponential,0.6,9000,unresolved_sum,smooth_separable,,,-1,24,48,5,22,0,2,24,0.8826756664633727,5.2415061698806337e-08,5.2415061698806337e-08,16840114.99472248,3.710860237740015,8.474449996476544,2.8911918176107263,22,22,22
E1_20260824T221028Z_2ba66f02,2ba66f0209fe1cdec97b8cf5862494c22fb94704318f9601a7a1f9eb4b783796,control_duplicate_order,constant,rotation_shear,exponential,0.6,9000,resolved,smooth_separable,,,-1,24,288,5,12,6,12,18,1.2561425585527914,0.0009167570302538363,0.0009167570302538363,1370.2022641756937,5.84415491843809,8.170657308452418,9.221457725463429,12,12,12
E1_20260824T221028Z_2ba66f02,2ba66f0209fe1cdec97b8cf5862494c22fb94704318f9601a7a1f9eb4b783796,control_duplicate_order,constant,rotation_shear,exponential,0.6,9000,unresolved_sum,smooth_separable,,,-1,24,48,5,12,0,12,24,0.9245154312035194,0.000674729166178749,0.000674729166178749,1370.2022641757228,5.844154918438091,8.17065730845241,4.995167418373343,12,12,12
E1_20260824T221028Z_2ba66f02,2ba66f0209fe1cdec97b8cf5862494c22fb94704318f9601a7a1f9eb4b783796,control_zero_amplitude_high,constant,rotation_shear,exponential,0.6,9000,resolved,smooth_separable,,,-1,24,288,5,12,3,12,21,1.0504596045614962,0.0007666456493512071,0.0007666456493512071,1370.2022641757294,5.844154918438089,8.170657308452403,6.448822632619034,12,12,12
E1_20260824T221028Z_2ba66f02,2ba66f0209fe1cdec97b8cf5862494c22fb94704318f9601a7a1f9eb4b783796,control_zero_amplitude_high,constant,rotation_shear,exponential,0.6,9000,unresolved_sum,smooth_separable,,,-1,24,48,5,12,0,12,24,0.4288483377635765,0.00031298177573919726,0.00031298177573919726,1370.2022641756912,5.84415491843809,8.170657308452407,1.0748037721031731,12,12,12
E1_20260824T221028Z_2ba66f02,2ba66f0209fe1cdec97b8cf5862494c22fb94704318f9601a7a1f9eb4b783796,reference_structured,constant,rotation_shear,exponential,0.6,9000,resolved,smooth_separable,,,-1,24,288,5,24,5,0,19,1.3066420562634853,0.009879810742804007,0.009879810742804007,132.25375366782023,6.04906670139537,16.185319973603203,10.327653019065771,24,24,24
E1_20260824T221028Z_2ba66f02,2ba66f0209fe1cdec97b8cf5862494c22fb94704318f9601a7a1f9eb4b783796,reference_structured,constant,rotation_shear,exponential,0.6,9000,unresolved_sum,smooth_separable,,,-1,24,48,5,22,0,2,24,0.8826756664633727,5.2415061698806337e-08,5.2415061698806337e-08,16840114.99472248,3.710860237740015,8.474449996476544,2.8911918176107263,22,22,22
E1_20260824T221028Z_2ba66f02,2ba66f0209fe1cdec97b8cf5862494c22fb94704318f9601a7a1f9eb4b783796,control_gaussian_spatial,constant,rotation_shear,exponential,0.6,9001,resolved,smooth_separable,,,-1,24,288,5,24,3,0,21,1.0493156074464627,0.016100395900071555,0.016100395900071555,65.17327983480202,5.765264333980449,15.288272076786136,6.347920650267231,24,24,24
E1_20260824T221028Z_2ba66f02,2ba66f0209fe1cdec97b8cf5862494c22fb94704318f9601a7a1f9eb4b783796,control_gaussian_spatial,constant,rotation_shear,exponential,0.6,9001,unresolved_sum,smooth_separable,,,-1,24,48,5,22,0,2,24,0.4785386474171351,2.3451873138460396e-08,2.3451873138460396e-08,20405135.427427564,4.089290281308074,8.392403916163392,0.9364443545847617,22,22,22
E1_20260824T221028Z_2ba66f02,2ba66f0209fe1cdec97b8cf5862494c22fb94704318f9601a7a1f9eb4b783796,control_shuffled_delays,constant,rotation_shear,exponential,0.6,9001,resolved,smooth_separable,,,-1,24,288,5,24,5,0,19,1.3066420562634853,0.009879810742804007,0.009879810742804007,132.25375366782023,6.049066701395368,16.185319973603203,10.327653019065767,24,24,24
E1_20260824T221028Z_2ba66f02,2ba66f0209fe1cdec97b8cf5862494c22fb94704318f9601a7a1f9eb4b783796,control_shuffled_delays,constant,rotation_shear,exponential,0.6,9001,unresolved_sum,smooth_separable,,,-1,24,48,5,22,0,2,24,0.8826756664633727,5.2415061698806337e-08,5.2415061698806337e-08,16840114.99472248,3.710860237740015,8.474449996476544,2.8911918176107263,22,22,22
E1_20260824T221028Z_2ba66f02,2ba66f0209fe1cdec97b8cf5862494c22fb94704318f9601a7a1f9eb4b783796,control_duplicate_order,constant,rotation_shear,exponential,0.6,9001,resolved,smooth_separable,,,-1,24,288,5,12,6,12,18,1.2561425585527914,0.0009167570302538363,0.0009167570302538363,1370.2022641756937,5.84415491843809,8.170657308452418,9.221457725463429,12,12,12
E1_20260824T221028Z_2ba66f02,2ba66f0209fe1cdec97b8cf5862494c22fb94704318f9601a7a1f9eb4b783796,control_duplicate_order,constant,rotation_shear,exponential,0.6,9001,unresolved_sum,smooth_separable,,,-1,24,48,5,12,0,12,24,0.9245154312035194,0.000674729166178749,0.000674729166178749,1370.2022641757228,5.844154918438091,8.17065730845241,4.995167418373343,12,12,12
E1_20260824T221028Z_2ba66f02,2ba66f0209fe1cdec97b8cf5862494c22fb94704318f9601a7a1f9eb4b783796,control_zero_amplitude_high,constant,rotation_shear,exponential,0.6,9001,resolved,smooth_separable,,,-1,24,288,5,12,3,12,21,1.0504596045614962,0.0007666456493512071,0.0007666456493512071,1370.2022641757294,5.844154918438089,8.170657308452403,6.448822632619034,12,12,12
E1_20260824T221028Z_2ba66f02,2ba66f0209fe1cdec97b8cf5862494c22fb94704318f9601a7a1f9eb4b783796,control_zero_amplitude_high,constant,rotation_shear,exponential,0.6,9001,unresolved_sum,smooth_separable,,,-1,24,48,5,12,0,12,24,0.4288483377635765,0.00031298177573919726,0.00031298177573919726,1370.2022641756912,5.84415491843809,8.170657308452407,1.0748037721031731,12,12,12
E1_20260824T221028Z_2ba66f02,2ba66f0209fe1cdec97b8cf5862494c22fb94704318f9601a7a1f9eb4b783796,reference_structured,constant,rotation_shear,exponential,0.6,9001,resolved,smooth_separable,,,-1,24,288,5,24,5,0,19,1.3066420562634853,0.009879810742804007,0.009879810742804007,132.25375366782023,6.04906670139537,16.185319973603203,10.327653019065771,24,24,24
E1_20260824T221028Z_2ba66f02,2ba66f0209fe1cdec97b8cf5862494c22fb94704318f9601a7a1f9eb4b783796,reference_structured,constant,rotation_shear,exponential,0.6,9001,unresolved_sum,smooth_separable,,,-1,24,48,5,22,0,2,24,0.8826756664633727,5.2415061698806337e-08,5.2415061698806337e-08,16840114.99472248,3.710860237740015,8.474449996476544,2.8911918176107263,22,22,22
E1_20260824T221028Z_2ba66f02,2ba66f0209fe1cdec97b8cf5862494c22fb94704318f9601a7a1f9eb4b783796,control_gaussian_spatial,constant,rotation_shear,exponential,0.6,9002,resolved,smooth_separable,,,-1,24,288,5,24,3,0,21,1.380029080936147,0.019923436511608703,0.019923436511608703,69.26661874481601,4.037500680709175,14.27178561570434,7.689340363223661,24,24,24
E1_20260824T221028Z_2ba66f02,2ba66f0209fe1cdec97b8cf5862494c22fb94704318f9601a7a1f9eb4b783796,control_gaussian_spatial,constant,rotation_shear,exponential,0.6,9002,unresolved_sum,smooth_separable,,,-1,24,48,5,22,0,2,24,0.5649639465902118,1.7041659480177365e-08,1.7041659480177365e-08,33151932.6065264,3.0575983841507064,7.625115303530599,0.9759372805172353,22,22,22
E1_20260824T221028Z_2ba66f02,2ba66f0209fe1cdec97b8cf5862494c22fb94704318f9601a7a1f9eb4b783796,control_shuffled_delays,constant,rotation_shear,exponential,0.6,9002,resolved,smooth_separable,,,-1,24,288,5,24,5,0,19,1.3066420562634855,0.009879810742804014,0.009879810742804014,132.25375366782018,6.049066701395368,16.185319973603203,10.327653019065771,24,24,24
E1_20260824T221028Z_2ba66f02,2ba66f0209fe1cdec97b8cf5862494c22fb94704318f9601a7a1f9eb4b783796,control_shuffled_delays,constant,rotation_shear,exponential,0.6,9002,unresolved_sum,smooth_separable,,,-1,24,48,5,22,0,2,24,0.8826756664633727,5.2415061698806337e-08,5.2415061698806337e-08,16840114.99472248,3.710860237740015,8.474449996476544,2.8911918176107263,22,22,22
E1_20260824T221028Z_2ba66f02,2ba66f0209fe1cdec97b8cf5862494c22fb94704318f9601a7a1f9eb4b783796,control_duplicate_order,constant,rotation_shear,exponential,0.6,9002,resolved,smooth_separable,,,-1,24,288,5,12,6,12,18,1.2561425585527914,0.0009167570302538363,0.0009167570302538363,1370.2022641756937,5.84415491843809,8.170657308452418,9.221457725463429,12,12,12
E1_20260824T221028Z_2ba66f02,2ba66f0209fe1cdec97b8cf5862494c22fb94704318f9601a7a1f9eb4b783796,control_duplicate_order,constant,rotation_shear,exponential,0.6,9002,unresolved_sum,smooth_separable,,,-1,24,48,5,12,0,12,24,0.9245154312035194,0.000674729166178749,0.000674729166178749,1370.2022641757228,5.844154918438091,8.17065730845241,4.995167418373343,12,12,12
E1_20260824T221028Z_2ba66f02,2ba66f0209fe1cdec97b8cf5862494c22fb94704318f9601a7a1f9eb4b783796,control_zero_amplitude_high,constant,rotation_shear,exponential,0.6,9002,resolved,smooth_separable,,,-1,24,288,5,12,3,12,21,1.0504596045614962,0.0007666456493512071,0.0007666456493512071,1370.2022641757294,5.844154918438089,8.170657308452403,6.448822632619034,12,12,12
E1_20260824T221028Z_2ba66f02,2ba66f0209fe1cdec97b8cf5862494c22fb94704318f9601a7a1f9eb4b783796,control_zero_amplitude_high,constant,rotation_shear,exponential,0.6,9002,unresolved_sum,smooth_separable,,,-1,24,48,5,12,0,12,24,0.4288483377635765,0.00031298177573919726,0.00031298177573919726,1370.2022641756912,5.84415491843809,8.170657308452407,1.0748037721031731,12,12,12
E1_20260824T221028Z_2ba66f02,2ba66f0209fe1cdec97b8cf5862494c22fb94704318f9601a7a1f9eb4b783796,reference_structured,constant,rotation_shear,exponential,0.6,9002,resolved,smooth_separable,,,-1,24,288,5,24,5,0,19,1.3066420562634853,0.009879810742804007,0.009879810742804007,132.25375366782023,6.04906670139537,16.185319973603203,10.327653019065771,24,24,24
E1_20260824T221028Z_2ba66f02,2ba66f0209fe1cdec97b8cf5862494c22fb94704318f9601a7a1f9eb4b783796,reference_structured,constant,rotation_shear,exponential,0.6,9002,unresolved_sum,smooth_separable,,,-1,24,48,5,22,0,2,24,0.8826756664633727,5.2415061698806337e-08,5.2415061698806337e-08,16840114.99472248,3.710860237740015,8.474449996476544,2.8911918176107263,22,22,22
E1_20260824T221028Z_2ba66f02,2ba66f0209fe1cdec97b8cf5862494c22fb94704318f9601a7a1f9eb4b783796,control_gaussian_spatial,constant,rotation_shear,exponential,0.6,9003,resolved,smooth_separable,,,-1,24,288,5,24,3,0,21,1.0851185784152673,0.01669931411969324,0.01669931411969324,64.9798291497256,4.737997005393644,16.314429843833206,5.5789077497576285,24,24,24
E1_20260824T221028Z_2ba66f02,2ba66f0209fe1cdec97b8cf5862494c22fb94704318f9601a7a1f9eb4b783796,control_gaussian_spatial,constant,rotation_shear,exponential,0.6,9003,unresolved_sum,smooth_separable,,,-1,24,48,5,22,0,2,24,0.5074976672599439,2.2741892580722743e-08,2.2741892580722743e-08,22315542.36124246,3.2490671614478317,8.107350028505083,0.8368098612007795,22,22,22
E1_20260824T221028Z_2ba66f02,2ba66f0209fe1cdec97b8cf5862494c22fb94704318f9601a7a1f9eb4b783796,control_shuffled_delays,constant,rotation_shear,exponential,0.6,9003,resolved,smooth_separable,,,-1,24,288,5,24,5,0,19,1.3066420562634855,0.009879810742804015,0.009879810742804015,132.25375366782015,6.049066701395368,16.185319973603203,10.327653019065771,24,24,24
E1_20260824T221028Z_2ba66f02,2ba66f0209fe1cdec97b8cf5862494c22fb94704318f9601a7a1f9eb4b783796,control_shuffled_delays,constant,rotation_shear,exponential,0.6,9003,unresolved_sum,smooth_separable,,,-1,24,48,5,22,0,2,24,0.8826756664633727,5.2415061698806337e-08,5.2415061698806337e-08,16840114.99472248,3.710860237740015,8.474449996476544,2.8911918176107263,22,22,22
E1_20260824T221028Z_2ba66f02,2ba66f0209fe1cdec97b8cf5862494c22fb94704318f9601a7a1f9eb4b783796,control_duplicate_order,constant,rotation_shear,exponential,0.6,9003,resolved,smooth_separable,,,-1,24,288,5,12,6,12,18,1.2561425585527914,0.0009167570302538363,0.0009167570302538363,1370.2022641756937,5.84415491843809,8.170657308452418,9.221457725463429,12,12,12
E1_20260824T221028Z_2ba66f02,2ba66f0209fe1cdec97b8cf5862494c22fb94704318f9601a7a1f9eb4b783796,control_duplicate_order,constant,rotation_shear,exponential,0.6,9003,unresolved_sum,smooth_separable,,,-1,24,48,5,12,0,12,24,0.9245154312035194,0.000674729166178749,0.000674729166178749,1370.2022641757228,5.844154918438091,8.17065730845241,4.995167418373343,12,12,12
E1_20260824T221028Z_2ba66f02,2ba66f0209fe1cdec97b8cf5862494c22fb94704318f9601a7a1f9eb4b783796,control_zero_amplitude_high,constant,rotation_shear,exponential,0.6,9003,resolved,smooth_separable,,,-1,24,288,5,12,3,12,21,1.0504596045614962,0.0007666456493512071,0.0007666456493512071,1370.2022641757294,5.844154918438089,8.170657308452403,6.448822632619034,12,12,12
E1_20260824T221028Z_2ba66f02,2ba66f0209fe1cdec97b8cf5862494c22fb94704318f9601a7a1f9eb4b783796,control_zero_amplitude_high,constant,rotation_shear,exponential,0.6,9003,unresolved_sum,smooth_separable,,,-1,24,48,5,12,0,12,24,0.4288483377635765,0.00031298177573919726,0.00031298177573919726,1370.2022641756912,5.84415491843809,8.170657308452407,1.0748037721031731,12,12,12
E1_20260824T221028Z_2ba66f02,2ba66f0209fe1cdec97b8cf5862494c22fb94704318f9601a7a1f9eb4b783796,reference_structured,constant,rotation_shear,exponential,0.6,9003,resolved,smooth_separable,,,-1,24,288,5,24,5,0,19,1.3066420562634853,0.009879810742804007,0.009879810742804007,132.25375366782023,6.04906670139537,16.185319973603203,10.327653019065771,24,24,24
E1_20260824T221028Z_2ba66f02,2ba66f0209fe1cdec97b8cf5862494c22fb94704318f9601a7a1f9eb4b783796,reference_structured,constant,rotation_shear,exponential,0.6,9003,unresolved_sum,smooth_separable,,,-1,24,48,5,22,0,2,24,0.8826756664633727,5.2415061698806337e-08,5.2415061698806337e-08,16840114.99472248,3.710860237740015,8.474449996476544,2.8911918176107263,22,22,22
E1_20260824T221028Z_2ba66f02,2ba66f0209fe1cdec97b8cf5862494c22fb94704318f9601a7a1f9eb4b783796,control_gaussian_spatial,constant,rotation_shear,exponential,0.6,9004,resolved,smooth_separable,,,-1,24,288,5,24,2,0,22,1.0284391460078683,0.01985554976981253,0.01985554976981253,51.79605490307099,5.492851396611616,15.60007094074859,5.8097179383048765,24,24,24
E1_20260824T221028Z_2ba66f02,2ba66f0209fe1cdec97b8cf5862494c22fb94704318f9601a7a1f9eb4b783796,control_gaussian_spatial,constant,rotation_shear,exponential,0.6,9004,unresolved_sum,smooth_separable,,,-1,24,48,5,22,0,2,24,0.5205139766617032,1.4978896680082894e-08,1.4978896680082894e-08,34749820.88325765,3.5170119617637474,8.502117439527018,0.9528809321070008,22,22,22
E1_20260824T221028Z_2ba66f02,2ba66f0209fe1cdec97b8cf5862494c22fb94704318f9601a7a1f9eb4b783796,control_shuffled_delays,constant,rotation_shear,exponential,0.6,9004,resolved,smooth_separable,,,-1,24,288,5,24,5,0,19,1.3066420562634855,0.009879810742803993,0.009879810742803993,132.25375366782046,6.0490667013953665,16.185319973603203,10.32765301906577,24,24,24
E1_20260824T221028Z_2ba66f02,2ba66f0209fe1cdec97b8cf5862494c22fb94704318f9601a7a1f9eb4b783796,control_shuffled_delays,constant,rotation_shear,exponential,0.6,9004,unresolved_sum,smooth_separable,,,-1,24,48,5,22,0,2,24,0.8826756664633727,5.2415061698806337e-08,5.2415061698806337e-08,16840114.99472248,3.710860237740015,8.474449996476544,2.8911918176107263,22,22,22
E1_20260824T221028Z_2ba66f02,2ba66f0209fe1cdec97b8cf5862494c22fb94704318f9601a7a1f9eb4b783796,control_duplicate_order,constant,rotation_shear,exponential,0.6,9004,resolved,smooth_separable,,,-1,24,288,5,12,6,12,18,1.2561425585527914,0.0009167570302538363,0.0009167570302538363,1370.2022641756937,5.84415491843809,8.170657308452418,9.221457725463429,12,12,12
E1_20260824T221028Z_2ba66f02,2ba66f0209fe1cdec97b8cf5862494c22fb94704318f9601a7a1f9eb4b783796,control_duplicate_order,constant,rotation_shear,exponential,0.6,9004,unresolved_sum,smooth_separable,,,-1,24,48,5,12,0,12,24,0.9245154312035194,0.000674729166178749,0.000674729166178749,1370.2022641757228,5.844154918438091,8.17065730845241,4.995167418373343,12,12,12
E1_20260824T221028Z_2ba66f02,2ba66f0209fe1cdec97b8cf5862494c22fb94704318f9601a7a1f9eb4b783796,control_zero_amplitude_high,constant,rotation_shear,exponential,0.6,9004,resolved,smooth_separable,,,-1,24,288,5,12,3,12,21,1.0504596045614962,0.0007666456493512071,0.0007666456493512071,1370.2022641757294,5.844154918438089,8.170657308452403,6.448822632619034,12,12,12
E1_20260824T221028Z_2ba66f02,2ba66f0209fe1cdec97b8cf5862494c22fb94704318f9601a7a1f9eb4b783796,control_zero_amplitude_high,constant,rotation_shear,exponential,0.6,9004,unresolved_sum,smooth_separable,,,-1,24,48,5,12,0,12,24,0.4288483377635765,0.00031298177573919726,0.00031298177573919726,1370.2022641756912,5.84415491843809,8.170657308452407,1.0748037721031731,12,12,12
E1_20260824T221028Z_2ba66f02,2ba66f0209fe1cdec97b8cf5862494c22fb94704318f9601a7a1f9eb4b783796,reference_structured,constant,rotation_shear,exponential,0.6,9004,resolved,smooth_separable,,,-1,24,288,5,24,5,0,19,1.3066420562634853,0.009879810742804007,0.009879810742804007,132.25375366782023,6.04906670139537,16.185319973603203,10.327653019065771,24,24,24
E1_20260824T221028Z_2ba66f02,2ba66f0209fe1cdec97b8cf5862494c22fb94704318f9601a7a1f9eb4b783796,reference_structured,constant,rotation_shear,exponential,0.6,9004,unresolved_sum,smooth_separable,,,-1,24,48,5,22,0,2,24,0.8826756664633727,5.2415061698806337e-08,5.2415061698806337e-08,16840114.99472248,3.710860237740015,8.474449996476544,2.8911918176107263,22,22,22
E1_20260824T221028Z_2ba66f02,2ba66f0209fe1cdec97b8cf5862494c22fb94704318f9601a7a1f9eb4b783796,control_gaussian_spatial,constant,rotation_shear,exponential,0.6,9005,resolved,smooth_separable,,,-1,24,288,5,24,0,0,24,0.981783645528629,0.013688174740120698,0.013688174740120698,71.72494975907736,5.132022277983902,17.31126718289966,4.946751791581477,24,24,24
E1_20260824T221028Z_2ba66f02,2ba66f0209fe1cdec97b8cf5862494c22fb94704318f9601a7a1f9eb4b783796,control_gaussian_spatial,constant,rotation_shear,exponential,0.6,9005,unresolved_sum,smooth_separable,,,-1,24,48,5,22,0,2,24,0.45002725952713174,6.105541468566995e-09,6.105541468566995e-09,73708001.46784617,3.5605172063349713,8.5320811500234,0.7210920891424375,22,22,22
E1_20260824T221028Z_2ba66f02,2ba66f0209fe1cdec97b8cf5862494c22fb94704318f9601a7a1f9eb4b783796,control_shuffled_delays,constant,rotation_shear,exponential,0.6,9005,resolved,smooth_separable,,,-1,24,288,5,24,5,0,19,1.3066420562634855,0.009879810742803995,0.009879810742803995,132.25375366782043,6.049066701395368,16.185319973603203,10.327653019065771,24,24,24
E1_20260824T221028Z_2ba66f02,2ba66f0209fe1cdec97b8cf5862494c22fb94704318f9601a7a1f9eb4b783796,control_shuffled_delays,constant,rotation_shear,exponential,0.6,9005,unresolved_sum,smooth_separable,,,-1,24,48,5,22,0,2,24,0.8826756664633727,5.2415061698806337e-08,5.2415061698806337e-08,16840114.99472248,3.710860237740015,8.474449996476544,2.8911918176107263,22,22,22
E1_20260824T221028Z_2ba66f02,2ba66f0209fe1cdec97b8cf5862494c22fb94704318f9601a7a1f9eb4b783796,control_duplicate_order,constant,rotation_shear,exponential,0.6,9005,resolved,smooth_separable,,,-1,24,288,5,12,6,12,18,1.2561425585527914,0.0009167570302538363,0.0009167570302538363,1370.2022641756937,5.84415491843809,8.170657308452418,9.221457725463429,12,12,12
E1_20260824T221028Z_2ba66f02,2ba66f0209fe1cdec97b8cf5862494c22fb94704318f9601a7a1f9eb4b783796,control_duplicate_order,constant,rotation_shear,exponential,0.6,9005,unresolved_sum,smooth_separable,,,-1,24,48,5,12,0,12,24,0.9245154312035194,0.000674729166178749,0.000674729166178749,1370.2022641757228,5.844154918438091,8.17065730845241,4.995167418373343,12,12,12
E1_20260824T221028Z_2ba66f02,2ba66f0209fe1cdec97b8cf5862494c22fb94704318f9601a7a1f9eb4b783796,control_zero_amplitude_high,constant,rotation_shear,exponential,0.6,9005,resolved,smooth_separable,,,-1,24,288,5,12,3,12,21,1.0504596045614962,0.0007666456493512071,0.0007666456493512071,1370.2022641757294,5.844154918438089,8.170657308452403,6.448822632619034,12,12,12
E1_20260824T221028Z_2ba66f02,2ba66f0209fe1cdec97b8cf5862494c22fb94704318f9601a7a1f9eb4b783796,control_zero_amplitude_high,constant,rotation_shear,exponential,0.6,9005,unresolved_sum,smooth_separable,,,-1,24,48,5,12,0,12,24,0.4288483377635765,0.00031298177573919726,0.00031298177573919726,1370.2022641756912,5.84415491843809,8.170657308452407,1.0748037721031731,12,12,12
E1_20260824T221028Z_2ba66f02,2ba66f0209fe1cdec97b8cf5862494c22fb94704318f9601a7a1f9eb4b783796,reference_structured,constant,rotation_shear,exponential,0.6,9005,resolved,smooth_separable,,,-1,24,288,5,24,5,0,19,1.3066420562634853,0.009879810742804007,0.009879810742804007,132.25375366782023,6.04906670139537,16.185319973603203,10.327653019065771,24,24,24
E1_20260824T221028Z_2ba66f02,2ba66f0209fe1cdec97b8cf5862494c22fb94704318f9601a7a1f9eb4b783796,reference_structured,constant,rotation_shear,exponential,0.6,9005,unresolved_sum,smooth_separable,,,-1,24,48,5,22,0,2,24,0.8826756664633727,5.2415061698806337e-08,5.2415061698806337e-08,16840114.99472248,3.710860237740015,8.474449996476544,2.8911918176107263,22,22,22
E1_20260824T221028Z_2ba66f02,2ba66f0209fe1cdec97b8cf5862494c22fb94704318f9601a7a1f9eb4b783796,control_gaussian_spatial,constant,rotation_shear,exponential,0.6,9006,resolved,smooth_separable,,,-1,24,288,5,24,3,0,21,1.1926509091571265,0.008570586444767698,0.008570586444767698,139.15627790969125,4.566488031974837,15.4357620974815,6.49544651320621,24,24,24
E1_20260824T221028Z_2ba66f02,2ba66f0209fe1cdec97b8cf5862494c22fb94704318f9601a7a1f9eb4b783796,control_gaussian_spatial,constant,rotation_shear,exponential,0.6,9006,unresolved_sum,smooth_separable,,,-1,24,48,5,22,0,2,24,0.48959488156271813,1.6191126216998098e-08,1.6191126216998098e-08,30238469.82606569,3.091339438835901,7.849537542148535,0.7410037951875422,22,22,22
E1_20260824T221028Z_2ba66f02,2ba66f0209fe1cdec97b8cf5862494c22fb94704318f9601a7a1f9eb4b783796,control_shuffled_delays,constant,rotation_shear,exponential,0.6,9006,resolved,smooth_separable,,,-1,24,288,5,24,5,0,19,1.3066420562634855,0.009879810742803996,0.009879810742803996,132.2537536678204,6.049066701395368,16.18531997360321,10.327653019065771,24,24,24
E1_20260824T221028Z_2ba66f02,2ba66f0209fe1cdec97b8cf5862494c22fb94704318f9601a7a1f9eb4b783796,control_shuffled_delays,constant,rotation_shear,exponential,0.6,9006,unresolved_sum,smooth_separable,,,-1,24,48,5,22,0,2,24,0.8826756664633727,5.2415061698806337e-08,5.2415061698806337e-08,16840114.99472248,3.710860237740015,8.474449996476544,2.8911918176107263,22,22,22
E1_20260824T221028Z_2ba66f02,2ba66f0209fe1cdec97b8cf5862494c22fb94704318f9601a7a1f9eb4b783796,control_duplicate_order,constant,rotation_shear,exponential,0.6,9006,resolved,smooth_separable,,,-1,24,288,5,12,6,12,18,1.2561425585527914,0.0009167570302538363,0.0009167570302538363,1370.2022641756937,5.84415491843809,8.170657308452418,9.221457725463429,12,12,12
E1_20260824T221028Z_2ba66f02,2ba66f0209fe1cdec97b8cf5862494c22fb94704318f9601a7a1f9eb4b783796,control_duplicate_order,constant,rotation_shear,exponential,0.6,9006,unresolved_sum,smooth_separable,,,-1,24,48,5,12,0,12,24,0.9245154312035194,0.000674729166178749,0.000674729166178749,1370.2022641757228,5.844154918438091,8.17065730845241,4.995167418373343,12,12,12
E1_20260824T221028Z_2ba66f02,2ba66f0209fe1cdec97b8cf5862494c22fb94704318f9601a7a1f9eb4b783796,control_zero_amplitude_high,constant,rotation_shear,exponential,0.6,9006,resolved,smooth_separable,,,-1,24,288,5,12,3,12,21,1.0504596045614962,0.0007666456493512071,0.0007666456493512071,1370.2022641757294,5.844154918438089,8.170657308452403,6.448822632619034,12,12,12
E1_20260824T221028Z_2ba66f02,2ba66f0209fe1cdec97b8cf5862494c22fb94704318f9601a7a1f9eb4b783796,control_zero_amplitude_high,constant,rotation_shear,exponential,0.6,9006,unresolved_sum,smooth_separable,,,-1,24,48,5,12,0,12,24,0.4288483377635765,0.00031298177573919726,0.00031298177573919726,1370.2022641756912,5.84415491843809,8.170657308452407,1.0748037721031731,12,12,12
E1_20260824T221028Z_2ba66f02,2ba66f0209fe1cdec97b8cf5862494c22fb94704318f9601a7a1f9eb4b783796,reference_structured,constant,rotation_shear,exponential,0.6,9006,resolved,smooth_separable,,,-1,24,288,5,24,5,0,19,1.3066420562634853,0.009879810742804007,0.009879810742804007,132.25375366782023,6.04906670139537,16.185319973603203,10.327653019065771,24,24,24
E1_20260824T221028Z_2ba66f02,2ba66f0209fe1cdec97b8cf5862494c22fb94704318f9601a7a1f9eb4b783796,reference_structured,constant,rotation_shear,exponential,0.6,9006,unresolved_sum,smooth_separable,,,-1,24,48,5,22,0,2,24,0.8826756664633727,5.2415061698806337e-08,5.2415061698806337e-08,16840114.99472248,3.710860237740015,8.474449996476544,2.8911918176107263,22,22,22
E1_20260824T221028Z_2ba66f02,2ba66f0209fe1cdec97b8cf5862494c22fb94704318f9601a7a1f9eb4b783796,control_gaussian_spatial,constant,rotation_shear,exponential,0.6,9007,resolved,smooth_separable,,,-1,24,288,5,24,0,0,24,0.5968404488210195,0.010924251600586122,0.010924251600586122,54.63444734182038,6.910890943926834,16.975381058477996,2.4617873532489547,24,24,24
E1_20260824T221028Z_2ba66f02,2ba66f0209fe1cdec97b8cf5862494c22fb94704318f9601a7a1f9eb4b783796,control_gaussian_spatial,constant,rotation_shear,exponential,0.6,9007,unresolved_sum,smooth_separable,,,-1,24,48,5,22,0,2,24,0.2830571945073407,6.025884982930454e-09,6.025884982930454e-09,46973547.50533039,3.787806037143487,8.388631804044634,0.30348422930181124,22,22,22
E1_20260824T221028Z_2ba66f02,2ba66f0209fe1cdec97b8cf5862494c22fb94704318f9601a7a1f9eb4b783796,control_shuffled_delays,constant,rotation_shear,exponential,0.6,9007,resolved,smooth_separable,,,-1,24,288,5,24,5,0,19,1.3066420562634855,0.009879810742803993,0.009879810742803993,132.25375366782046,6.0490667013953665,16.185319973603203,10.32765301906577,24,24,24
E1_20260824T221028Z_2ba66f02,2ba66f0209fe1cdec97b8cf5862494c22fb94704318f9601a7a1f9eb4b783796,control_shuffled_delays,constant,rotation_shear,exponential,0.6,9007,unresolved_sum,smooth_separable,,,-1,24,48,5,22,0,2,24,0.8826756664633727,5.2415061698806337e-08,5.2415061698806337e-08,16840114.99472248,3.710860237740015,8.474449996476544,2.8911918176107263,22,22,22
E1_20260824T221028Z_2ba66f02,2ba66f0209fe1cdec97b8cf5862494c22fb94704318f9601a7a1f9eb4b783796,control_duplicate_order,constant,rotation_shear,exponential,0.6,9007,resolved,smooth_separable,,,-1,24,288,5,12,6,12,18,1.2561425585527914,0.0009167570302538363,0.0009167570302538363,1370.2022641756937,5.84415491843809,8.170657308452418,9.221457725463429,12,12,12
E1_20260824T221028Z_2ba66f02,2ba66f0209fe1cdec97b8cf5862494c22fb94704318f9601a7a1f9eb4b783796,control_duplicate_order,constant,rotation_shear,exponential,0.6,9007,unresolved_sum,smooth_separable,,,-1,24,48,5,12,0,12,24,0.9245154312035194,0.000674729166178749,0.000674729166178749,1370.2022641757228,5.844154918438091,8.17065730845241,4.995167418373343,12,12,12
E1_20260824T221028Z_2ba66f02,2ba66f0209fe1cdec97b8cf5862494c22fb94704318f9601a7a1f9eb4b783796,control_zero_amplitude_high,constant,rotation_shear,exponential,0.6,9007,resolved,smooth_separable,,,-1,24,288,5,12,3,12,21,1.0504596045614962,0.0007666456493512071,0.0007666456493512071,1370.2022641757294,5.844154918438089,8.170657308452403,6.448822632619034,12,12,12
E1_20260824T221028Z_2ba66f02,2ba66f0209fe1cdec97b8cf5862494c22fb94704318f9601a7a1f9eb4b783796,control_zero_amplitude_high,constant,rotation_shear,exponential,0.6,9007,unresolved_sum,smooth_separable,,,-1,24,48,5,12,0,12,24,0.4288483377635765,0.00031298177573919726,0.00031298177573919726,1370.2022641756912,5.84415491843809,8.170657308452407,1.0748037721031731,12,12,12
E1_20260824T221028Z_2ba66f02,2ba66f0209fe1cdec97b8cf5862494c22fb94704318f9601a7a1f9eb4b783796,reference_structured,constant,rotation_shear,exponential,0.6,9007,resolved,smooth_separable,,,-1,24,288,5,24,5,0,19,1.3066420562634853,0.009879810742804007,0.009879810742804007,132.25375366782023,6.04906670139537,16.185319973603203,10.327653019065771,24,24,24
E1_20260824T221028Z_2ba66f02,2ba66f0209fe1cdec97b8cf5862494c22fb94704318f9601a7a1f9eb4b783796,reference_structured,constant,rotation_shear,exponential,0.6,9007,unresolved_sum,smooth_separable,,,-1,24,48,5,22,0,2,24,0.8826756664633727,5.2415061698806337e-08,5.2415061698806337e-08,16840114.99472248,3.710860237740015,8.474449996476544,2.8911918176107263,22,22,22
E1_20260824T221028Z_2ba66f02,2ba66f0209fe1cdec97b8cf5862494c22fb94704318f9601a7a1f9eb4b783796,control_gaussian_spatial,constant,rotation_shear,exponential,0.6,9008,resolved,smooth_separable,,,-1,24,288,5,24,3,0,21,1.078469969347848,0.022106766900425928,0.022106766900425928,48.78460854115529,4.5642051339369125,16.51652497015942,5.308615465683431,24,24,24
E1_20260824T221028Z_2ba66f02,2ba66f0209fe1cdec97b8cf5862494c22fb94704318f9601a7a1f9eb4b783796,control_gaussian_spatial,constant,rotation_shear,exponential,0.6,9008,unresolved_sum,smooth_separable,,,-1,24,48,5,22,0,2,24,0.536419598036189,1.525672059494685e-09,1.525672059494685e-09,351595609.74974895,3.665084910940042,8.216113298449832,1.0546134683836217,21,22,22
E1_20260824T221028Z_2ba66f02,2ba66f0209fe1cdec97b8cf5862494c22fb94704318f9601a7a1f9eb4b783796,control_shuffled_delays,constant,rotation_shear,exponential,0.6,9008,resolved,smooth_separable,,,-1,24,288,5,24,5,0,19,1.3066420562634857,0.009879810742804002,0.009879810742804002,132.25375366782035,6.0490667013953665,16.185319973603203,10.327653019065771,24,24,24
E1_20260824T221028Z_2ba66f02,2ba66f0209fe1cdec97b8cf5862494c22fb94704318f9601a7a1f9eb4b783796,control_shuffled_delays,constant,rotation_shear,exponential,0.6,9008,unresolved_sum,smooth_separable,,,-1,24,48,5,22,0,2,24,0.8826756664633727,5.2415061698806337e-08,5.2415061698806337e-08,16840114.99472248,3.710860237740015,8.474449996476544,2.8911918176107263,22,22,22
E1_20260824T221028Z_2ba66f02,2ba66f0209fe1cdec97b8cf5862494c22fb94704318f9601a7a1f9eb4b783796,control_duplicate_order,constant,rotation_shear,exponential,0.6,9008,resolved,smooth_separable,,,-1,24,288,5,12,6,12,18,1.2561425585527914,0.0009167570302538363,0.0009167570302538363,1370.2022641756937,5.84415491843809,8.170657308452418,9.221457725463429,12,12,12
E1_20260824T221028Z_2ba66f02,2ba66f0209fe1cdec97b8cf5862494c22fb94704318f9601a7a1f9eb4b783796,control_duplicate_order,constant,rotation_shear,exponential,0.6,9008,unresolved_sum,smooth_separable,,,-1,24,48,5,12,0,12,24,0.9245154312035194,0.000674729166178749,0.000674729166178749,1370.2022641757228,5.844154918438091,8.17065730845241,4.995167418373343,12,12,12
E1_20260824T221028Z_2ba66f02,2ba66f0209fe1cdec97b8cf5862494c22fb94704318f9601a7a1f9eb4b783796,control_zero_amplitude_high,constant,rotation_shear,exponential,0.6,9008,resolved,smooth_separable,,,-1,24,288,5,12,3,12,21,1.0504596045614962,0.0007666456493512071,0.0007666456493512071,1370.2022641757294,5.844154918438089,8.170657308452403,6.448822632619034,12,12,12
E1_20260824T221028Z_2ba66f02,2ba66f0209fe1cdec97b8cf5862494c22fb94704318f9601a7a1f9eb4b783796,control_zero_amplitude_high,constant,rotation_shear,exponential,0.6,9008,unresolved_sum,smooth_separable,,,-1,24,48,5,12,0,12,24,0.4288483377635765,0.00031298177573919726,0.00031298177573919726,1370.2022641756912,5.84415491843809,8.170657308452407,1.0748037721031731,12,12,12
E1_20260824T221028Z_2ba66f02,2ba66f0209fe1cdec97b8cf5862494c22fb94704318f9601a7a1f9eb4b783796,reference_structured,constant,rotation_shear,exponential,0.6,9008,resolved,smooth_separable,,,-1,24,288,5,24,5,0,19,1.3066420562634853,0.009879810742804007,0.009879810742804007,132.25375366782023,6.04906670139537,16.185319973603203,10.327653019065771,24,24,24
E1_20260824T221028Z_2ba66f02,2ba66f0209fe1cdec97b8cf5862494c22fb94704318f9601a7a1f9eb4b783796,reference_structured,constant,rotation_shear,exponential,0.6,9008,unresolved_sum,smooth_separable,,,-1,24,48,5,22,0,2,24,0.8826756664633727,5.2415061698806337e-08,5.2415061698806337e-08,16840114.99472248,3.710860237740015,8.474449996476544,2.8911918176107263,22,22,22
E1_20260824T221028Z_2ba66f02,2ba66f0209fe1cdec97b8cf5862494c22fb94704318f9601a7a1f9eb4b783796,control_gaussian_spatial,constant,rotation_shear,exponential,0.6,9009,resolved,smooth_separable,,,-1,24,288,5,24,3,0,21,1.0678725285191277,0.022957940957812534,0.022957940957812534,46.514298929570735,5.563339197010647,16.281400645526535,6.3441635177538735,24,24,24
E1_20260824T221028Z_2ba66f02,2ba66f0209fe1cdec97b8cf5862494c22fb94704318f9601a7a1f9eb4b783796,control_gaussian_spatial,constant,rotation_shear,exponential,0.6,9009,unresolved_sum,smooth_separable,,,-1,24,48,5,22,0,2,24,0.5254174616990505,2.383557334240746e-08,2.383557334240746e-08,22043416.12224805,4.0280460714700865,8.303604242578446,1.1119965331384238,22,22,22
E1_20260824T221028Z_2ba66f02,2ba66f0209fe1cdec97b8cf5862494c22fb94704318f9601a7a1f9eb4b783796,control_shuffled_delays,constant,rotation_shear,exponential,0.6,9009,resolved,smooth_separable,,,-1,24,288,5,24,5,0,19,1.3066420562634855,0.009879810742803995,0.009879810742803995,132.25375366782043,6.049066701395369,16.18531997360321,10.327653019065773,24,24,24
E1_20260824T221028Z_2ba66f02,2ba66f0209fe1cdec97b8cf5862494c22fb94704318f9601a7a1f9eb4b783796,control_shuffled_delays,constant,rotation_shear,exponential,0.6,9009,unresolved_sum,smooth_separable,,,-1,24,48,5,22,0,2,24,0.8826756664633727,5.2415061698806337e-08,5.2415061698806337e-08,16840114.99472248,3.710860237740015,8.474449996476544,2.8911918176107263,22,22,22
E1_20260824T221028Z_2ba66f02,2ba66f0209fe1cdec97b8cf5862494c22fb94704318f9601a7a1f9eb4b783796,control_duplicate_order,constant,rotation_shear,exponential,0.6,9009,resolved,smooth_separable,,,-1,24,288,5,12,6,12,18,1.2561425585527914,0.0009167570302538363,0.0009167570302538363,1370.2022641756937,5.84415491843809,8.170657308452418,9.221457725463429,12,12,12
E1_20260824T221028Z_2ba66f02,2ba66f0209fe1cdec97b8cf5862494c22fb94704318f9601a7a1f9eb4b783796,control_duplicate_order,constant,rotation_shear,exponential,0.6,9009,unresolved_sum,smooth_separable,,,-1,24,48,5,12,0,12,24,0.9245154312035194,0.000674729166178749,0.000674729166178749,1370.2022641757228,5.844154918438091,8.17065730845241,4.995167418373343,12,12,12
E1_20260824T221028Z_2ba66f02,2ba66f0209fe1cdec97b8cf5862494c22fb94704318f9601a7a1f9eb4b783796,control_zero_amplitude_high,constant,rotation_shear,exponential,0.6,9009,resolved,smooth_separable,,,-1,24,288,5,12,3,12,21,1.0504596045614962,0.0007666456493512071,0.0007666456493512071,1370.2022641757294,5.844154918438089,8.170657308452403,6.448822632619034,12,12,12
E1_20260824T221028Z_2ba66f02,2ba66f0209fe1cdec97b8cf5862494c22fb94704318f9601a7a1f9eb4b783796,control_zero_amplitude_high,constant,rotation_shear,exponential,0.6,9009,unresolved_sum,smooth_separable,,,-1,24,48,5,12,0,12,24,0.4288483377635765,0.00031298177573919726,0.00031298177573919726,1370.2022641756912,5.84415491843809,8.170657308452407,1.0748037721031731,12,12,12
E1_20260824T221028Z_2ba66f02,2ba66f0209fe1cdec97b8cf5862494c22fb94704318f9601a7a1f9eb4b783796,reference_structured,constant,rotation_shear,exponential,0.6,9009,resolved,smooth_separable,,,-1,24,288,5,24,5,0,19,1.3066420562634853,0.009879810742804007,0.009879810742804007,132.25375366782023,6.04906670139537,16.185319973603203,10.327653019065771,24,24,24
E1_20260824T221028Z_2ba66f02,2ba66f0209fe1cdec97b8cf5862494c22fb94704318f9601a7a1f9eb4b783796,reference_structured,constant,rotation_shear,exponential,0.6,9009,unresolved_sum,smooth_separable,,,-1,24,48,5,22,0,2,24,0.8826756664633727,5.2415061698806337e-08,5.2415061698806337e-08,16840114.99472248,3.710860237740015,8.474449996476544,2.8911918176107263,22,22,22
E1_20260824T221028Z_2ba66f02,2ba66f0209fe1cdec97b8cf5862494c22fb94704318f9601a7a1f9eb4b783796,control_gaussian_spatial,constant,rotation_shear,exponential,0.6,9010,resolved,smooth_separable,,,-1,24,288,5,24,3,0,21,1.0407154849878306,0.012936506172950092,0.012936506172950092,80.4479564323125,6.021284885740196,16.59471527476734,6.521585743827188,24,24,24
E1_20260824T221028Z_2ba66f02,2ba66f0209fe1cdec97b8cf5862494c22fb94704318f9601a7a1f9eb4b783796,control_gaussian_spatial,constant,rotation_shear,exponential,0.6,9010,unresolved_sum,smooth_separable,,,-1,24,48,5,22,0,2,24,0.45827923169566315,2.9761479284735427e-08,2.9761479284735427e-08,15398402.321040312,5.064487039971424,8.63646090521639,1.0636428297506546,22,22,22
E1_20260824T221028Z_2ba66f02,2ba66f0209fe1cdec97b8cf5862494c22fb94704318f9601a7a1f9eb4b783796,control_shuffled_delays,constant,rotation_shear,exponential,0.6,9010,resolved,smooth_separable,,,-1,24,288,5,24,5,0,19,1.3066420562634857,0.009879810742803998,0.009879810742803998,132.2537536678204,6.049066701395368,16.185319973603196,10.327653019065774,24,24,24
E1_20260824T221028Z_2ba66f02,2ba66f0209fe1cdec97b8cf5862494c22fb94704318f9601a7a1f9eb4b783796,control_shuffled_delays,constant,rotation_shear,exponential,0.6,9010,unresolved_sum,smooth_separable,,,-1,24,48,5,22,0,2,24,0.8826756664633727,5.2415061698806337e-08,5.2415061698806337e-08,16840114.99472248,3.710860237740015,8.474449996476544,2.8911918176107263,22,22,22
E1_20260824T221028Z_2ba66f02,2ba66f0209fe1cdec97b8cf5862494c22fb94704318f9601a7a1f9eb4b783796,control_duplicate_order,constant,rotation_shear,exponential,0.6,9010,resolved,smooth_separable,,,-1,24,288,5,12,6,12,18,1.2561425585527914,0.0009167570302538363,0.0009167570302538363,1370.2022641756937,5.84415491843809,8.170657308452418,9.221457725463429,12,12,12
E1_20260824T221028Z_2ba66f02,2ba66f0209fe1cdec97b8cf5862494c22fb94704318f9601a7a1f9eb4b783796,control_duplicate_order,constant,rotation_shear,exponential,0.6,9010,unresolved_sum,smooth_separable,,,-1,24,48,5,12,0,12,24,0.9245154312035194,0.000674729166178749,0.000674729166178749,1370.2022641757228,5.844154918438091,8.17065730845241,4.995167418373343,12,12,12
E1_20260824T221028Z_2ba66f02,2ba66f0209fe1cdec97b8cf5862494c22fb94704318f9601a7a1f9eb4b783796,control_zero_amplitude_high,constant,rotation_shear,exponential,0.6,9010,resolved,smooth_separable,,,-1,24,288,5,12,3,12,21,1.0504596045614962,0.0007666456493512071,0.0007666456493512071,1370.2022641757294,5.844154918438089,8.170657308452403,6.448822632619034,12,12,12
E1_20260824T221028Z_2ba66f02,2ba66f0209fe1cdec97b8cf5862494c22fb94704318f9601a7a1f9eb4b783796,control_zero_amplitude_high,constant,rotation_shear,exponential,0.6,9010,unresolved_sum,smooth_separable,,,-1,24,48,5,12,0,12,24,0.4288483377635765,0.00031298177573919726,0.00031298177573919726,1370.2022641756912,5.84415491843809,8.170657308452407,1.0748037721031731,12,12,12
E1_20260824T221028Z_2ba66f02,2ba66f0209fe1cdec97b8cf5862494c22fb94704318f9601a7a1f9eb4b783796,reference_structured,constant,rotation_shear,exponential,0.6,9010,resolved,smooth_separable,,,-1,24,288,5,24,5,0,19,1.3066420562634853,0.009879810742804007,0.009879810742804007,132.25375366782023,6.04906670139537,16.185319973603203,10.327653019065771,24,24,24
E1_20260824T221028Z_2ba66f02,2ba66f0209fe1cdec97b8cf5862494c22fb94704318f9601a7a1f9eb4b783796,reference_structured,constant,rotation_shear,exponential,0.6,9010,unresolved_sum,smooth_separable,,,-1,24,48,5,22,0,2,24,0.8826756664633727,5.2415061698806337e-08,5.2415061698806337e-08,16840114.99472248,3.710860237740015,8.474449996476544,2.8911918176107263,22,22,22
E1_20260824T221028Z_2ba66f02,2ba66f0209fe1cdec97b8cf5862494c22fb94704318f9601a7a1f9eb4b783796,control_gaussian_spatial,constant,rotation_shear,exponential,0.6,9011,resolved,smooth_separable,,,-1,24,288,5,24,2,0,22,1.0946283488416777,0.020666045561258076,0.020666045561258076,52.967479704667824,6.244247294421018,16.923597031944148,7.481927181667006,24,24,24
E1_20260824T221028Z_2ba66f02,2ba66f0209fe1cdec97b8cf5862494c22fb94704318f9601a7a1f9eb4b783796,control_gaussian_spatial,constant,rotation_shear,exponential,0.6,9011,unresolved_sum,smooth_separable,,,-1,24,48,5,22,0,2,24,0.459056253065968,5.842489866415946e-08,5.842489866415946e-08,7857202.383948239,4.862626554859035,8.946798108230029,1.024714148156462,22,22,22
E1_20260824T221028Z_2ba66f02,2ba66f0209fe1cdec97b8cf5862494c22fb94704318f9601a7a1f9eb4b783796,control_shuffled_delays,constant,rotation_shear,exponential,0.6,9011,resolved,smooth_separable,,,-1,24,288,5,24,5,0,19,1.3066420562634853,0.009879810742804005,0.009879810742804005,132.25375366782026,6.04906670139537,16.185319973603203,10.327653019065771,24,24,24
E1_20260824T221028Z_2ba66f02,2ba66f0209fe1cdec97b8cf5862494c22fb94704318f9601a7a1f9eb4b783796,control_shuffled_delays,constant,rotation_shear,exponential,0.6,9011,unresolved_sum,smooth_separable,,,-1,24,48,5,22,0,2,24,0.8826756664633727,5.2415061698806337e-08,5.2415061698806337e-08,16840114.99472248,3.710860237740015,8.474449996476544,2.8911918176107263,22,22,22
E1_20260824T221028Z_2ba66f02,2ba66f0209fe1cdec97b8cf5862494c22fb94704318f9601a7a1f9eb4b783796,control_duplicate_order,constant,rotation_shear,exponential,0.6,9011,resolved,smooth_separable,,,-1,24,288,5,12,6,12,18,1.2561425585527914,0.0009167570302538363,0.0009167570302538363,1370.2022641756937,5.84415491843809,8.170657308452418,9.221457725463429,12,12,12
E1_20260824T221028Z_2ba66f02,2ba66f0209fe1cdec97b8cf5862494c22fb94704318f9601a7a1f9eb4b783796,control_duplicate_order,constant,rotation_shear,exponential,0.6,9011,unresolved_sum,smooth_separable,,,-1,24,48,5,12,0,12,24,0.9245154312035194,0.000674729166178749,0.000674729166178749,1370.2022641757228,5.844154918438091,8.17065730845241,4.995167418373343,12,12,12
E1_20260824T221028Z_2ba66f02,2ba66f0209fe1cdec97b8cf5862494c22fb94704318f9601a7a1f9eb4b783796,control_zero_amplitude_high,constant,rotation_shear,exponential,0.6,9011,resolved,smooth_separable,,,-1,24,288,5,12,3,12,21,1.0504596045614962,0.0007666456493512071,0.0007666456493512071,1370.2022641757294,5.844154918438089,8.170657308452403,6.448822632619034,12,12,12
E1_20260824T221028Z_2ba66f02,2ba66f0209fe1cdec97b8cf5862494c22fb94704318f9601a7a1f9eb4b783796,control_zero_amplitude_high,constant,rotation_shear,exponential,0.6,9011,unresolved_sum,smooth_separable,,,-1,24,48,5,12,0,12,24,0.4288483377635765,0.00031298177573919726,0.00031298177573919726,1370.2022641756912,5.84415491843809,8.170657308452407,1.0748037721031731,12,12,12
E1_20260824T221028Z_2ba66f02,2ba66f0209fe1cdec97b8cf5862494c22fb94704318f9601a7a1f9eb4b783796,reference_structured,constant,rotation_shear,exponential,0.6,9011,resolved,smooth_separable,,,-1,24,288,5,24,5,0,19,1.3066420562634853,0.009879810742804007,0.009879810742804007,132.25375366782023,6.04906670139537,16.185319973603203,10.327653019065771,24,24,24
E1_20260824T221028Z_2ba66f02,2ba66f0209fe1cdec97b8cf5862494c22fb94704318f9601a7a1f9eb4b783796,reference_structured,constant,rotation_shear,exponential,0.6,9011,unresolved_sum,smooth_separable,,,-1,24,48,5,22,0,2,24,0.8826756664633727,5.2415061698806337e-08,5.2415061698806337e-08,16840114.99472248,3.710860237740015,8.474449996476544,2.8911918176107263,22,22,22
E1_20260824T221028Z_2ba66f02,2ba66f0209fe1cdec97b8cf5862494c22fb94704318f9601a7a1f9eb4b783796,control_gaussian_spatial,constant,rotation_shear,exponential,0.6,9012,resolved,smooth_separable,,,-1,24,288,5,24,2,0,22,1.0226054187305171,0.02336766200618591,0.02336766200618591,43.76156324324667,5.188112219023218,17.193163894258426,5.425322268343193,24,24,24
E1_20260824T221028Z_2ba66f02,2ba66f0209fe1cdec97b8cf5862494c22fb94704318f9601a7a1f9eb4b783796,control_gaussian_spatial,constant,rotation_shear,exponential,0.6,9012,unresolved_sum,smooth_separable,,,-1,24,48,5,22,0,2,24,0.5103693392584617,1.4414961314090336e-08,1.4414961314090336e-08,35405529.58401532,3.6645960459151476,8.218636089750255,0.9545424802054122,22,22,22
E1_20260824T221028Z_2ba66f02,2ba66f0209fe1cdec97b8cf5862494c22fb94704318f9601a7a1f9eb4b783796,control_shuffled_delays,constant,rotation_shear,exponential,0.6,9012,resolved,smooth_separable,,,-1,24,288,5,24,5,0,19,1.3066420562634855,0.009879810742804009,0.009879810742804009,132.25375366782023,6.049066701395366,16.185319973603203,10.327653019065767,24,24,24
E1_20260824T221028Z_2ba66f02,2ba66f0209fe1cdec97b8cf5862494c22fb94704318f9601a7a1f9eb4b783796,control_shuffled_delays,constant,rotation_shear,exponential,0.6,9012,unresolved_sum,smooth_separable,,,-1,24,48,5,22,0,2,24,0.8826756664633727,5.2415061698806337e-08,5.2415061698806337e-08,16840114.99472248,3.710860237740015,8.474449996476544,2.8911918176107263,22,22,22
E1_20260824T221028Z_2ba66f02,2ba66f0209fe1cdec97b8cf5862494c22fb94704318f9601a7a1f9eb4b783796,control_duplicate_order,constant,rotation_shear,exponential,0.6,9012,resolved,smooth_separable,,,-1,24,288,5,12,6,12,18,1.2561425585527914,0.0009167570302538363,0.0009167570302538363,1370.2022641756937,5.84415491843809,8.170657308452418,9.221457725463429,12,12,12
E1_20260824T221028Z_2ba66f02,2ba66f0209fe1cdec97b8cf5862494c22fb94704318f9601a7a1f9eb4b783796,control_duplicate_order,constant,rotation_shear,exponential,0.6,9012,unresolved_sum,smooth_separable,,,-1,24,48,5,12,0,12,24,0.9245154312035194,0.000674729166178749,0.000674729166178749,1370.2022641757228,5.844154918438091,8.17065730845241,4.995167418373343,12,12,12
E1_20260824T221028Z_2ba66f02,2ba66f0209fe1cdec97b8cf5862494c22fb94704318f9601a7a1f9eb4b783796,control_zero_amplitude_high,constant,rotation_shear,exponential,0.6,9012,resolved,smooth_separable,,,-1,24,288,5,12,3,12,21,1.0504596045614962,0.0007666456493512071,0.0007666456493512071,1370.2022641757294,5.844154918438089,8.170657308452403,6.448822632619034,12,12,12
E1_20260824T221028Z_2ba66f02,2ba66f0209fe1cdec97b8cf5862494c22fb94704318f9601a7a1f9eb4b783796,control_zero_amplitude_high,constant,rotation_shear,exponential,0.6,9012,unresolved_sum,smooth_separable,,,-1,24,48,5,12,0,12,24,0.4288483377635765,0.00031298177573919726,0.00031298177573919726,1370.2022641756912,5.84415491843809,8.170657308452407,1.0748037721031731,12,12,12
E1_20260824T221028Z_2ba66f02,2ba66f0209fe1cdec97b8cf5862494c22fb94704318f9601a7a1f9eb4b783796,reference_structured,constant,rotation_shear,exponential,0.6,9012,resolved,smooth_separable,,,-1,24,288,5,24,5,0,19,1.3066420562634853,0.009879810742804007,0.009879810742804007,132.25375366782023,6.04906670139537,16.185319973603203,10.327653019065771,24,24,24
E1_20260824T221028Z_2ba66f02,2ba66f0209fe1cdec97b8cf5862494c22fb94704318f9601a7a1f9eb4b783796,reference_structured,constant,rotation_shear,exponential,0.6,9012,unresolved_sum,smooth_separable,,,-1,24,48,5,22,0,2,24,0.8826756664633727,5.2415061698806337e-08,5.2415061698806337e-08,16840114.99472248,3.710860237740015,8.474449996476544,2.8911918176107263,22,22,22
E1_20260824T221028Z_2ba66f02,2ba66f0209fe1cdec97b8cf5862494c22fb94704318f9601a7a1f9eb4b783796,control_gaussian_spatial,constant,rotation_shear,exponential,0.6,9013,resolved,smooth_separable,,,-1,24,288,5,24,3,0,21,1.0921321374713713,0.01713161910238679,0.01713161910238679,63.74949915383156,5.072511675092786,16.347735014231898,6.050251517899362,24,24,24
E1_20260824T221028Z_2ba66f02,2ba66f0209fe1cdec97b8cf5862494c22fb94704318f9601a7a1f9eb4b783796,control_gaussian_spatial,constant,rotation_shear,exponential,0.6,9013,unresolved_sum,smooth_separable,,,-1,24,48,5,22,0,2,24,0.5491517333038527,1.8751862316108517e-08,1.8751862316108517e-08,29285183.73517023,4.264881607221666,8.576469127281491,1.2861502222738985,22,22,22
E1_20260824T221028Z_2ba66f02,2ba66f0209fe1cdec97b8cf5862494c22fb94704318f9601a7a1f9eb4b783796,control_shuffled_delays,constant,rotation_shear,exponential,0.6,9013,resolved,smooth_separable,,,-1,24,288,5,24,5,0,19,1.3066420562634855,0.009879810742804009,0.009879810742804009,132.25375366782023,6.0490667013953665,16.185319973603203,10.32765301906577,24,24,24
E1_20260824T221028Z_2ba66f02,2ba66f0209fe1cdec97b8cf5862494c22fb94704318f9601a7a1f9eb4b783796,control_shuffled_delays,constant,rotation_shear,exponential,0.6,9013,unresolved_sum,smooth_separable,,,-1,24,48,5,22,0,2,24,0.8826756664633727,5.2415061698806337e-08,5.2415061698806337e-08,16840114.99472248,3.710860237740015,8.474449996476544,2.8911918176107263,22,22,22
E1_20260824T221028Z_2ba66f02,2ba66f0209fe1cdec97b8cf5862494c22fb94704318f9601a7a1f9eb4b783796,control_duplicate_order,constant,rotation_shear,exponential,0.6,9013,resolved,smooth_separable,,,-1,24,288,5,12,6,12,18,1.2561425585527914,0.0009167570302538363,0.0009167570302538363,1370.2022641756937,5.84415491843809,8.170657308452418,9.221457725463429,12,12,12
E1_20260824T221028Z_2ba66f02,2ba66f0209fe1cdec97b8cf5862494c22fb94704318f9601a7a1f9eb4b783796,control_duplicate_order,constant,rotation_shear,exponential,0.6,9013,unresolved_sum,smooth_separable,,,-1,24,48,5,12,0,12,24,0.9245154312035194,0.000674729166178749,0.000674729166178749,1370.2022641757228,5.844154918438091,8.17065730845241,4.995167418373343,12,12,12
E1_20260824T221028Z_2ba66f02,2ba66f0209fe1cdec97b8cf5862494c22fb94704318f9601a7a1f9eb4b783796,control_zero_amplitude_high,constant,rotation_shear,exponential,0.6,9013,resolved,smooth_separable,,,-1,24,288,5,12,3,12,21,1.0504596045614962,0.0007666456493512071,0.0007666456493512071,1370.2022641757294,5.844154918438089,8.170657308452403,6.448822632619034,12,12,12
E1_20260824T221028Z_2ba66f02,2ba66f0209fe1cdec97b8cf5862494c22fb94704318f9601a7a1f9eb4b783796,control_zero_amplitude_high,constant,rotation_shear,exponential,0.6,9013,unresolved_sum,smooth_separable,,,-1,24,48,5,12,0,12,24,0.4288483377635765,0.00031298177573919726,0.00031298177573919726,1370.2022641756912,5.84415491843809,8.170657308452407,1.0748037721031731,12,12,12
E1_20260824T221028Z_2ba66f02,2ba66f0209fe1cdec97b8cf5862494c22fb94704318f9601a7a1f9eb4b783796,reference_structured,constant,rotation_shear,exponential,0.6,9013,resolved,smooth_separable,,,-1,24,288,5,24,5,0,19,1.3066420562634853,0.009879810742804007,0.009879810742804007,132.25375366782023,6.04906670139537,16.185319973603203,10.327653019065771,24,24,24
E1_20260824T221028Z_2ba66f02,2ba66f0209fe1cdec97b8cf5862494c22fb94704318f9601a7a1f9eb4b783796,reference_structured,constant,rotation_shear,exponential,0.6,9013,unresolved_sum,smooth_separable,,,-1,24,48,5,22,0,2,24,0.8826756664633727,5.2415061698806337e-08,5.2415061698806337e-08,16840114.99472248,3.710860237740015,8.474449996476544,2.8911918176107263,22,22,22
E1_20260824T221028Z_2ba66f02,2ba66f0209fe1cdec97b8cf5862494c22fb94704318f9601a7a1f9eb4b783796,control_gaussian_spatial,constant,rotation_shear,exponential,0.6,9014,resolved,smooth_separable,,,-1,24,288,5,24,3,0,21,1.2088883882584076,0.01950114036235733,0.01950114036235733,61.99065110017368,4.617400733247296,16.408082650583903,6.74792084755304,24,24,24
E1_20260824T221028Z_2ba66f02,2ba66f0209fe1cdec97b8cf5862494c22fb94704318f9601a7a1f9eb4b783796,control_gaussian_spatial,constant,rotation_shear,exponential,0.6,9014,unresolved_sum,smooth_separable,,,-1,24,48,5,22,0,2,24,0.545734549219175,3.6273726073734956e-08,3.6273726073734956e-08,15044899.112648092,3.576718884236784,8.604891215305136,1.0652405873633626,22,22,22
E1_20260824T221028Z_2ba66f02,2ba66f0209fe1cdec97b8cf5862494c22fb94704318f9601a7a1f9eb4b783796,control_shuffled_delays,constant,rotation_shear,exponential,0.6,9014,resolved,smooth_separable,,,-1,24,288,5,24,5,0,19,1.3066420562634855,0.009879810742803995,0.009879810742803995,132.25375366782043,6.0490667013953665,16.185319973603203,10.32765301906577,24,24,24
E1_20260824T221028Z_2ba66f02,2ba66f0209fe1cdec97b8cf5862494c22fb94704318f9601a7a1f9eb4b783796,control_shuffled_delays,constant,rotation_shear,exponential,0.6,9014,unresolved_sum,smooth_separable,,,-1,24,48,5,22,0,2,24,0.8826756664633727,5.2415061698806337e-08,5.2415061698806337e-08,16840114.99472248,3.710860237740015,8.474449996476544,2.8911918176107263,22,22,22
E1_20260824T221028Z_2ba66f02,2ba66f0209fe1cdec97b8cf5862494c22fb94704318f9601a7a1f9eb4b783796,control_duplicate_order,constant,rotation_shear,exponential,0.6,9014,resolved,smooth_separable,,,-1,24,288,5,12,6,12,18,1.2561425585527914,0.0009167570302538363,0.0009167570302538363,1370.2022641756937,5.84415491843809,8.170657308452418,9.221457725463429,12,12,12
E1_20260824T221028Z_2ba66f02,2ba66f0209fe1cdec97b8cf5862494c22fb94704318f9601a7a1f9eb4b783796,control_duplicate_order,constant,rotation_shear,exponential,0.6,9014,unresolved_sum,smooth_separable,,,-1,24,48,5,12,0,12,24,0.9245154312035194,0.000674729166178749,0.000674729166178749,1370.2022641757228,5.844154918438091,8.17065730845241,4.995167418373343,12,12,12
E1_20260824T221028Z_2ba66f02,2ba66f0209fe1cdec97b8cf5862494c22fb94704318f9601a7a1f9eb4b783796,control_zero_amplitude_high,constant,rotation_shear,exponential,0.6,9014,resolved,smooth_separable,,,-1,24,288,5,12,3,12,21,1.0504596045614962,0.0007666456493512071,0.0007666456493512071,1370.2022641757294,5.844154918438089,8.170657308452403,6.448822632619034,12,12,12
E1_20260824T221028Z_2ba66f02,2ba66f0209fe1cdec97b8cf5862494c22fb94704318f9601a7a1f9eb4b783796,control_zero_amplitude_high,constant,rotation_shear,exponential,0.6,9014,unresolved_sum,smooth_separable,,,-1,24,48,5,12,0,12,24,0.4288483377635765,0.00031298177573919726,0.00031298177573919726,1370.2022641756912,5.84415491843809,8.170657308452407,1.0748037721031731,12,12,12
E1_20260824T221028Z_2ba66f02,2ba66f0209fe1cdec97b8cf5862494c22fb94704318f9601a7a1f9eb4b783796,reference_structured,constant,rotation_shear,exponential,0.6,9014,resolved,smooth_separable,,,-1,24,288,5,24,5,0,19,1.3066420562634853,0.009879810742804007,0.009879810742804007,132.25375366782023,6.04906670139537,16.185319973603203,10.327653019065771,24,24,24
E1_20260824T221028Z_2ba66f02,2ba66f0209fe1cdec97b8cf5862494c22fb94704318f9601a7a1f9eb4b783796,reference_structured,constant,rotation_shear,exponential,0.6,9014,unresolved_sum,smooth_separable,,,-1,24,48,5,22,0,2,24,0.8826756664633727,5.2415061698806337e-08,5.2415061698806337e-08,16840114.99472248,3.710860237740015,8.474449996476544,2.8911918176107263,22,22,22
E1_20260824T221028Z_2ba66f02,2ba66f0209fe1cdec97b8cf5862494c22fb94704318f9601a7a1f9eb4b783796,control_gaussian_spatial,constant,rotation_shear,exponential,0.6,9015,resolved,smooth_separable,,,-1,24,288,5,24,2,0,22,1.0546455129921823,0.01913950570572707,0.01913950570572707,55.103069494454246,5.447515960594845,16.23059663646676,6.05914757121615,24,24,24
E1_20260824T221028Z_2ba66f02,2ba66f0209fe1cdec97b8cf5862494c22fb94704318f9601a7a1f9eb4b783796,control_gaussian_spatial,constant,rotation_shear,exponential,0.6,9015,unresolved_sum,smooth_separable,,,-1,24,48,5,22,0,2,24,0.5007320242471578,8.641017053131482e-09,8.641017053131482e-09,57948274.0478673,4.263395901433096,8.751965446923654,1.0689721691145457,22,22,22
E1_20260824T221028Z_2ba66f02,2ba66f0209fe1cdec97b8cf5862494c22fb94704318f9601a7a1f9eb4b783796,control_shuffled_delays,constant,rotation_shear,exponential,0.6,9015,resolved,smooth_separable,,,-1,24,288,5,24,5,0,19,1.3066420562634853,0.009879810742804007,0.009879810742804007,132.25375366782023,6.04906670139537,16.185319973603203,10.327653019065771,24,24,24
E1_20260824T221028Z_2ba66f02,2ba66f0209fe1cdec97b8cf5862494c22fb94704318f9601a7a1f9eb4b783796,control_shuffled_delays,constant,rotation_shear,exponential,0.6,9015,unresolved_sum,smooth_separable,,,-1,24,48,5,22,0,2,24,0.8826756664633727,5.2415061698806337e-08,5.2415061698806337e-08,16840114.99472248,3.710860237740015,8.474449996476544,2.8911918176107263,22,22,22
E1_20260824T221028Z_2ba66f02,2ba66f0209fe1cdec97b8cf5862494c22fb94704318f9601a7a1f9eb4b783796,control_duplicate_order,constant,rotation_shear,exponential,0.6,9015,resolved,smooth_separable,,,-1,24,288,5,12,6,12,18,1.2561425585527914,0.0009167570302538363,0.0009167570302538363,1370.2022641756937,5.84415491843809,8.170657308452418,9.221457725463429,12,12,12
E1_20260824T221028Z_2ba66f02,2ba66f0209fe1cdec97b8cf5862494c22fb94704318f9601a7a1f9eb4b783796,control_duplicate_order,constant,rotation_shear,exponential,0.6,9015,unresolved_sum,smooth_separable,,,-1,24,48,5,12,0,12,24,0.9245154312035194,0.000674729166178749,0.000674729166178749,1370.2022641757228,5.844154918438091,8.17065730845241,4.995167418373343,12,12,12
E1_20260824T221028Z_2ba66f02,2ba66f0209fe1cdec97b8cf5862494c22fb94704318f9601a7a1f9eb4b783796,control_zero_amplitude_high,constant,rotation_shear,exponential,0.6,9015,resolved,smooth_separable,,,-1,24,288,5,12,3,12,21,1.0504596045614962,0.0007666456493512071,0.0007666456493512071,1370.2022641757294,5.844154918438089,8.170657308452403,6.448822632619034,12,12,12
E1_20260824T221028Z_2ba66f02,2ba66f0209fe1cdec97b8cf5862494c22fb94704318f9601a7a1f9eb4b783796,control_zero_amplitude_high,constant,rotation_shear,exponential,0.6,9015,unresolved_sum,smooth_separable,,,-1,24,48,5,12,0,12,24,0.4288483377635765,0.00031298177573919726,0.00031298177573919726,1370.2022641756912,5.84415491843809,8.170657308452407,1.0748037721031731,12,12,12
E1_20260824T221028Z_2ba66f02,2ba66f0209fe1cdec97b8cf5862494c22fb94704318f9601a7a1f9eb4b783796,reference_structured,constant,rotation_shear,exponential,0.6,9015,resolved,smooth_separable,,,-1,24,288,5,24,5,0,19,1.3066420562634853,0.009879810742804007,0.009879810742804007,132.25375366782023,6.04906670139537,16.185319973603203,10.327653019065771,24,24,24
E1_20260824T221028Z_2ba66f02,2ba66f0209fe1cdec97b8cf5862494c22fb94704318f9601a7a1f9eb4b783796,reference_structured,constant,rotation_shear,exponential,0.6,9015,unresolved_sum,smooth_separable,,,-1,24,48,5,22,0,2,24,0.8826756664633727,5.2415061698806337e-08,5.2415061698806337e-08,16840114.99472248,3.710860237740015,8.474449996476544,2.8911918176107263,22,22,22
E1_20260824T221028Z_2ba66f02,2ba66f0209fe1cdec97b8cf5862494c22fb94704318f9601a7a1f9eb4b783796,control_gaussian_spatial,constant,rotation_shear,exponential,0.6,9016,resolved,smooth_separable,,,-1,24,288,5,24,2,0,22,1.0452061223906886,0.011620307207209789,0.011620307207209789,89.94651378426494,4.724041108523276,16.490483269702533,5.160806289295049,24,24,24
E1_20260824T221028Z_2ba66f02,2ba66f0209fe1cdec97b8cf5862494c22fb94704318f9601a7a1f9eb4b783796,control_gaussian_spatial,constant,rotation_shear,exponential,0.6,9016,unresolved_sum,smooth_separable,,,-1,24,48,5,22,0,2,24,0.423292545597484,1.6831717579800273e-08,1.6831717579800273e-08,25148505.706005722,3.952755503631687,8.625968240058324,0.7082412093902567,22,22,22
E1_20260824T221028Z_2ba66f02,2ba66f0209fe1cdec97b8cf5862494c22fb94704318f9601a7a1f9eb4b783796,control_shuffled_delays,constant,rotation_shear,exponential,0.6,9016,resolved,smooth_separable,,,-1,24,288,5,24,5,0,19,1.3066420562634853,0.009879810742803996,0.009879810742803996,132.25375366782038,6.049066701395369,16.185319973603203,10.32765301906577,24,24,24
E1_20260824T221028Z_2ba66f02,2ba66f0209fe1cdec97b8cf5862494c22fb94704318f9601a7a1f9eb4b783796,control_shuffled_delays,constant,rotation_shear,exponential,0.6,9016,unresolved_sum,smooth_separable,,,-1,24,48,5,22,0,2,24,0.8826756664633727,5.2415061698806337e-08,5.2415061698806337e-08,16840114.99472248,3.710860237740015,8.474449996476544,2.8911918176107263,22,22,22
E1_20260824T221028Z_2ba66f02,2ba66f0209fe1cdec97b8cf5862494c22fb94704318f9601a7a1f9eb4b783796,control_duplicate_order,constant,rotation_shear,exponential,0.6,9016,resolved,smooth_separable,,,-1,24,288,5,12,6,12,18,1.2561425585527914,0.0009167570302538363,0.0009167570302538363,1370.2022641756937,5.84415491843809,8.170657308452418,9.221457725463429,12,12,12
E1_20260824T221028Z_2ba66f02,2ba66f0209fe1cdec97b8cf5862494c22fb94704318f9601a7a1f9eb4b783796,control_duplicate_order,constant,rotation_shear,exponential,0.6,9016,unresolved_sum,smooth_separable,,,-1,24,48,5,12,0,12,24,0.9245154312035194,0.000674729166178749,0.000674729166178749,1370.2022641757228,5.844154918438091,8.17065730845241,4.995167418373343,12,12,12
E1_20260824T221028Z_2ba66f02,2ba66f0209fe1cdec97b8cf5862494c22fb94704318f9601a7a1f9eb4b783796,control_zero_amplitude_high,constant,rotation_shear,exponential,0.6,9016,resolved,smooth_separable,,,-1,24,288,5,12,3,12,21,1.0504596045614962,0.0007666456493512071,0.0007666456493512071,1370.2022641757294,5.844154918438089,8.170657308452403,6.448822632619034,12,12,12
E1_20260824T221028Z_2ba66f02,2ba66f0209fe1cdec97b8cf5862494c22fb94704318f9601a7a1f9eb4b783796,control_zero_amplitude_high,constant,rotation_shear,exponential,0.6,9016,unresolved_sum,smooth_separable,,,-1,24,48,5,12,0,12,24,0.4288483377635765,0.00031298177573919726,0.00031298177573919726,1370.2022641756912,5.84415491843809,8.170657308452407,1.0748037721031731,12,12,12
E1_20260824T221028Z_2ba66f02,2ba66f0209fe1cdec97b8cf5862494c22fb94704318f9601a7a1f9eb4b783796,reference_structured,constant,rotation_shear,exponential,0.6,9016,resolved,smooth_separable,,,-1,24,288,5,24,5,0,19,1.3066420562634853,0.009879810742804007,0.009879810742804007,132.25375366782023,6.04906670139537,16.185319973603203,10.327653019065771,24,24,24
E1_20260824T221028Z_2ba66f02,2ba66f0209fe1cdec97b8cf5862494c22fb94704318f9601a7a1f9eb4b783796,reference_structured,constant,rotation_shear,exponential,0.6,9016,unresolved_sum,smooth_separable,,,-1,24,48,5,22,0,2,24,0.8826756664633727,5.2415061698806337e-08,5.2415061698806337e-08,16840114.99472248,3.710860237740015,8.474449996476544,2.8911918176107263,22,22,22
E1_20260824T221028Z_2ba66f02,2ba66f0209fe1cdec97b8cf5862494c22fb94704318f9601a7a1f9eb4b783796,control_gaussian_spatial,constant,rotation_shear,exponential,0.6,9017,resolved,smooth_separable,,,-1,24,288,5,24,0,0,24,0.9823946913329789,0.01333306804346903,0.01333306804346903,73.68106786301054,5.5910941068898,16.81981014635769,5.395961174061846,24,24,24
E1_20260824T221028Z_2ba66f02,2ba66f0209fe1cdec97b8cf5862494c22fb94704318f9601a7a1f9eb4b783796,control_gaussian_spatial,constant,rotation_shear,exponential,0.6,9017,unresolved_sum,smooth_separable,,,-1,24,48,5,22,0,2,24,0.45794129030342573,1.3894203895057883e-08,1.3894203895057883e-08,32959160.075829446,4.542518823674245,8.788934287099892,0.9526126462364195,22,22,22
E1_20260824T221028Z_2ba66f02,2ba66f0209fe1cdec97b8cf5862494c22fb94704318f9601a7a1f9eb4b783796,control_shuffled_delays,constant,rotation_shear,exponential,0.6,9017,resolved,smooth_separable,,,-1,24,288,5,24,5,0,19,1.3066420562634855,0.009879810742804003,0.009879810742804003,132.25375366782032,6.0490667013953665,16.185319973603203,10.32765301906577,24,24,24
E1_20260824T221028Z_2ba66f02,2ba66f0209fe1cdec97b8cf5862494c22fb94704318f9601a7a1f9eb4b783796,control_shuffled_delays,constant,rotation_shear,exponential,0.6,9017,unresolved_sum,smooth_separable,,,-1,24,48,5,22,0,2,24,0.8826756664633727,5.2415061698806337e-08,5.2415061698806337e-08,16840114.99472248,3.710860237740015,8.474449996476544,2.8911918176107263,22,22,22
E1_20260824T221028Z_2ba66f02,2ba66f0209fe1cdec97b8cf5862494c22fb94704318f9601a7a1f9eb4b783796,control_duplicate_order,constant,rotation_shear,exponential,0.6,9017,resolved,smooth_separable,,,-1,24,288,5,12,6,12,18,1.2561425585527914,0.0009167570302538363,0.0009167570302538363,1370.2022641756937,5.84415491843809,8.170657308452418,9.221457725463429,12,12,12
E1_20260824T221028Z_2ba66f02,2ba66f0209fe1cdec97b8cf5862494c22fb94704318f9601a7a1f9eb4b783796,control_duplicate_order,constant,rotation_shear,exponential,0.6,9017,unresolved_sum,smooth_separable,,,-1,24,48,5,12,0,12,24,0.9245154312035194,0.000674729166178749,0.000674729166178749,1370.2022641757228,5.844154918438091,8.17065730845241,4.995167418373343,12,12,12
E1_20260824T221028Z_2ba66f02,2ba66f0209fe1cdec97b8cf5862494c22fb94704318f9601a7a1f9eb4b783796,control_zero_amplitude_high,constant,rotation_shear,exponential,0.6,9017,resolved,smooth_separable,,,-1,24,288,5,12,3,12,21,1.0504596045614962,0.0007666456493512071,0.0007666456493512071,1370.2022641757294,5.844154918438089,8.170657308452403,6.448822632619034,12,12,12
E1_20260824T221028Z_2ba66f02,2ba66f0209fe1cdec97b8cf5862494c22fb94704318f9601a7a1f9eb4b783796,control_zero_amplitude_high,constant,rotation_shear,exponential,0.6,9017,unresolved_sum,smooth_separable,,,-1,24,48,5,12,0,12,24,0.4288483377635765,0.00031298177573919726,0.00031298177573919726,1370.2022641756912,5.84415491843809,8.170657308452407,1.0748037721031731,12,12,12
E1_20260824T221028Z_2ba66f02,2ba66f0209fe1cdec97b8cf5862494c22fb94704318f9601a7a1f9eb4b783796,reference_structured,constant,rotation_shear,exponential,0.6,9017,resolved,smooth_separable,,,-1,24,288,5,24,5,0,19,1.3066420562634853,0.009879810742804007,0.009879810742804007,132.25375366782023,6.04906670139537,16.185319973603203,10.327653019065771,24,24,24
E1_20260824T221028Z_2ba66f02,2ba66f0209fe1cdec97b8cf5862494c22fb94704318f9601a7a1f9eb4b783796,reference_structured,constant,rotation_shear,exponential,0.6,9017,unresolved_sum,smooth_separable,,,-1,24,48,5,22,0,2,24,0.8826756664633727,5.2415061698806337e-08,5.2415061698806337e-08,16840114.99472248,3.710860237740015,8.474449996476544,2.8911918176107263,22,22,22
E1_20260824T221028Z_2ba66f02,2ba66f0209fe1cdec97b8cf5862494c22fb94704318f9601a7a1f9eb4b783796,control_gaussian_spatial,constant,rotation_shear,exponential,0.6,9018,resolved,smooth_separable,,,-1,24,288,5,24,2,0,22,1.054294639562292,0.02736644240588712,0.02736644240588712,38.525089374989065,5.937612125940576,16.653493292970115,6.599876680023168,24,24,24
E1_20260824T221028Z_2ba66f02,2ba66f0209fe1cdec97b8cf5862494c22fb94704318f9601a7a1f9eb4b783796,control_gaussian_spatial,constant,rotation_shear,exponential,0.6,9018,unresolved_sum,smooth_separable,,,-1,24,48,5,22,0,2,24,0.5652167439970365,4.307396692781572e-09,4.307396692781572e-09,131220034.81690899,3.548027162629141,8.437932483337091,1.1334881230247356,21,22,22
E1_20260824T221028Z_2ba66f02,2ba66f0209fe1cdec97b8cf5862494c22fb94704318f9601a7a1f9eb4b783796,control_shuffled_delays,constant,rotation_shear,exponential,0.6,9018,resolved,smooth_separable,,,-1,24,288,5,24,5,0,19,1.3066420562634857,0.00987981074280401,0.00987981074280401,132.25375366782023,6.0490667013953665,16.185319973603203,10.327653019065771,24,24,24
E1_20260824T221028Z_2ba66f02,2ba66f0209fe1cdec97b8cf5862494c22fb94704318f9601a7a1f9eb4b783796,control_shuffled_delays,constant,rotation_shear,exponential,0.6,9018,unresolved_sum,smooth_separable,,,-1,24,48,5,22,0,2,24,0.8826756664633727,5.2415061698806337e-08,5.2415061698806337e-08,16840114.99472248,3.710860237740015,8.474449996476544,2.8911918176107263,22,22,22
E1_20260824T221028Z_2ba66f02,2ba66f0209fe1cdec97b8cf5862494c22fb94704318f9601a7a1f9eb4b783796,control_duplicate_order,constant,rotation_shear,exponential,0.6,9018,resolved,smooth_separable,,,-1,24,288,5,12,6,12,18,1.2561425585527914,0.0009167570302538363,0.0009167570302538363,1370.2022641756937,5.84415491843809,8.170657308452418,9.221457725463429,12,12,12
E1_20260824T221028Z_2ba66f02,2ba66f0209fe1cdec97b8cf5862494c22fb94704318f9601a7a1f9eb4b783796,control_duplicate_order,constant,rotation_shear,exponential,0.6,9018,unresolved_sum,smooth_separable,,,-1,24,48,5,12,0,12,24,0.9245154312035194,0.000674729166178749,0.000674729166178749,1370.2022641757228,5.844154918438091,8.17065730845241,4.995167418373343,12,12,12
E1_20260824T221028Z_2ba66f02,2ba66f0209fe1cdec97b8cf5862494c22fb94704318f9601a7a1f9eb4b783796,control_zero_amplitude_high,constant,rotation_shear,exponential,0.6,9018,resolved,smooth_separable,,,-1,24,288,5,12,3,12,21,1.0504596045614962,0.0007666456493512071,0.0007666456493512071,1370.2022641757294,5.844154918438089,8.170657308452403,6.448822632619034,12,12,12
E1_20260824T221028Z_2ba66f02,2ba66f0209fe1cdec97b8cf5862494c22fb94704318f9601a7a1f9eb4b783796,control_zero_amplitude_high,constant,rotation_shear,exponential,0.6,9018,unresolved_sum,smooth_separable,,,-1,24,48,5,12,0,12,24,0.4288483377635765,0.00031298177573919726,0.00031298177573919726,1370.2022641756912,5.84415491843809,8.170657308452407,1.0748037721031731,12,12,12
E1_20260824T221028Z_2ba66f02,2ba66f0209fe1cdec97b8cf5862494c22fb94704318f9601a7a1f9eb4b783796,reference_structured,constant,rotation_shear,exponential,0.6,9018,resolved,smooth_separable,,,-1,24,288,5,24,5,0,19,1.3066420562634853,0.009879810742804007,0.009879810742804007,132.25375366782023,6.04906670139537,16.185319973603203,10.327653019065771,24,24,24
E1_20260824T221028Z_2ba66f02,2ba66f0209fe1cdec97b8cf5862494c22fb94704318f9601a7a1f9eb4b783796,reference_structured,constant,rotation_shear,exponential,0.6,9018,unresolved_sum,smooth_separable,,,-1,24,48,5,22,0,2,24,0.8826756664633727,5.2415061698806337e-08,5.2415061698806337e-08,16840114.99472248,3.710860237740015,8.474449996476544,2.8911918176107263,22,22,22
E1_20260824T221028Z_2ba66f02,2ba66f0209fe1cdec97b8cf5862494c22fb94704318f9601a7a1f9eb4b783796,control_gaussian_spatial,constant,rotation_shear,exponential,0.6,9019,resolved,smooth_separable,,,-1,24,288,5,24,3,0,21,1.1381235586938323,0.014618689428631714,0.014618689428631714,77.85400765575734,4.554549527933147,16.052720123523915,5.899622936923782,24,24,24
E1_20260824T221028Z_2ba66f02,2ba66f0209fe1cdec97b8cf5862494c22fb94704318f9601a7a1f9eb4b783796,control_gaussian_spatial,constant,rotation_shear,exponential,0.6,9019,unresolved_sum,smooth_separable,,,-1,24,48,5,22,0,2,24,0.49550608855170636,1.7498692116232318e-09,1.7498692116232318e-09,283167499.1824445,3.7322029691189917,8.288241834164587,0.916353925364551,21,22,22
E1_20260824T221028Z_2ba66f02,2ba66f0209fe1cdec97b8cf5862494c22fb94704318f9601a7a1f9eb4b783796,control_shuffled_delays,constant,rotation_shear,exponential,0.6,9019,resolved,smooth_separable,,,-1,24,288,5,24,5,0,19,1.3066420562634853,0.009879810742804003,0.009879810742804003,132.2537536678203,6.049066701395368,16.185319973603203,10.327653019065767,24,24,24
E1_20260824T221028Z_2ba66f02,2ba66f0209fe1cdec97b8cf5862494c22fb94704318f9601a7a1f9eb4b783796,control_shuffled_delays,constant,rotation_shear,exponential,0.6,9019,unresolved_sum,smooth_separable,,,-1,24,48,5,22,0,2,24,0.8826756664633727,5.2415061698806337e-08,5.2415061698806337e-08,16840114.99472248,3.710860237740015,8.474449996476544,2.8911918176107263,22,22,22
E1_20260824T221028Z_2ba66f02,2ba66f0209fe1cdec97b8cf5862494c22fb94704318f9601a7a1f9eb4b783796,control_duplicate_order,constant,rotation_shear,exponential,0.6,9019,resolved,smooth_separable,,,-1,24,288,5,12,6,12,18,1.2561425585527914,0.0009167570302538363,0.0009167570302538363,1370.2022641756937,5.84415491843809,8.170657308452418,9.221457725463429,12,12,12
E1_20260824T221028Z_2ba66f02,2ba66f0209fe1cdec97b8cf5862494c22fb94704318f9601a7a1f9eb4b783796,control_duplicate_order,constant,rotation_shear,exponential,0.6,9019,unresolved_sum,smooth_separable,,,-1,24,48,5,12,0,12,24,0.9245154312035194,0.000674729166178749,0.000674729166178749,1370.2022641757228,5.844154918438091,8.17065730845241,4.995167418373343,12,12,12
E1_20260824T221028Z_2ba66f02,2ba66f0209fe1cdec97b8cf5862494c22fb94704318f9601a7a1f9eb4b783796,control_zero_amplitude_high,constant,rotation_shear,exponential,0.6,9019,resolved,smooth_separable,,,-1,24,288,5,12,3,12,21,1.0504596045614962,0.0007666456493512071,0.0007666456493512071,1370.2022641757294,5.844154918438089,8.170657308452403,6.448822632619034,12,12,12
E1_20260824T221028Z_2ba66f02,2ba66f0209fe1cdec97b8cf5862494c22fb94704318f9601a7a1f9eb4b783796,control_zero_amplitude_high,constant,rotation_shear,exponential,0.6,9019,unresolved_sum,smooth_separable,,,-1,24,48,5,12,0,12,24,0.4288483377635765,0.00031298177573919726,0.00031298177573919726,1370.2022641756912,5.84415491843809,8.170657308452407,1.0748037721031731,12,12,12
E1_20260824T221028Z_2ba66f02,2ba66f0209fe1cdec97b8cf5862494c22fb94704318f9601a7a1f9eb4b783796,reference_structured,constant,rotation_shear,exponential,0.6,9019,resolved,smooth_separable,,,-1,24,288,5,24,5,0,19,1.3066420562634853,0.009879810742804007,0.009879810742804007,132.25375366782023,6.04906670139537,16.185319973603203,10.327653019065771,24,24,24
E1_20260824T221028Z_2ba66f02,2ba66f0209fe1cdec97b8cf5862494c22fb94704318f9601a7a1f9eb4b783796,reference_structured,constant,rotation_shear,exponential,0.6,9019,unresolved_sum,smooth_separable,,,-1,24,48,5,22,0,2,24,0.8826756664633727,5.2415061698806337e-08,5.2415061698806337e-08,16840114.99472248,3.710860237740015,8.474449996476544,2.8911918176107263,22,22,22
E1_20260824T221028Z_2ba66f02,2ba66f0209fe1cdec97b8cf5862494c22fb94704318f9601a7a1f9eb4b783796,leakage_sweep,constant,rotation_shear,exponential,0.6,9000,partial_leakage_eps0,smooth_separable,0.0,1.0,6,24,288,5,24,5,0,19,1.3066420562634853,0.009879810742804007,0.009879810742804007,132.25375366782023,6.04906670139537,16.185319973603203,10.327653019065771,24,24,24
E1_20260824T221028Z_2ba66f02,2ba66f0209fe1cdec97b8cf5862494c22fb94704318f9601a7a1f9eb4b783796,leakage_sweep,constant,rotation_shear,exponential,0.6,9001,partial_leakage_eps0,smooth_separable,0.0,1.0,6,24,288,5,24,5,0,19,1.3066420562634853,0.009879810742804007,0.009879810742804007,132.25375366782023,6.04906670139537,16.185319973603203,10.327653019065771,24,24,24
E1_20260824T221028Z_2ba66f02,2ba66f0209fe1cdec97b8cf5862494c22fb94704318f9601a7a1f9eb4b783796,leakage_sweep,constant,rotation_shear,exponential,0.6,9002,partial_leakage_eps0,smooth_separable,0.0,1.0,6,24,288,5,24,5,0,19,1.3066420562634853,0.009879810742804007,0.009879810742804007,132.25375366782023,6.04906670139537,16.185319973603203,10.327653019065771,24,24,24
E1_20260824T221028Z_2ba66f02,2ba66f0209fe1cdec97b8cf5862494c22fb94704318f9601a7a1f9eb4b783796,leakage_sweep,constant,rotation_shear,exponential,0.6,9003,partial_leakage_eps0,smooth_separable,0.0,1.0,6,24,288,5,24,5,0,19,1.3066420562634853,0.009879810742804007,0.009879810742804007,132.25375366782023,6.04906670139537,16.185319973603203,10.327653019065771,24,24,24
E1_20260824T221028Z_2ba66f02,2ba66f0209fe1cdec97b8cf5862494c22fb94704318f9601a7a1f9eb4b783796,leakage_sweep,constant,rotation_shear,exponential,0.6,9004,partial_leakage_eps0,smooth_separable,0.0,1.0,6,24,288,5,24,5,0,19,1.3066420562634853,0.009879810742804007,0.009879810742804007,132.25375366782023,6.04906670139537,16.185319973603203,10.327653019065771,24,24,24
E1_20260824T221028Z_2ba66f02,2ba66f0209fe1cdec97b8cf5862494c22fb94704318f9601a7a1f9eb4b783796,leakage_sweep,constant,rotation_shear,exponential,0.6,9005,partial_leakage_eps0,smooth_separable,0.0,1.0,6,24,288,5,24,5,0,19,1.3066420562634853,0.009879810742804007,0.009879810742804007,132.25375366782023,6.04906670139537,16.185319973603203,10.327653019065771,24,24,24
E1_20260824T221028Z_2ba66f02,2ba66f0209fe1cdec97b8cf5862494c22fb94704318f9601a7a1f9eb4b783796,leakage_sweep,constant,rotation_shear,exponential,0.6,9006,partial_leakage_eps0,smooth_separable,0.0,1.0,6,24,288,5,24,5,0,19,1.3066420562634853,0.009879810742804007,0.009879810742804007,132.25375366782023,6.04906670139537,16.185319973603203,10.327653019065771,24,24,24
E1_20260824T221028Z_2ba66f02,2ba66f0209fe1cdec97b8cf5862494c22fb94704318f9601a7a1f9eb4b783796,leakage_sweep,constant,rotation_shear,exponential,0.6,9007,partial_leakage_eps0,smooth_separable,0.0,1.0,6,24,288,5,24,5,0,19,1.3066420562634853,0.009879810742804007,0.009879810742804007,132.25375366782023,6.04906670139537,16.185319973603203,10.327653019065771,24,24,24
E1_20260824T221028Z_2ba66f02,2ba66f0209fe1cdec97b8cf5862494c22fb94704318f9601a7a1f9eb4b783796,leakage_sweep,constant,rotation_shear,exponential,0.6,9008,partial_leakage_eps0,smooth_separable,0.0,1.0,6,24,288,5,24,5,0,19,1.3066420562634853,0.009879810742804007,0.009879810742804007,132.25375366782023,6.04906670139537,16.185319973603203,10.327653019065771,24,24,24
E1_20260824T221028Z_2ba66f02,2ba66f0209fe1cdec97b8cf5862494c22fb94704318f9601a7a1f9eb4b783796,leakage_sweep,constant,rotation_shear,exponential,0.6,9009,partial_leakage_eps0,smooth_separable,0.0,1.0,6,24,288,5,24,5,0,19,1.3066420562634853,0.009879810742804007,0.009879810742804007,132.25375366782023,6.04906670139537,16.185319973603203,10.327653019065771,24,24,24
E1_20260824T221028Z_2ba66f02,2ba66f0209fe1cdec97b8cf5862494c22fb94704318f9601a7a1f9eb4b783796,leakage_sweep,constant,rotation_shear,exponential,0.6,9010,partial_leakage_eps0,smooth_separable,0.0,1.0,6,24,288,5,24,5,0,19,1.3066420562634853,0.009879810742804007,0.009879810742804007,132.25375366782023,6.04906670139537,16.185319973603203,10.327653019065771,24,24,24
E1_20260824T221028Z_2ba66f02,2ba66f0209fe1cdec97b8cf5862494c22fb94704318f9601a7a1f9eb4b783796,leakage_sweep,constant,rotation_shear,exponential,0.6,9011,partial_leakage_eps0,smooth_separable,0.0,1.0,6,24,288,5,24,5,0,19,1.3066420562634853,0.009879810742804007,0.009879810742804007,132.25375366782023,6.04906670139537,16.185319973603203,10.327653019065771,24,24,24
E1_20260824T221028Z_2ba66f02,2ba66f0209fe1cdec97b8cf5862494c22fb94704318f9601a7a1f9eb4b783796,leakage_sweep,constant,rotation_shear,exponential,0.6,9012,partial_leakage_eps0,smooth_separable,0.0,1.0,6,24,288,5,24,5,0,19,1.3066420562634853,0.009879810742804007,0.009879810742804007,132.25375366782023,6.04906670139537,16.185319973603203,10.327653019065771,24,24,24
E1_20260824T221028Z_2ba66f02,2ba66f0209fe1cdec97b8cf5862494c22fb94704318f9601a7a1f9eb4b783796,leakage_sweep,constant,rotation_shear,exponential,0.6,9013,partial_leakage_eps0,smooth_separable,0.0,1.0,6,24,288,5,24,5,0,19,1.3066420562634853,0.009879810742804007,0.009879810742804007,132.25375366782023,6.04906670139537,16.185319973603203,10.327653019065771,24,24,24
E1_20260824T221028Z_2ba66f02,2ba66f0209fe1cdec97b8cf5862494c22fb94704318f9601a7a1f9eb4b783796,leakage_sweep,constant,rotation_shear,exponential,0.6,9014,partial_leakage_eps0,smooth_separable,0.0,1.0,6,24,288,5,24,5,0,19,1.3066420562634853,0.009879810742804007,0.009879810742804007,132.25375366782023,6.04906670139537,16.185319973603203,10.327653019065771,24,24,24
E1_20260824T221028Z_2ba66f02,2ba66f0209fe1cdec97b8cf5862494c22fb94704318f9601a7a1f9eb4b783796,leakage_sweep,constant,rotation_shear,exponential,0.6,9015,partial_leakage_eps0,smooth_separable,0.0,1.0,6,24,288,5,24,5,0,19,1.3066420562634853,0.009879810742804007,0.009879810742804007,132.25375366782023,6.04906670139537,16.185319973603203,10.327653019065771,24,24,24
E1_20260824T221028Z_2ba66f02,2ba66f0209fe1cdec97b8cf5862494c22fb94704318f9601a7a1f9eb4b783796,leakage_sweep,constant,rotation_shear,exponential,0.6,9016,partial_leakage_eps0,smooth_separable,0.0,1.0,6,24,288,5,24,5,0,19,1.3066420562634853,0.009879810742804007,0.009879810742804007,132.25375366782023,6.04906670139537,16.185319973603203,10.327653019065771,24,24,24
E1_20260824T221028Z_2ba66f02,2ba66f0209fe1cdec97b8cf5862494c22fb94704318f9601a7a1f9eb4b783796,leakage_sweep,constant,rotation_shear,exponential,0.6,9017,partial_leakage_eps0,smooth_separable,0.0,1.0,6,24,288,5,24,5,0,19,1.3066420562634853,0.009879810742804007,0.009879810742804007,132.25375366782023,6.04906670139537,16.185319973603203,10.327653019065771,24,24,24
E1_20260824T221028Z_2ba66f02,2ba66f0209fe1cdec97b8cf5862494c22fb94704318f9601a7a1f9eb4b783796,leakage_sweep,constant,rotation_shear,exponential,0.6,9018,partial_leakage_eps0,smooth_separable,0.0,1.0,6,24,288,5,24,5,0,19,1.3066420562634853,0.009879810742804007,0.009879810742804007,132.25375366782023,6.04906670139537,16.185319973603203,10.327653019065771,24,24,24
E1_20260824T221028Z_2ba66f02,2ba66f0209fe1cdec97b8cf5862494c22fb94704318f9601a7a1f9eb4b783796,leakage_sweep,constant,rotation_shear,exponential,0.6,9019,partial_leakage_eps0,smooth_separable,0.0,1.0,6,24,288,5,24,5,0,19,1.3066420562634853,0.009879810742804007,0.009879810742804007,132.25375366782023,6.04906670139537,16.185319973603203,10.327653019065771,24,24,24
E1_20260824T221028Z_2ba66f02,2ba66f0209fe1cdec97b8cf5862494c22fb94704318f9601a7a1f9eb4b783796,leakage_sweep,constant,rotation_shear,exponential,0.6,9000,partial_leakage_eps0.02,smooth_separable,0.02,1.0204081632653064,6,24,288,5,24,5,0,19,1.3124476076922789,0.009858583325723532,0.009858583325723532,133.1274042455747,6.023483279029421,16.180647932867767,10.375562725427251,24,24,24
E1_20260824T221028Z_2ba66f02,2ba66f0209fe1cdec97b8cf5862494c22fb94704318f9601a7a1f9eb4b783796,leakage_sweep,constant,rotation_shear,exponential,0.6,9001,partial_leakage_eps0.02,smooth_separable,0.02,1.0204081632653064,6,24,288,5,24,5,0,19,1.3124476076922789,0.009858583325723532,0.009858583325723532,133.1274042455747,6.023483279029421,16.180647932867767,10.375562725427251,24,24,24
E1_20260824T221028Z_2ba66f02,2ba66f0209fe1cdec97b8cf5862494c22fb94704318f9601a7a1f9eb4b783796,leakage_sweep,constant,rotation_shear,exponential,0.6,9002,partial_leakage_eps0.02,smooth_separable,0.02,1.0204081632653064,6,24,288,5,24,5,0,19,1.3124476076922789,0.009858583325723532,0.009858583325723532,133.1274042455747,6.023483279029421,16.180647932867767,10.375562725427251,24,24,24
E1_20260824T221028Z_2ba66f02,2ba66f0209fe1cdec97b8cf5862494c22fb94704318f9601a7a1f9eb4b783796,leakage_sweep,constant,rotation_shear,exponential,0.6,9003,partial_leakage_eps0.02,smooth_separable,0.02,1.0204081632653064,6,24,288,5,24,5,0,19,1.3124476076922789,0.009858583325723532,0.009858583325723532,133.1274042455747,6.023483279029421,16.180647932867767,10.375562725427251,24,24,24
E1_20260824T221028Z_2ba66f02,2ba66f0209fe1cdec97b8cf5862494c22fb94704318f9601a7a1f9eb4b783796,leakage_sweep,constant,rotation_shear,exponential,0.6,9004,partial_leakage_eps0.02,smooth_separable,0.02,1.0204081632653064,6,24,288,5,24,5,0,19,1.3124476076922789,0.009858583325723532,0.009858583325723532,133.1274042455747,6.023483279029421,16.180647932867767,10.375562725427251,24,24,24
E1_20260824T221028Z_2ba66f02,2ba66f0209fe1cdec97b8cf5862494c22fb94704318f9601a7a1f9eb4b783796,leakage_sweep,constant,rotation_shear,exponential,0.6,9005,partial_leakage_eps0.02,smooth_separable,0.02,1.0204081632653064,6,24,288,5,24,5,0,19,1.3124476076922789,0.009858583325723532,0.009858583325723532,133.1274042455747,6.023483279029421,16.180647932867767,10.375562725427251,24,24,24
E1_20260824T221028Z_2ba66f02,2ba66f0209fe1cdec97b8cf5862494c22fb94704318f9601a7a1f9eb4b783796,leakage_sweep,constant,rotation_shear,exponential,0.6,9006,partial_leakage_eps0.02,smooth_separable,0.02,1.0204081632653064,6,24,288,5,24,5,0,19,1.3124476076922789,0.009858583325723532,0.009858583325723532,133.1274042455747,6.023483279029421,16.180647932867767,10.375562725427251,24,24,24
E1_20260824T221028Z_2ba66f02,2ba66f0209fe1cdec97b8cf5862494c22fb94704318f9601a7a1f9eb4b783796,leakage_sweep,constant,rotation_shear,exponential,0.6,9007,partial_leakage_eps0.02,smooth_separable,0.02,1.0204081632653064,6,24,288,5,24,5,0,19,1.3124476076922789,0.009858583325723532,0.009858583325723532,133.1274042455747,6.023483279029421,16.180647932867767,10.375562725427251,24,24,24
E1_20260824T221028Z_2ba66f02,2ba66f0209fe1cdec97b8cf5862494c22fb94704318f9601a7a1f9eb4b783796,leakage_sweep,constant,rotation_shear,exponential,0.6,9008,partial_leakage_eps0.02,smooth_separable,0.02,1.0204081632653064,6,24,288,5,24,5,0,19,1.3124476076922789,0.009858583325723532,0.009858583325723532,133.1274042455747,6.023483279029421,16.180647932867767,10.375562725427251,24,24,24
E1_20260824T221028Z_2ba66f02,2ba66f0209fe1cdec97b8cf5862494c22fb94704318f9601a7a1f9eb4b783796,leakage_sweep,constant,rotation_shear,exponential,0.6,9009,partial_leakage_eps0.02,smooth_separable,0.02,1.0204081632653064,6,24,288,5,24,5,0,19,1.3124476076922789,0.009858583325723532,0.009858583325723532,133.1274042455747,6.023483279029421,16.180647932867767,10.375562725427251,24,24,24
E1_20260824T221028Z_2ba66f02,2ba66f0209fe1cdec97b8cf5862494c22fb94704318f9601a7a1f9eb4b783796,leakage_sweep,constant,rotation_shear,exponential,0.6,9010,partial_leakage_eps0.02,smooth_separable,0.02,1.0204081632653064,6,24,288,5,24,5,0,19,1.3124476076922789,0.009858583325723532,0.009858583325723532,133.1274042455747,6.023483279029421,16.180647932867767,10.375562725427251,24,24,24
E1_20260824T221028Z_2ba66f02,2ba66f0209fe1cdec97b8cf5862494c22fb94704318f9601a7a1f9eb4b783796,leakage_sweep,constant,rotation_shear,exponential,0.6,9011,partial_leakage_eps0.02,smooth_separable,0.02,1.0204081632653064,6,24,288,5,24,5,0,19,1.3124476076922789,0.009858583325723532,0.009858583325723532,133.1274042455747,6.023483279029421,16.180647932867767,10.375562725427251,24,24,24
E1_20260824T221028Z_2ba66f02,2ba66f0209fe1cdec97b8cf5862494c22fb94704318f9601a7a1f9eb4b783796,leakage_sweep,constant,rotation_shear,exponential,0.6,9012,partial_leakage_eps0.02,smooth_separable,0.02,1.0204081632653064,6,24,288,5,24,5,0,19,1.3124476076922789,0.009858583325723532,0.009858583325723532,133.1274042455747,6.023483279029421,16.180647932867767,10.375562725427251,24,24,24
E1_20260824T221028Z_2ba66f02,2ba66f0209fe1cdec97b8cf5862494c22fb94704318f9601a7a1f9eb4b783796,leakage_sweep,constant,rotation_shear,exponential,0.6,9013,partial_leakage_eps0.02,smooth_separable,0.02,1.0204081632653064,6,24,288,5,24,5,0,19,1.3124476076922789,0.009858583325723532,0.009858583325723532,133.1274042455747,6.023483279029421,16.180647932867767,10.375562725427251,24,24,24
E1_20260824T221028Z_2ba66f02,2ba66f0209fe1cdec97b8cf5862494c22fb94704318f9601a7a1f9eb4b783796,leakage_sweep,constant,rotation_shear,exponential,0.6,9014,partial_leakage_eps0.02,smooth_separable,0.02,1.0204081632653064,6,24,288,5,24,5,0,19,1.3124476076922789,0.009858583325723532,0.009858583325723532,133.1274042455747,6.023483279029421,16.180647932867767,10.375562725427251,24,24,24
E1_20260824T221028Z_2ba66f02,2ba66f0209fe1cdec97b8cf5862494c22fb94704318f9601a7a1f9eb4b783796,leakage_sweep,constant,rotation_shear,exponential,0.6,9015,partial_leakage_eps0.02,smooth_separable,0.02,1.0204081632653064,6,24,288,5,24,5,0,19,1.3124476076922789,0.009858583325723532,0.009858583325723532,133.1274042455747,6.023483279029421,16.180647932867767,10.375562725427251,24,24,24
E1_20260824T221028Z_2ba66f02,2ba66f0209fe1cdec97b8cf5862494c22fb94704318f9601a7a1f9eb4b783796,leakage_sweep,constant,rotation_shear,exponential,0.6,9016,partial_leakage_eps0.02,smooth_separable,0.02,1.0204081632653064,6,24,288,5,24,5,0,19,1.3124476076922789,0.009858583325723532,0.009858583325723532,133.1274042455747,6.023483279029421,16.180647932867767,10.375562725427251,24,24,24
E1_20260824T221028Z_2ba66f02,2ba66f0209fe1cdec97b8cf5862494c22fb94704318f9601a7a1f9eb4b783796,leakage_sweep,constant,rotation_shear,exponential,0.6,9017,partial_leakage_eps0.02,smooth_separable,0.02,1.0204081632653064,6,24,288,5,24,5,0,19,1.3124476076922789,0.009858583325723532,0.009858583325723532,133.1274042455747,6.023483279029421,16.180647932867767,10.375562725427251,24,24,24
E1_20260824T221028Z_2ba66f02,2ba66f0209fe1cdec97b8cf5862494c22fb94704318f9601a7a1f9eb4b783796,leakage_sweep,constant,rotation_shear,exponential,0.6,9018,partial_leakage_eps0.02,smooth_separable,0.02,1.0204081632653064,6,24,288,5,24,5,0,19,1.3124476076922789,0.009858583325723532,0.009858583325723532,133.1274042455747,6.023483279029421,16.180647932867767,10.375562725427251,24,24,24
E1_20260824T221028Z_2ba66f02,2ba66f0209fe1cdec97b8cf5862494c22fb94704318f9601a7a1f9eb4b783796,leakage_sweep,constant,rotation_shear,exponential,0.6,9019,partial_leakage_eps0.02,smooth_separable,0.02,1.0204081632653064,6,24,288,5,24,5,0,19,1.3124476076922789,0.009858583325723532,0.009858583325723532,133.1274042455747,6.023483279029421,16.180647932867767,10.375562725427251,24,24,24
E1_20260824T221028Z_2ba66f02,2ba66f0209fe1cdec97b8cf5862494c22fb94704318f9601a7a1f9eb4b783796,leakage_sweep,constant,rotation_shear,exponential,0.6,9000,partial_leakage_eps0.05,smooth_separable,0.05,1.0526315789473681,6,24,288,5,24,5,0,19,1.321889315844144,0.00982394475005006,0.00982394475005006,134.55789394961818,5.9813775109082865,16.171546384683744,10.451807403454588,24,24,24
E1_20260824T221028Z_2ba66f02,2ba66f0209fe1cdec97b8cf5862494c22fb94704318f9601a7a1f9eb4b783796,leakage_sweep,constant,rotation_shear,exponential,0.6,9001,partial_leakage_eps0.05,smooth_separable,0.05,1.0526315789473681,6,24,288,5,24,5,0,19,1.321889315844144,0.00982394475005006,0.00982394475005006,134.55789394961818,5.9813775109082865,16.171546384683744,10.451807403454588,24,24,24
E1_20260824T221028Z_2ba66f02,2ba66f0209fe1cdec97b8cf5862494c22fb94704318f9601a7a1f9eb4b783796,leakage_sweep,constant,rotation_shear,exponential,0.6,9002,partial_leakage_eps0.05,smooth_separable,0.05,1.0526315789473681,6,24,288,5,24,5,0,19,1.321889315844144,0.00982394475005006,0.00982394475005006,134.55789394961818,5.9813775109082865,16.171546384683744,10.451807403454588,24,24,24
E1_20260824T221028Z_2ba66f02,2ba66f0209fe1cdec97b8cf5862494c22fb94704318f9601a7a1f9eb4b783796,leakage_sweep,constant,rotation_shear,exponential,0.6,9003,partial_leakage_eps0.05,smooth_separable,0.05,1.0526315789473681,6,24,288,5,24,5,0,19,1.321889315844144,0.00982394475005006,0.00982394475005006,134.55789394961818,5.9813775109082865,16.171546384683744,10.451807403454588,24,24,24
E1_20260824T221028Z_2ba66f02,2ba66f0209fe1cdec97b8cf5862494c22fb94704318f9601a7a1f9eb4b783796,leakage_sweep,constant,rotation_shear,exponential,0.6,9004,partial_leakage_eps0.05,smooth_separable,0.05,1.0526315789473681,6,24,288,5,24,5,0,19,1.321889315844144,0.00982394475005006,0.00982394475005006,134.55789394961818,5.9813775109082865,16.171546384683744,10.451807403454588,24,24,24
E1_20260824T221028Z_2ba66f02,2ba66f0209fe1cdec97b8cf5862494c22fb94704318f9601a7a1f9eb4b783796,leakage_sweep,constant,rotation_shear,exponential,0.6,9005,partial_leakage_eps0.05,smooth_separable,0.05,1.0526315789473681,6,24,288,5,24,5,0,19,1.321889315844144,0.00982394475005006,0.00982394475005006,134.55789394961818,5.9813775109082865,16.171546384683744,10.451807403454588,24,24,24
E1_20260824T221028Z_2ba66f02,2ba66f0209fe1cdec97b8cf5862494c22fb94704318f9601a7a1f9eb4b783796,leakage_sweep,constant,rotation_shear,exponential,0.6,9006,partial_leakage_eps0.05,smooth_separable,0.05,1.0526315789473681,6,24,288,5,24,5,0,19,1.321889315844144,0.00982394475005006,0.00982394475005006,134.55789394961818,5.9813775109082865,16.171546384683744,10.451807403454588,24,24,24
E1_20260824T221028Z_2ba66f02,2ba66f0209fe1cdec97b8cf5862494c22fb94704318f9601a7a1f9eb4b783796,leakage_sweep,constant,rotation_shear,exponential,0.6,9007,partial_leakage_eps0.05,smooth_separable,0.05,1.0526315789473681,6,24,288,5,24,5,0,19,1.321889315844144,0.00982394475005006,0.00982394475005006,134.55789394961818,5.9813775109082865,16.171546384683744,10.451807403454588,24,24,24
E1_20260824T221028Z_2ba66f02,2ba66f0209fe1cdec97b8cf5862494c22fb94704318f9601a7a1f9eb4b783796,leakage_sweep,constant,rotation_shear,exponential,0.6,9008,partial_leakage_eps0.05,smooth_separable,0.05,1.0526315789473681,6,24,288,5,24,5,0,19,1.321889315844144,0.00982394475005006,0.00982394475005006,134.55789394961818,5.9813775109082865,16.171546384683744,10.451807403454588,24,24,24
E1_20260824T221028Z_2ba66f02,2ba66f0209fe1cdec97b8cf5862494c22fb94704318f9601a7a1f9eb4b783796,leakage_sweep,constant,rotation_shear,exponential,0.6,9009,partial_leakage_eps0.05,smooth_separable,0.05,1.0526315789473681,6,24,288,5,24,5,0,19,1.321889315844144,0.00982394475005006,0.00982394475005006,134.55789394961818,5.9813775109082865,16.171546384683744,10.451807403454588,24,24,24
E1_20260824T221028Z_2ba66f02,2ba66f0209fe1cdec97b8cf5862494c22fb94704318f9601a7a1f9eb4b783796,leakage_sweep,constant,rotation_shear,exponential,0.6,9010,partial_leakage_eps0.05,smooth_separable,0.05,1.0526315789473681,6,24,288,5,24,5,0,19,1.321889315844144,0.00982394475005006,0.00982394475005006,134.55789394961818,5.9813775109082865,16.171546384683744,10.451807403454588,24,24,24
E1_20260824T221028Z_2ba66f02,2ba66f0209fe1cdec97b8cf5862494c22fb94704318f9601a7a1f9eb4b783796,leakage_sweep,constant,rotation_shear,exponential,0.6,9011,partial_leakage_eps0.05,smooth_separable,0.05,1.0526315789473681,6,24,288,5,24,5,0,19,1.321889315844144,0.00982394475005006,0.00982394475005006,134.55789394961818,5.9813775109082865,16.171546384683744,10.451807403454588,24,24,24
E1_20260824T221028Z_2ba66f02,2ba66f0209fe1cdec97b8cf5862494c22fb94704318f9601a7a1f9eb4b783796,leakage_sweep,constant,rotation_shear,exponential,0.6,9012,partial_leakage_eps0.05,smooth_separable,0.05,1.0526315789473681,6,24,288,5,24,5,0,19,1.321889315844144,0.00982394475005006,0.00982394475005006,134.55789394961818,5.9813775109082865,16.171546384683744,10.451807403454588,24,24,24
E1_20260824T221028Z_2ba66f02,2ba66f0209fe1cdec97b8cf5862494c22fb94704318f9601a7a1f9eb4b783796,leakage_sweep,constant,rotation_shear,exponential,0.6,9013,partial_leakage_eps0.05,smooth_separable,0.05,1.0526315789473681,6,24,288,5,24,5,0,19,1.321889315844144,0.00982394475005006,0.00982394475005006,134.55789394961818,5.9813775109082865,16.171546384683744,10.451807403454588,24,24,24
E1_20260824T221028Z_2ba66f02,2ba66f0209fe1cdec97b8cf5862494c22fb94704318f9601a7a1f9eb4b783796,leakage_sweep,constant,rotation_shear,exponential,0.6,9014,partial_leakage_eps0.05,smooth_separable,0.05,1.0526315789473681,6,24,288,5,24,5,0,19,1.321889315844144,0.00982394475005006,0.00982394475005006,134.55789394961818,5.9813775109082865,16.171546384683744,10.451807403454588,24,24,24
E1_20260824T221028Z_2ba66f02,2ba66f0209fe1cdec97b8cf5862494c22fb94704318f9601a7a1f9eb4b783796,leakage_sweep,constant,rotation_shear,exponential,0.6,9015,partial_leakage_eps0.05,smooth_separable,0.05,1.0526315789473681,6,24,288,5,24,5,0,19,1.321889315844144,0.00982394475005006,0.00982394475005006,134.55789394961818,5.9813775109082865,16.171546384683744,10.451807403454588,24,24,24
E1_20260824T221028Z_2ba66f02,2ba66f0209fe1cdec97b8cf5862494c22fb94704318f9601a7a1f9eb4b783796,leakage_sweep,constant,rotation_shear,exponential,0.6,9016,partial_leakage_eps0.05,smooth_separable,0.05,1.0526315789473681,6,24,288,5,24,5,0,19,1.321889315844144,0.00982394475005006,0.00982394475005006,134.55789394961818,5.9813775109082865,16.171546384683744,10.451807403454588,24,24,24
E1_20260824T221028Z_2ba66f02,2ba66f0209fe1cdec97b8cf5862494c22fb94704318f9601a7a1f9eb4b783796,leakage_sweep,constant,rotation_shear,exponential,0.6,9017,partial_leakage_eps0.05,smooth_separable,0.05,1.0526315789473681,6,24,288,5,24,5,0,19,1.321889315844144,0.00982394475005006,0.00982394475005006,134.55789394961818,5.9813775109082865,16.171546384683744,10.451807403454588,24,24,24
E1_20260824T221028Z_2ba66f02,2ba66f0209fe1cdec97b8cf5862494c22fb94704318f9601a7a1f9eb4b783796,leakage_sweep,constant,rotation_shear,exponential,0.6,9018,partial_leakage_eps0.05,smooth_separable,0.05,1.0526315789473681,6,24,288,5,24,5,0,19,1.321889315844144,0.00982394475005006,0.00982394475005006,134.55789394961818,5.9813775109082865,16.171546384683744,10.451807403454588,24,24,24
E1_20260824T221028Z_2ba66f02,2ba66f0209fe1cdec97b8cf5862494c22fb94704318f9601a7a1f9eb4b783796,leakage_sweep,constant,rotation_shear,exponential,0.6,9019,partial_leakage_eps0.05,smooth_separable,0.05,1.0526315789473681,6,24,288,5,24,5,0,19,1.321889315844144,0.00982394475005006,0.00982394475005006,134.55789394961818,5.9813775109082865,16.171546384683744,10.451807403454588,24,24,24
E1_20260824T221028Z_2ba66f02,2ba66f0209fe1cdec97b8cf5862494c22fb94704318f9601a7a1f9eb4b783796,leakage_sweep,constant,rotation_shear,exponential,0.6,9000,partial_leakage_eps0.1,smooth_separable,0.1,1.111111111111111,6,24,288,5,24,5,0,19,1.3397002215666511,0.009757810496719838,0.009757810496719838,137.2951669861801,5.901366453340452,16.149959295594247,10.591752939551657,24,24,24
E1_20260824T221028Z_2ba66f02,2ba66f0209fe1cdec97b8cf5862494c22fb94704318f9601a7a1f9eb4b783796,leakage_sweep,constant,rotation_shear,exponential,0.6,9001,partial_leakage_eps0.1,smooth_separable,0.1,1.111111111111111,6,24,288,5,24,5,0,19,1.3397002215666511,0.009757810496719838,0.009757810496719838,137.2951669861801,5.901366453340452,16.149959295594247,10.591752939551657,24,24,24
E1_20260824T221028Z_2ba66f02,2ba66f0209fe1cdec97b8cf5862494c22fb94704318f9601a7a1f9eb4b783796,leakage_sweep,constant,rotation_shear,exponential,0.6,9002,partial_leakage_eps0.1,smooth_separable,0.1,1.111111111111111,6,24,288,5,24,5,0,19,1.3397002215666511,0.009757810496719838,0.009757810496719838,137.2951669861801,5.901366453340452,16.149959295594247,10.591752939551657,24,24,24
E1_20260824T221028Z_2ba66f02,2ba66f0209fe1cdec97b8cf5862494c22fb94704318f9601a7a1f9eb4b783796,leakage_sweep,constant,rotation_shear,exponential,0.6,9003,partial_leakage_eps0.1,smooth_separable,0.1,1.111111111111111,6,24,288,5,24,5,0,19,1.3397002215666511,0.009757810496719838,0.009757810496719838,137.2951669861801,5.901366453340452,16.149959295594247,10.591752939551657,24,24,24
E1_20260824T221028Z_2ba66f02,2ba66f0209fe1cdec97b8cf5862494c22fb94704318f9601a7a1f9eb4b783796,leakage_sweep,constant,rotation_shear,exponential,0.6,9004,partial_leakage_eps0.1,smooth_separable,0.1,1.111111111111111,6,24,288,5,24,5,0,19,1.3397002215666511,0.009757810496719838,0.009757810496719838,137.2951669861801,5.901366453340452,16.149959295594247,10.591752939551657,24,24,24
E1_20260824T221028Z_2ba66f02,2ba66f0209fe1cdec97b8cf5862494c22fb94704318f9601a7a1f9eb4b783796,leakage_sweep,constant,rotation_shear,exponential,0.6,9005,partial_leakage_eps0.1,smooth_separable,0.1,1.111111111111111,6,24,288,5,24,5,0,19,1.3397002215666511,0.009757810496719838,0.009757810496719838,137.2951669861801,5.901366453340452,16.149959295594247,10.591752939551657,24,24,24
E1_20260824T221028Z_2ba66f02,2ba66f0209fe1cdec97b8cf5862494c22fb94704318f9601a7a1f9eb4b783796,leakage_sweep,constant,rotation_shear,exponential,0.6,9006,partial_leakage_eps0.1,smooth_separable,0.1,1.111111111111111,6,24,288,5,24,5,0,19,1.3397002215666511,0.009757810496719838,0.009757810496719838,137.2951669861801,5.901366453340452,16.149959295594247,10.591752939551657,24,24,24
E1_20260824T221028Z_2ba66f02,2ba66f0209fe1cdec97b8cf5862494c22fb94704318f9601a7a1f9eb4b783796,leakage_sweep,constant,rotation_shear,exponential,0.6,9007,partial_leakage_eps0.1,smooth_separable,0.1,1.111111111111111,6,24,288,5,24,5,0,19,1.3397002215666511,0.009757810496719838,0.009757810496719838,137.2951669861801,5.901366453340452,16.149959295594247,10.591752939551657,24,24,24
E1_20260824T221028Z_2ba66f02,2ba66f0209fe1cdec97b8cf5862494c22fb94704318f9601a7a1f9eb4b783796,leakage_sweep,constant,rotation_shear,exponential,0.6,9008,partial_leakage_eps0.1,smooth_separable,0.1,1.111111111111111,6,24,288,5,24,5,0,19,1.3397002215666511,0.009757810496719838,0.009757810496719838,137.2951669861801,5.901366453340452,16.149959295594247,10.591752939551657,24,24,24
E1_20260824T221028Z_2ba66f02,2ba66f0209fe1cdec97b8cf5862494c22fb94704318f9601a7a1f9eb4b783796,leakage_sweep,constant,rotation_shear,exponential,0.6,9009,partial_leakage_eps0.1,smooth_separable,0.1,1.111111111111111,6,24,288,5,24,5,0,19,1.3397002215666511,0.009757810496719838,0.009757810496719838,137.2951669861801,5.901366453340452,16.149959295594247,10.591752939551657,24,24,24
E1_20260824T221028Z_2ba66f02,2ba66f0209fe1cdec97b8cf5862494c22fb94704318f9601a7a1f9eb4b783796,leakage_sweep,constant,rotation_shear,exponential,0.6,9010,partial_leakage_eps0.1,smooth_separable,0.1,1.111111111111111,6,24,288,5,24,5,0,19,1.3397002215666511,0.009757810496719838,0.009757810496719838,137.2951669861801,5.901366453340452,16.149959295594247,10.591752939551657,24,24,24
E1_20260824T221028Z_2ba66f02,2ba66f0209fe1cdec97b8cf5862494c22fb94704318f9601a7a1f9eb4b783796,leakage_sweep,constant,rotation_shear,exponential,0.6,9011,partial_leakage_eps0.1,smooth_separable,0.1,1.111111111111111,6,24,288,5,24,5,0,19,1.3397002215666511,0.009757810496719838,0.009757810496719838,137.2951669861801,5.901366453340452,16.149959295594247,10.591752939551657,24,24,24
E1_20260824T221028Z_2ba66f02,2ba66f0209fe1cdec97b8cf5862494c22fb94704318f9601a7a1f9eb4b783796,leakage_sweep,constant,rotation_shear,exponential,0.6,9012,partial_leakage_eps0.1,smooth_separable,0.1,1.111111111111111,6,24,288,5,24,5,0,19,1.3397002215666511,0.009757810496719838,0.009757810496719838,137.2951669861801,5.901366453340452,16.149959295594247,10.591752939551657,24,24,24
E1_20260824T221028Z_2ba66f02,2ba66f0209fe1cdec97b8cf5862494c22fb94704318f9601a7a1f9eb4b783796,leakage_sweep,constant,rotation_shear,exponential,0.6,9013,partial_leakage_eps0.1,smooth_separable,0.1,1.111111111111111,6,24,288,5,24,5,0,19,1.3397002215666511,0.009757810496719838,0.009757810496719838,137.2951669861801,5.901366453340452,16.149959295594247,10.591752939551657,24,24,24
E1_20260824T221028Z_2ba66f02,2ba66f0209fe1cdec97b8cf5862494c22fb94704318f9601a7a1f9eb4b783796,leakage_sweep,constant,rotation_shear,exponential,0.6,9014,partial_leakage_eps0.1,smooth_separable,0.1,1.111111111111111,6,24,288,5,24,5,0,19,1.3397002215666511,0.009757810496719838,0.009757810496719838,137.2951669861801,5.901366453340452,16.149959295594247,10.591752939551657,24,24,24
E1_20260824T221028Z_2ba66f02,2ba66f0209fe1cdec97b8cf5862494c22fb94704318f9601a7a1f9eb4b783796,leakage_sweep,constant,rotation_shear,exponential,0.6,9015,partial_leakage_eps0.1,smooth_separable,0.1,1.111111111111111,6,24,288,5,24,5,0,19,1.3397002215666511,0.009757810496719838,0.009757810496719838,137.2951669861801,5.901366453340452,16.149959295594247,10.591752939551657,24,24,24
E1_20260824T221028Z_2ba66f02,2ba66f0209fe1cdec97b8cf5862494c22fb94704318f9601a7a1f9eb4b783796,leakage_sweep,constant,rotation_shear,exponential,0.6,9016,partial_leakage_eps0.1,smooth_separable,0.1,1.111111111111111,6,24,288,5,24,5,0,19,1.3397002215666511,0.009757810496719838,0.009757810496719838,137.2951669861801,5.901366453340452,16.149959295594247,10.591752939551657,24,24,24
E1_20260824T221028Z_2ba66f02,2ba66f0209fe1cdec97b8cf5862494c22fb94704318f9601a7a1f9eb4b783796,leakage_sweep,constant,rotation_shear,exponential,0.6,9017,partial_leakage_eps0.1,smooth_separable,0.1,1.111111111111111,6,24,288,5,24,5,0,19,1.3397002215666511,0.009757810496719838,0.009757810496719838,137.2951669861801,5.901366453340452,16.149959295594247,10.591752939551657,24,24,24
E1_20260824T221028Z_2ba66f02,2ba66f0209fe1cdec97b8cf5862494c22fb94704318f9601a7a1f9eb4b783796,leakage_sweep,constant,rotation_shear,exponential,0.6,9018,partial_leakage_eps0.1,smooth_separable,0.1,1.111111111111111,6,24,288,5,24,5,0,19,1.3397002215666511,0.009757810496719838,0.009757810496719838,137.2951669861801,5.901366453340452,16.149959295594247,10.591752939551657,24,24,24
E1_20260824T221028Z_2ba66f02,2ba66f0209fe1cdec97b8cf5862494c22fb94704318f9601a7a1f9eb4b783796,leakage_sweep,constant,rotation_shear,exponential,0.6,9019,partial_leakage_eps0.1,smooth_separable,0.1,1.111111111111111,6,24,288,5,24,5,0,19,1.3397002215666511,0.009757810496719838,0.009757810496719838,137.2951669861801,5.901366453340452,16.149959295594247,10.591752939551657,24,24,24
E1_20260824T221028Z_2ba66f02,2ba66f0209fe1cdec97b8cf5862494c22fb94704318f9601a7a1f9eb4b783796,leakage_sweep,constant,rotation_shear,exponential,0.6,9000,partial_leakage_eps0.2,smooth_separable,0.2,1.2499999999999998,6,24,288,5,24,5,0,19,1.3842313776533086,0.009586194103252775,0.009586194103252775,144.39842994454003,5.703952920557731,16.07578659806732,10.929324266488509,24,24,24
E1_20260824T221028Z_2ba66f02,2ba66f0209fe1cdec97b8cf5862494c22fb94704318f9601a7a1f9eb4b783796,leakage_sweep,constant,rotation_shear,exponential,0.6,9001,partial_leakage_eps0.2,smooth_separable,0.2,1.2499999999999998,6,24,288,5,24,5,0,19,1.3842313776533086,0.009586194103252775,0.009586194103252775,144.39842994454003,5.703952920557731,16.07578659806732,10.929324266488509,24,24,24
E1_20260824T221028Z_2ba66f02,2ba66f0209fe1cdec97b8cf5862494c22fb94704318f9601a7a1f9eb4b783796,leakage_sweep,constant,rotation_shear,exponential,0.6,9002,partial_leakage_eps0.2,smooth_separable,0.2,1.2499999999999998,6,24,288,5,24,5,0,19,1.3842313776533086,0.009586194103252775,0.009586194103252775,144.39842994454003,5.703952920557731,16.07578659806732,10.929324266488509,24,24,24
E1_20260824T221028Z_2ba66f02,2ba66f0209fe1cdec97b8cf5862494c22fb94704318f9601a7a1f9eb4b783796,leakage_sweep,constant,rotation_shear,exponential,0.6,9003,partial_leakage_eps0.2,smooth_separable,0.2,1.2499999999999998,6,24,288,5,24,5,0,19,1.3842313776533086,0.009586194103252775,0.009586194103252775,144.39842994454003,5.703952920557731,16.07578659806732,10.929324266488509,24,24,24
E1_20260824T221028Z_2ba66f02,2ba66f0209fe1cdec97b8cf5862494c22fb94704318f9601a7a1f9eb4b783796,leakage_sweep,constant,rotation_shear,exponential,0.6,9004,partial_leakage_eps0.2,smooth_separable,0.2,1.2499999999999998,6,24,288,5,24,5,0,19,1.3842313776533086,0.009586194103252775,0.009586194103252775,144.39842994454003,5.703952920557731,16.07578659806732,10.929324266488509,24,24,24
E1_20260824T221028Z_2ba66f02,2ba66f0209fe1cdec97b8cf5862494c22fb94704318f9601a7a1f9eb4b783796,leakage_sweep,constant,rotation_shear,exponential,0.6,9005,partial_leakage_eps0.2,smooth_separable,0.2,1.2499999999999998,6,24,288,5,24,5,0,19,1.3842313776533086,0.009586194103252775,0.009586194103252775,144.39842994454003,5.703952920557731,16.07578659806732,10.929324266488509,24,24,24
E1_20260824T221028Z_2ba66f02,2ba66f0209fe1cdec97b8cf5862494c22fb94704318f9601a7a1f9eb4b783796,leakage_sweep,constant,rotation_shear,exponential,0.6,9006,partial_leakage_eps0.2,smooth_separable,0.2,1.2499999999999998,6,24,288,5,24,5,0,19,1.3842313776533086,0.009586194103252775,0.009586194103252775,144.39842994454003,5.703952920557731,16.07578659806732,10.929324266488509,24,24,24
E1_20260824T221028Z_2ba66f02,2ba66f0209fe1cdec97b8cf5862494c22fb94704318f9601a7a1f9eb4b783796,leakage_sweep,constant,rotation_shear,exponential,0.6,9007,partial_leakage_eps0.2,smooth_separable,0.2,1.2499999999999998,6,24,288,5,24,5,0,19,1.3842313776533086,0.009586194103252775,0.009586194103252775,144.39842994454003,5.703952920557731,16.07578659806732,10.929324266488509,24,24,24
E1_20260824T221028Z_2ba66f02,2ba66f0209fe1cdec97b8cf5862494c22fb94704318f9601a7a1f9eb4b783796,leakage_sweep,constant,rotation_shear,exponential,0.6,9008,partial_leakage_eps0.2,smooth_separable,0.2,1.2499999999999998,6,24,288,5,24,5,0,19,1.3842313776533086,0.009586194103252775,0.009586194103252775,144.39842994454003,5.703952920557731,16.07578659806732,10.929324266488509,24,24,24
E1_20260824T221028Z_2ba66f02,2ba66f0209fe1cdec97b8cf5862494c22fb94704318f9601a7a1f9eb4b783796,leakage_sweep,constant,rotation_shear,exponential,0.6,9009,partial_leakage_eps0.2,smooth_separable,0.2,1.2499999999999998,6,24,288,5,24,5,0,19,1.3842313776533086,0.009586194103252775,0.009586194103252775,144.39842994454003,5.703952920557731,16.07578659806732,10.929324266488509,24,24,24
E1_20260824T221028Z_2ba66f02,2ba66f0209fe1cdec97b8cf5862494c22fb94704318f9601a7a1f9eb4b783796,leakage_sweep,constant,rotation_shear,exponential,0.6,9010,partial_leakage_eps0.2,smooth_separable,0.2,1.2499999999999998,6,24,288,5,24,5,0,19,1.3842313776533086,0.009586194103252775,0.009586194103252775,144.39842994454003,5.703952920557731,16.07578659806732,10.929324266488509,24,24,24
E1_20260824T221028Z_2ba66f02,2ba66f0209fe1cdec97b8cf5862494c22fb94704318f9601a7a1f9eb4b783796,leakage_sweep,constant,rotation_shear,exponential,0.6,9011,partial_leakage_eps0.2,smooth_separable,0.2,1.2499999999999998,6,24,288,5,24,5,0,19,1.3842313776533086,0.009586194103252775,0.009586194103252775,144.39842994454003,5.703952920557731,16.07578659806732,10.929324266488509,24,24,24
E1_20260824T221028Z_2ba66f02,2ba66f0209fe1cdec97b8cf5862494c22fb94704318f9601a7a1f9eb4b783796,leakage_sweep,constant,rotation_shear,exponential,0.6,9012,partial_leakage_eps0.2,smooth_separable,0.2,1.2499999999999998,6,24,288,5,24,5,0,19,1.3842313776533086,0.009586194103252775,0.009586194103252775,144.39842994454003,5.703952920557731,16.07578659806732,10.929324266488509,24,24,24
E1_20260824T221028Z_2ba66f02,2ba66f0209fe1cdec97b8cf5862494c22fb94704318f9601a7a1f9eb4b783796,leakage_sweep,constant,rotation_shear,exponential,0.6,9013,partial_leakage_eps0.2,smooth_separable,0.2,1.2499999999999998,6,24,288,5,24,5,0,19,1.3842313776533086,0.009586194103252775,0.009586194103252775,144.39842994454003,5.703952920557731,16.07578659806732,10.929324266488509,24,24,24
E1_20260824T221028Z_2ba66f02,2ba66f0209fe1cdec97b8cf5862494c22fb94704318f9601a7a1f9eb4b783796,leakage_sweep,constant,rotation_shear,exponential,0.6,9014,partial_leakage_eps0.2,smooth_separable,0.2,1.2499999999999998,6,24,288,5,24,5,0,19,1.3842313776533086,0.009586194103252775,0.009586194103252775,144.39842994454003,5.703952920557731,16.07578659806732,10.929324266488509,24,24,24
E1_20260824T221028Z_2ba66f02,2ba66f0209fe1cdec97b8cf5862494c22fb94704318f9601a7a1f9eb4b783796,leakage_sweep,constant,rotation_shear,exponential,0.6,9015,partial_leakage_eps0.2,smooth_separable,0.2,1.2499999999999998,6,24,288,5,24,5,0,19,1.3842313776533086,0.009586194103252775,0.009586194103252775,144.39842994454003,5.703952920557731,16.07578659806732,10.929324266488509,24,24,24
E1_20260824T221028Z_2ba66f02,2ba66f0209fe1cdec97b8cf5862494c22fb94704318f9601a7a1f9eb4b783796,leakage_sweep,constant,rotation_shear,exponential,0.6,9016,partial_leakage_eps0.2,smooth_separable,0.2,1.2499999999999998,6,24,288,5,24,5,0,19,1.3842313776533086,0.009586194103252775,0.009586194103252775,144.39842994454003,5.703952920557731,16.07578659806732,10.929324266488509,24,24,24
E1_20260824T221028Z_2ba66f02,2ba66f0209fe1cdec97b8cf5862494c22fb94704318f9601a7a1f9eb4b783796,leakage_sweep,constant,rotation_shear,exponential,0.6,9017,partial_leakage_eps0.2,smooth_separable,0.2,1.2499999999999998,6,24,288,5,24,5,0,19,1.3842313776533086,0.009586194103252775,0.009586194103252775,144.39842994454003,5.703952920557731,16.07578659806732,10.929324266488509,24,24,24
E1_20260824T221028Z_2ba66f02,2ba66f0209fe1cdec97b8cf5862494c22fb94704318f9601a7a1f9eb4b783796,leakage_sweep,constant,rotation_shear,exponential,0.6,9018,partial_leakage_eps0.2,smooth_separable,0.2,1.2499999999999998,6,24,288,5,24,5,0,19,1.3842313776533086,0.009586194103252775,0.009586194103252775,144.39842994454003,5.703952920557731,16.07578659806732,10.929324266488509,24,24,24
E1_20260824T221028Z_2ba66f02,2ba66f0209fe1cdec97b8cf5862494c22fb94704318f9601a7a1f9eb4b783796,leakage_sweep,constant,rotation_shear,exponential,0.6,9019,partial_leakage_eps0.2,smooth_separable,0.2,1.2499999999999998,6,24,288,5,24,5,0,19,1.3842313776533086,0.009586194103252775,0.009586194103252775,144.39842994454003,5.703952920557731,16.07578659806732,10.929324266488509,24,24,24
E1_20260824T221028Z_2ba66f02,2ba66f0209fe1cdec97b8cf5862494c22fb94704318f9601a7a1f9eb4b783796,leakage_sweep,constant,rotation_shear,exponential,0.6,9000,partial_leakage_eps0.4,smooth_separable,0.4,1.666666666666667,6,24,288,5,24,6,0,18,1.520082578363412,0.008993587791159429,0.008993587791159429,169.0184844648575,5.163960046867542,15.722526210759083,11.932109678859735,24,24,24
E1_20260824T221028Z_2ba66f02,2ba66f0209fe1cdec97b8cf5862494c22fb94704318f9601a7a1f9eb4b783796,leakage_sweep,constant,rotation_shear,exponential,0.6,9001,partial_leakage_eps0.4,smooth_separable,0.4,1.666666666666667,6,24,288,5,24,6,0,18,1.520082578363412,0.008993587791159429,0.008993587791159429,169.0184844648575,5.163960046867542,15.722526210759083,11.932109678859735,24,24,24
E1_20260824T221028Z_2ba66f02,2ba66f0209fe1cdec97b8cf5862494c22fb94704318f9601a7a1f9eb4b783796,leakage_sweep,constant,rotation_shear,exponential,0.6,9002,partial_leakage_eps0.4,smooth_separable,0.4,1.666666666666667,6,24,288,5,24,6,0,18,1.520082578363412,0.008993587791159429,0.008993587791159429,169.0184844648575,5.163960046867542,15.722526210759083,11.932109678859735,24,24,24
E1_20260824T221028Z_2ba66f02,2ba66f0209fe1cdec97b8cf5862494c22fb94704318f9601a7a1f9eb4b783796,leakage_sweep,constant,rotation_shear,exponential,0.6,9003,partial_leakage_eps0.4,smooth_separable,0.4,1.666666666666667,6,24,288,5,24,6,0,18,1.520082578363412,0.008993587791159429,0.008993587791159429,169.0184844648575,5.163960046867542,15.722526210759083,11.932109678859735,24,24,24
E1_20260824T221028Z_2ba66f02,2ba66f0209fe1cdec97b8cf5862494c22fb94704318f9601a7a1f9eb4b783796,leakage_sweep,constant,rotation_shear,exponential,0.6,9004,partial_leakage_eps0.4,smooth_separable,0.4,1.666666666666667,6,24,288,5,24,6,0,18,1.520082578363412,0.008993587791159429,0.008993587791159429,169.0184844648575,5.163960046867542,15.722526210759083,11.932109678859735,24,24,24
E1_20260824T221028Z_2ba66f02,2ba66f0209fe1cdec97b8cf5862494c22fb94704318f9601a7a1f9eb4b783796,leakage_sweep,constant,rotation_shear,exponential,0.6,9005,partial_leakage_eps0.4,smooth_separable,0.4,1.666666666666667,6,24,288,5,24,6,0,18,1.520082578363412,0.008993587791159429,0.008993587791159429,169.0184844648575,5.163960046867542,15.722526210759083,11.932109678859735,24,24,24
E1_20260824T221028Z_2ba66f02,2ba66f0209fe1cdec97b8cf5862494c22fb94704318f9601a7a1f9eb4b783796,leakage_sweep,constant,rotation_shear,exponential,0.6,9006,partial_leakage_eps0.4,smooth_separable,0.4,1.666666666666667,6,24,288,5,24,6,0,18,1.520082578363412,0.008993587791159429,0.008993587791159429,169.0184844648575,5.163960046867542,15.722526210759083,11.932109678859735,24,24,24
E1_20260824T221028Z_2ba66f02,2ba66f0209fe1cdec97b8cf5862494c22fb94704318f9601a7a1f9eb4b783796,leakage_sweep,constant,rotation_shear,exponential,0.6,9007,partial_leakage_eps0.4,smooth_separable,0.4,1.666666666666667,6,24,288,5,24,6,0,18,1.520082578363412,0.008993587791159429,0.008993587791159429,169.0184844648575,5.163960046867542,15.722526210759083,11.932109678859735,24,24,24
E1_20260824T221028Z_2ba66f02,2ba66f0209fe1cdec97b8cf5862494c22fb94704318f9601a7a1f9eb4b783796,leakage_sweep,constant,rotation_shear,exponential,0.6,9008,partial_leakage_eps0.4,smooth_separable,0.4,1.666666666666667,6,24,288,5,24,6,0,18,1.520082578363412,0.008993587791159429,0.008993587791159429,169.0184844648575,5.163960046867542,15.722526210759083,11.932109678859735,24,24,24
E1_20260824T221028Z_2ba66f02,2ba66f0209fe1cdec97b8cf5862494c22fb94704318f9601a7a1f9eb4b783796,leakage_sweep,constant,rotation_shear,exponential,0.6,9009,partial_leakage_eps0.4,smooth_separable,0.4,1.666666666666667,6,24,288,5,24,6,0,18,1.520082578363412,0.008993587791159429,0.008993587791159429,169.0184844648575,5.163960046867542,15.722526210759083,11.932109678859735,24,24,24
E1_20260824T221028Z_2ba66f02,2ba66f0209fe1cdec97b8cf5862494c22fb94704318f9601a7a1f9eb4b783796,leakage_sweep,constant,rotation_shear,exponential,0.6,9010,partial_leakage_eps0.4,smooth_separable,0.4,1.666666666666667,6,24,288,5,24,6,0,18,1.520082578363412,0.008993587791159429,0.008993587791159429,169.0184844648575,5.163960046867542,15.722526210759083,11.932109678859735,24,24,24
E1_20260824T221028Z_2ba66f02,2ba66f0209fe1cdec97b8cf5862494c22fb94704318f9601a7a1f9eb4b783796,leakage_sweep,constant,rotation_shear,exponential,0.6,9011,partial_leakage_eps0.4,smooth_separable,0.4,1.666666666666667,6,24,288,5,24,6,0,18,1.520082578363412,0.008993587791159429,0.008993587791159429,169.0184844648575,5.163960046867542,15.722526210759083,11.932109678859735,24,24,24
E1_20260824T221028Z_2ba66f02,2ba66f0209fe1cdec97b8cf5862494c22fb94704318f9601a7a1f9eb4b783796,leakage_sweep,constant,rotation_shear,exponential,0.6,9012,partial_leakage_eps0.4,smooth_separable,0.4,1.666666666666667,6,24,288,5,24,6,0,18,1.520082578363412,0.008993587791159429,0.008993587791159429,169.0184844648575,5.163960046867542,15.722526210759083,11.932109678859735,24,24,24
E1_20260824T221028Z_2ba66f02,2ba66f0209fe1cdec97b8cf5862494c22fb94704318f9601a7a1f9eb4b783796,leakage_sweep,constant,rotation_shear,exponential,0.6,9013,partial_leakage_eps0.4,smooth_separable,0.4,1.666666666666667,6,24,288,5,24,6,0,18,1.520082578363412,0.008993587791159429,0.008993587791159429,169.0184844648575,5.163960046867542,15.722526210759083,11.932109678859735,24,24,24
E1_20260824T221028Z_2ba66f02,2ba66f0209fe1cdec97b8cf5862494c22fb94704318f9601a7a1f9eb4b783796,leakage_sweep,constant,rotation_shear,exponential,0.6,9014,partial_leakage_eps0.4,smooth_separable,0.4,1.666666666666667,6,24,288,5,24,6,0,18,1.520082578363412,0.008993587791159429,0.008993587791159429,169.0184844648575,5.163960046867542,15.722526210759083,11.932109678859735,24,24,24
E1_20260824T221028Z_2ba66f02,2ba66f0209fe1cdec97b8cf5862494c22fb94704318f9601a7a1f9eb4b783796,leakage_sweep,constant,rotation_shear,exponential,0.6,9015,partial_leakage_eps0.4,smooth_separable,0.4,1.666666666666667,6,24,288,5,24,6,0,18,1.520082578363412,0.008993587791159429,0.008993587791159429,169.0184844648575,5.163960046867542,15.722526210759083,11.932109678859735,24,24,24
E1_20260824T221028Z_2ba66f02,2ba66f0209fe1cdec97b8cf5862494c22fb94704318f9601a7a1f9eb4b783796,leakage_sweep,constant,rotation_shear,exponential,0.6,9016,partial_leakage_eps0.4,smooth_separable,0.4,1.666666666666667,6,24,288,5,24,6,0,18,1.520082578363412,0.008993587791159429,0.008993587791159429,169.0184844648575,5.163960046867542,15.722526210759083,11.932109678859735,24,24,24
E1_20260824T221028Z_2ba66f02,2ba66f0209fe1cdec97b8cf5862494c22fb94704318f9601a7a1f9eb4b783796,leakage_sweep,constant,rotation_shear,exponential,0.6,9017,partial_leakage_eps0.4,smooth_separable,0.4,1.666666666666667,6,24,288,5,24,6,0,18,1.520082578363412,0.008993587791159429,0.008993587791159429,169.0184844648575,5.163960046867542,15.722526210759083,11.932109678859735,24,24,24
E1_20260824T221028Z_2ba66f02,2ba66f0209fe1cdec97b8cf5862494c22fb94704318f9601a7a1f9eb4b783796,leakage_sweep,constant,rotation_shear,exponential,0.6,9018,partial_leakage_eps0.4,smooth_separable,0.4,1.666666666666667,6,24,288,5,24,6,0,18,1.520082578363412,0.008993587791159429,0.008993587791159429,169.0184844648575,5.163960046867542,15.722526210759083,11.932109678859735,24,24,24
E1_20260824T221028Z_2ba66f02,2ba66f0209fe1cdec97b8cf5862494c22fb94704318f9601a7a1f9eb4b783796,leakage_sweep,constant,rotation_shear,exponential,0.6,9019,partial_leakage_eps0.4,smooth_separable,0.4,1.666666666666667,6,24,288,5,24,6,0,18,1.520082578363412,0.008993587791159429,0.008993587791159429,169.0184844648575,5.163960046867542,15.722526210759083,11.932109678859735,24,24,24
E1_20260824T221028Z_2ba66f02,2ba66f0209fe1cdec97b8cf5862494c22fb94704318f9601a7a1f9eb4b783796,leakage_sweep,constant,rotation_shear,exponential,0.6,9000,partial_leakage_eps0.7,smooth_separable,0.7,3.3333333333333326,6,24,288,5,24,6,0,18,1.8742570864702086,0.00671633529252333,0.00671633529252333,279.05948777700905,4.194040901331968,13.989362886355572,14.732993072034539,24,24,24
E1_20260824T221028Z_2ba66f02,2ba66f0209fe1cdec97b8cf5862494c22fb94704318f9601a7a1f9eb4b783796,leakage_sweep,constant,rotation_shear,exponential,0.6,9001,partial_leakage_eps0.7,smooth_separable,0.7,3.3333333333333326,6,24,288,5,24,6,0,18,1.8742570864702086,0.00671633529252333,0.00671633529252333,279.05948777700905,4.194040901331968,13.989362886355572,14.732993072034539,24,24,24
E1_20260824T221028Z_2ba66f02,2ba66f0209fe1cdec97b8cf5862494c22fb94704318f9601a7a1f9eb4b783796,leakage_sweep,constant,rotation_shear,exponential,0.6,9002,partial_leakage_eps0.7,smooth_separable,0.7,3.3333333333333326,6,24,288,5,24,6,0,18,1.8742570864702086,0.00671633529252333,0.00671633529252333,279.05948777700905,4.194040901331968,13.989362886355572,14.732993072034539,24,24,24
E1_20260824T221028Z_2ba66f02,2ba66f0209fe1cdec97b8cf5862494c22fb94704318f9601a7a1f9eb4b783796,leakage_sweep,constant,rotation_shear,exponential,0.6,9003,partial_leakage_eps0.7,smooth_separable,0.7,3.3333333333333326,6,24,288,5,24,6,0,18,1.8742570864702086,0.00671633529252333,0.00671633529252333,279.05948777700905,4.194040901331968,13.989362886355572,14.732993072034539,24,24,24
E1_20260824T221028Z_2ba66f02,2ba66f0209fe1cdec97b8cf5862494c22fb94704318f9601a7a1f9eb4b783796,leakage_sweep,constant,rotation_shear,exponential,0.6,9004,partial_leakage_eps0.7,smooth_separable,0.7,3.3333333333333326,6,24,288,5,24,6,0,18,1.8742570864702086,0.00671633529252333,0.00671633529252333,279.05948777700905,4.194040901331968,13.989362886355572,14.732993072034539,24,24,24
E1_20260824T221028Z_2ba66f02,2ba66f0209fe1cdec97b8cf5862494c22fb94704318f9601a7a1f9eb4b783796,leakage_sweep,constant,rotation_shear,exponential,0.6,9005,partial_leakage_eps0.7,smooth_separable,0.7,3.3333333333333326,6,24,288,5,24,6,0,18,1.8742570864702086,0.00671633529252333,0.00671633529252333,279.05948777700905,4.194040901331968,13.989362886355572,14.732993072034539,24,24,24
E1_20260824T221028Z_2ba66f02,2ba66f0209fe1cdec97b8cf5862494c22fb94704318f9601a7a1f9eb4b783796,leakage_sweep,constant,rotation_shear,exponential,0.6,9006,partial_leakage_eps0.7,smooth_separable,0.7,3.3333333333333326,6,24,288,5,24,6,0,18,1.8742570864702086,0.00671633529252333,0.00671633529252333,279.05948777700905,4.194040901331968,13.989362886355572,14.732993072034539,24,24,24
E1_20260824T221028Z_2ba66f02,2ba66f0209fe1cdec97b8cf5862494c22fb94704318f9601a7a1f9eb4b783796,leakage_sweep,constant,rotation_shear,exponential,0.6,9007,partial_leakage_eps0.7,smooth_separable,0.7,3.3333333333333326,6,24,288,5,24,6,0,18,1.8742570864702086,0.00671633529252333,0.00671633529252333,279.05948777700905,4.194040901331968,13.989362886355572,14.732993072034539,24,24,24
E1_20260824T221028Z_2ba66f02,2ba66f0209fe1cdec97b8cf5862494c22fb94704318f9601a7a1f9eb4b783796,leakage_sweep,constant,rotation_shear,exponential,0.6,9008,partial_leakage_eps0.7,smooth_separable,0.7,3.3333333333333326,6,24,288,5,24,6,0,18,1.8742570864702086,0.00671633529252333,0.00671633529252333,279.05948777700905,4.194040901331968,13.989362886355572,14.732993072034539,24,24,24
E1_20260824T221028Z_2ba66f02,2ba66f0209fe1cdec97b8cf5862494c22fb94704318f9601a7a1f9eb4b783796,leakage_sweep,constant,rotation_shear,exponential,0.6,9009,partial_leakage_eps0.7,smooth_separable,0.7,3.3333333333333326,6,24,288,5,24,6,0,18,1.8742570864702086,0.00671633529252333,0.00671633529252333,279.05948777700905,4.194040901331968,13.989362886355572,14.732993072034539,24,24,24
E1_20260824T221028Z_2ba66f02,2ba66f0209fe1cdec97b8cf5862494c22fb94704318f9601a7a1f9eb4b783796,leakage_sweep,constant,rotation_shear,exponential,0.6,9010,partial_leakage_eps0.7,smooth_separable,0.7,3.3333333333333326,6,24,288,5,24,6,0,18,1.8742570864702086,0.00671633529252333,0.00671633529252333,279.05948777700905,4.194040901331968,13.989362886355572,14.732993072034539,24,24,24
E1_20260824T221028Z_2ba66f02,2ba66f0209fe1cdec97b8cf5862494c22fb94704318f9601a7a1f9eb4b783796,leakage_sweep,constant,rotation_shear,exponential,0.6,9011,partial_leakage_eps0.7,smooth_separable,0.7,3.3333333333333326,6,24,288,5,24,6,0,18,1.8742570864702086,0.00671633529252333,0.00671633529252333,279.05948777700905,4.194040901331968,13.989362886355572,14.732993072034539,24,24,24
E1_20260824T221028Z_2ba66f02,2ba66f0209fe1cdec97b8cf5862494c22fb94704318f9601a7a1f9eb4b783796,leakage_sweep,constant,rotation_shear,exponential,0.6,9012,partial_leakage_eps0.7,smooth_separable,0.7,3.3333333333333326,6,24,288,5,24,6,0,18,1.8742570864702086,0.00671633529252333,0.00671633529252333,279.05948777700905,4.194040901331968,13.989362886355572,14.732993072034539,24,24,24
E1_20260824T221028Z_2ba66f02,2ba66f0209fe1cdec97b8cf5862494c22fb94704318f9601a7a1f9eb4b783796,leakage_sweep,constant,rotation_shear,exponential,0.6,9013,partial_leakage_eps0.7,smooth_separable,0.7,3.3333333333333326,6,24,288,5,24,6,0,18,1.8742570864702086,0.00671633529252333,0.00671633529252333,279.05948777700905,4.194040901331968,13.989362886355572,14.732993072034539,24,24,24
E1_20260824T221028Z_2ba66f02,2ba66f0209fe1cdec97b8cf5862494c22fb94704318f9601a7a1f9eb4b783796,leakage_sweep,constant,rotation_shear,exponential,0.6,9014,partial_leakage_eps0.7,smooth_separable,0.7,3.3333333333333326,6,24,288,5,24,6,0,18,1.8742570864702086,0.00671633529252333,0.00671633529252333,279.05948777700905,4.194040901331968,13.989362886355572,14.732993072034539,24,24,24
E1_20260824T221028Z_2ba66f02,2ba66f0209fe1cdec97b8cf5862494c22fb94704318f9601a7a1f9eb4b783796,leakage_sweep,constant,rotation_shear,exponential,0.6,9015,partial_leakage_eps0.7,smooth_separable,0.7,3.3333333333333326,6,24,288,5,24,6,0,18,1.8742570864702086,0.00671633529252333,0.00671633529252333,279.05948777700905,4.194040901331968,13.989362886355572,14.732993072034539,24,24,24
E1_20260824T221028Z_2ba66f02,2ba66f0209fe1cdec97b8cf5862494c22fb94704318f9601a7a1f9eb4b783796,leakage_sweep,constant,rotation_shear,exponential,0.6,9016,partial_leakage_eps0.7,smooth_separable,0.7,3.3333333333333326,6,24,288,5,24,6,0,18,1.8742570864702086,0.00671633529252333,0.00671633529252333,279.05948777700905,4.194040901331968,13.989362886355572,14.732993072034539,24,24,24
E1_20260824T221028Z_2ba66f02,2ba66f0209fe1cdec97b8cf5862494c22fb94704318f9601a7a1f9eb4b783796,leakage_sweep,constant,rotation_shear,exponential,0.6,9017,partial_leakage_eps0.7,smooth_separable,0.7,3.3333333333333326,6,24,288,5,24,6,0,18,1.8742570864702086,0.00671633529252333,0.00671633529252333,279.05948777700905,4.194040901331968,13.989362886355572,14.732993072034539,24,24,24
E1_20260824T221028Z_2ba66f02,2ba66f0209fe1cdec97b8cf5862494c22fb94704318f9601a7a1f9eb4b783796,leakage_sweep,constant,rotation_shear,exponential,0.6,9018,partial_leakage_eps0.7,smooth_separable,0.7,3.3333333333333326,6,24,288,5,24,6,0,18,1.8742570864702086,0.00671633529252333,0.00671633529252333,279.05948777700905,4.194040901331968,13.989362886355572,14.732993072034539,24,24,24
E1_20260824T221028Z_2ba66f02,2ba66f0209fe1cdec97b8cf5862494c22fb94704318f9601a7a1f9eb4b783796,leakage_sweep,constant,rotation_shear,exponential,0.6,9019,partial_leakage_eps0.7,smooth_separable,0.7,3.3333333333333326,6,24,288,5,24,6,0,18,1.8742570864702086,0.00671633529252333,0.00671633529252333,279.05948777700905,4.194040901331968,13.989362886355572,14.732993072034539,24,24,24
E1_20260824T221028Z_2ba66f02,2ba66f0209fe1cdec97b8cf5862494c22fb94704318f9601a7a1f9eb4b783796,leakage_sweep,constant,rotation_shear,exponential,0.6,9000,partial_leakage_eps1,smooth_separable,1.0,4.1906329112784075e+142,1,24,288,5,22,6,2,18,2.1621049912063364,1.2839015602143272e-07,1.2839015602143272e-07,16840114.991724186,3.7108602377400173,8.474449996476551,17.347150905664357,22,22,22
E1_20260824T221028Z_2ba66f02,2ba66f0209fe1cdec97b8cf5862494c22fb94704318f9601a7a1f9eb4b783796,leakage_sweep,constant,rotation_shear,exponential,0.6,9001,partial_leakage_eps1,smooth_separable,1.0,4.1906329112784075e+142,1,24,288,5,22,6,2,18,2.1621049912063364,1.2839015602143272e-07,1.2839015602143272e-07,16840114.991724186,3.7108602377400173,8.474449996476551,17.347150905664357,22,22,22
E1_20260824T221028Z_2ba66f02,2ba66f0209fe1cdec97b8cf5862494c22fb94704318f9601a7a1f9eb4b783796,leakage_sweep,constant,rotation_shear,exponential,0.6,9002,partial_leakage_eps1,smooth_separable,1.0,4.1906329112784075e+142,1,24,288,5,22,6,2,18,2.1621049912063364,1.2839015602143272e-07,1.2839015602143272e-07,16840114.991724186,3.7108602377400173,8.474449996476551,17.347150905664357,22,22,22
E1_20260824T221028Z_2ba66f02,2ba66f0209fe1cdec97b8cf5862494c22fb94704318f9601a7a1f9eb4b783796,leakage_sweep,constant,rotation_shear,exponential,0.6,9003,partial_leakage_eps1,smooth_separable,1.0,4.1906329112784075e+142,1,24,288,5,22,6,2,18,2.1621049912063364,1.2839015602143272e-07,1.2839015602143272e-07,16840114.991724186,3.7108602377400173,8.474449996476551,17.347150905664357,22,22,22
E1_20260824T221028Z_2ba66f02,2ba66f0209fe1cdec97b8cf5862494c22fb94704318f9601a7a1f9eb4b783796,leakage_sweep,constant,rotation_shear,exponential,0.6,9004,partial_leakage_eps1,smooth_separable,1.0,4.1906329112784075e+142,1,24,288,5,22,6,2,18,2.1621049912063364,1.2839015602143272e-07,1.2839015602143272e-07,16840114.991724186,3.7108602377400173,8.474449996476551,17.347150905664357,22,22,22
E1_20260824T221028Z_2ba66f02,2ba66f0209fe1cdec97b8cf5862494c22fb94704318f9601a7a1f9eb4b783796,leakage_sweep,constant,rotation_shear,exponential,0.6,9005,partial_leakage_eps1,smooth_separable,1.0,4.1906329112784075e+142,1,24,288,5,22,6,2,18,2.1621049912063364,1.2839015602143272e-07,1.2839015602143272e-07,16840114.991724186,3.7108602377400173,8.474449996476551,17.347150905664357,22,22,22
E1_20260824T221028Z_2ba66f02,2ba66f0209fe1cdec97b8cf5862494c22fb94704318f9601a7a1f9eb4b783796,leakage_sweep,constant,rotation_shear,exponential,0.6,9006,partial_leakage_eps1,smooth_separable,1.0,4.1906329112784075e+142,1,24,288,5,22,6,2,18,2.1621049912063364,1.2839015602143272e-07,1.2839015602143272e-07,16840114.991724186,3.7108602377400173,8.474449996476551,17.347150905664357,22,22,22
E1_20260824T221028Z_2ba66f02,2ba66f0209fe1cdec97b8cf5862494c22fb94704318f9601a7a1f9eb4b783796,leakage_sweep,constant,rotation_shear,exponential,0.6,9007,partial_leakage_eps1,smooth_separable,1.0,4.1906329112784075e+142,1,24,288,5,22,6,2,18,2.1621049912063364,1.2839015602143272e-07,1.2839015602143272e-07,16840114.991724186,3.7108602377400173,8.474449996476551,17.347150905664357,22,22,22
E1_20260824T221028Z_2ba66f02,2ba66f0209fe1cdec97b8cf5862494c22fb94704318f9601a7a1f9eb4b783796,leakage_sweep,constant,rotation_shear,exponential,0.6,9008,partial_leakage_eps1,smooth_separable,1.0,4.1906329112784075e+142,1,24,288,5,22,6,2,18,2.1621049912063364,1.2839015602143272e-07,1.2839015602143272e-07,16840114.991724186,3.7108602377400173,8.474449996476551,17.347150905664357,22,22,22
E1_20260824T221028Z_2ba66f02,2ba66f0209fe1cdec97b8cf5862494c22fb94704318f9601a7a1f9eb4b783796,leakage_sweep,constant,rotation_shear,exponential,0.6,9009,partial_leakage_eps1,smooth_separable,1.0,4.1906329112784075e+142,1,24,288,5,22,6,2,18,2.1621049912063364,1.2839015602143272e-07,1.2839015602143272e-07,16840114.991724186,3.7108602377400173,8.474449996476551,17.347150905664357,22,22,22
E1_20260824T221028Z_2ba66f02,2ba66f0209fe1cdec97b8cf5862494c22fb94704318f9601a7a1f9eb4b783796,leakage_sweep,constant,rotation_shear,exponential,0.6,9010,partial_leakage_eps1,smooth_separable,1.0,4.1906329112784075e+142,1,24,288,5,22,6,2,18,2.1621049912063364,1.2839015602143272e-07,1.2839015602143272e-07,16840114.991724186,3.7108602377400173,8.474449996476551,17.347150905664357,22,22,22
E1_20260824T221028Z_2ba66f02,2ba66f0209fe1cdec97b8cf5862494c22fb94704318f9601a7a1f9eb4b783796,leakage_sweep,constant,rotation_shear,exponential,0.6,9011,partial_leakage_eps1,smooth_separable,1.0,4.1906329112784075e+142,1,24,288,5,22,6,2,18,2.1621049912063364,1.2839015602143272e-07,1.2839015602143272e-07,16840114.991724186,3.7108602377400173,8.474449996476551,17.347150905664357,22,22,22
E1_20260824T221028Z_2ba66f02,2ba66f0209fe1cdec97b8cf5862494c22fb94704318f9601a7a1f9eb4b783796,leakage_sweep,constant,rotation_shear,exponential,0.6,9012,partial_leakage_eps1,smooth_separable,1.0,4.1906329112784075e+142,1,24,288,5,22,6,2,18,2.1621049912063364,1.2839015602143272e-07,1.2839015602143272e-07,16840114.991724186,3.7108602377400173,8.474449996476551,17.347150905664357,22,22,22
E1_20260824T221028Z_2ba66f02,2ba66f0209fe1cdec97b8cf5862494c22fb94704318f9601a7a1f9eb4b783796,leakage_sweep,constant,rotation_shear,exponential,0.6,9013,partial_leakage_eps1,smooth_separable,1.0,4.1906329112784075e+142,1,24,288,5,22,6,2,18,2.1621049912063364,1.2839015602143272e-07,1.2839015602143272e-07,16840114.991724186,3.7108602377400173,8.474449996476551,17.347150905664357,22,22,22
E1_20260824T221028Z_2ba66f02,2ba66f0209fe1cdec97b8cf5862494c22fb94704318f9601a7a1f9eb4b783796,leakage_sweep,constant,rotation_shear,exponential,0.6,9014,partial_leakage_eps1,smooth_separable,1.0,4.1906329112784075e+142,1,24,288,5,22,6,2,18,2.1621049912063364,1.2839015602143272e-07,1.2839015602143272e-07,16840114.991724186,3.7108602377400173,8.474449996476551,17.347150905664357,22,22,22
E1_20260824T221028Z_2ba66f02,2ba66f0209fe1cdec97b8cf5862494c22fb94704318f9601a7a1f9eb4b783796,leakage_sweep,constant,rotation_shear,exponential,0.6,9015,partial_leakage_eps1,smooth_separable,1.0,4.1906329112784075e+142,1,24,288,5,22,6,2,18,2.1621049912063364,1.2839015602143272e-07,1.2839015602143272e-07,16840114.991724186,3.7108602377400173,8.474449996476551,17.347150905664357,22,22,22
E1_20260824T221028Z_2ba66f02,2ba66f0209fe1cdec97b8cf5862494c22fb94704318f9601a7a1f9eb4b783796,leakage_sweep,constant,rotation_shear,exponential,0.6,9016,partial_leakage_eps1,smooth_separable,1.0,4.1906329112784075e+142,1,24,288,5,22,6,2,18,2.1621049912063364,1.2839015602143272e-07,1.2839015602143272e-07,16840114.991724186,3.7108602377400173,8.474449996476551,17.347150905664357,22,22,22
E1_20260824T221028Z_2ba66f02,2ba66f0209fe1cdec97b8cf5862494c22fb94704318f9601a7a1f9eb4b783796,leakage_sweep,constant,rotation_shear,exponential,0.6,9017,partial_leakage_eps1,smooth_separable,1.0,4.1906329112784075e+142,1,24,288,5,22,6,2,18,2.1621049912063364,1.2839015602143272e-07,1.2839015602143272e-07,16840114.991724186,3.7108602377400173,8.474449996476551,17.347150905664357,22,22,22
E1_20260824T221028Z_2ba66f02,2ba66f0209fe1cdec97b8cf5862494c22fb94704318f9601a7a1f9eb4b783796,leakage_sweep,constant,rotation_shear,exponential,0.6,9018,partial_leakage_eps1,smooth_separable,1.0,4.1906329112784075e+142,1,24,288,5,22,6,2,18,2.1621049912063364,1.2839015602143272e-07,1.2839015602143272e-07,16840114.991724186,3.7108602377400173,8.474449996476551,17.347150905664357,22,22,22
E1_20260824T221028Z_2ba66f02,2ba66f0209fe1cdec97b8cf5862494c22fb94704318f9601a7a1f9eb4b783796,leakage_sweep,constant,rotation_shear,exponential,0.6,9019,partial_leakage_eps1,smooth_separable,1.0,4.1906329112784075e+142,1,24,288,5,22,6,2,18,2.1621049912063364,1.2839015602143272e-07,1.2839015602143272e-07,16840114.991724186,3.7108602377400173,8.474449996476551,17.347150905664357,22,22,22
