run_id,arm,space,kind,index,singular_value,source_separation,data_separation,data_separation_relative,mahalanobis_pair_distance
E2_20260824T221722Z_2ba66f02,direct_only|constant|rotation_shear,restricted,exact_null,0,0.0,1.999999999999999,5.353508125321562e-16,1.3651294230259302e-16,5.353508125321562e-16
E2_20260824T221722Z_2ba66f02,direct_only|constant|rotation_shear,restricted,exact_null,1,0.0,1.9999999999999993,5.154897951852295e-16,1.3144843908025236e-16,5.154897951852295e-16
E2_20260824T221722Z_2ba66f02,direct_only|constant|rotation_shear,restricted,exact_null,2,0.0,1.9999999999999996,8.339725308132945e-16,2.1266063544831995e-16,8.339725308132945e-16
E2_20260824T221722Z_2ba66f02,direct_only|constant|rotation_shear,restricted,exact_null,3,0.0,2.0,4.2748267719446013e-16,1.0900687302814187e-16,4.2748267719446013e-16
E2_20260824T221722Z_2ba66f02,direct_only|constant|rotation_shear,restricted,exact_null,4,0.0,2.0,3.6144521889401707e-16,9.216750802907075e-17,3.6144521889401707e-16
E2_20260824T221722Z_2ba66f02,direct_only|constant|rotation_shear,restricted,exact_null,5,0.0,1.9999999999999998,2.7383150457640075e-16,6.982625880039192e-17,2.7383150457640075e-16
E2_20260824T221722Z_2ba66f02,direct_only|constant|rotation_shear,restricted,exact_null,6,0.0,1.9999999999999982,3.632057495128448e-16,9.261643835506244e-17,3.632057495128448e-16
E2_20260824T221722Z_2ba66f02,direct_only|constant|rotation_shear,restricted,exact_null,7,0.0,1.9999999999999991,3.3849473095327997e-16,8.631519854764634e-17,3.3849473095327997e-16
E2_20260824T221722Z_2ba66f02,direct_only|constant|rotation_shear,restricted,exact_null,8,0.0,2.0,3.577445951083689e-16,9.122385943546104e-17,3.577445951083689e-16
E2_20260824T221722Z_2ba66f02,direct_only|constant|rotation_shear,restricted,exact_null,9,0.0,2.0,2.6874592084201166e-16,6.852944933890265e-17,2.6874592084201166e-16
E2_20260824T221722Z_2ba66f02,direct_only|constant|rotation_shear,restricted,exact_null,10,0.0,1.9999999999999998,2.2546463311033125e-16,5.749284344126628e-17,2.2546463311033125e-16
E2_20260824T221722Z_2ba66f02,direct_only|constant|rotation_shear,restricted,exact_null,11,0.0,1.9999999999999996,2.421304273011714e-16,6.174257380039299e-17,2.421304273011714e-16
E2_20260824T221722Z_2ba66f02,direct_only|constant|rotation_shear,restricted,near_null,0,1.0504596045614965,2.0,2.100919209122993,0.535728453312452,2.100919209122993
E2_20260824T221722Z_2ba66f02,direct_only|constant|rotation_shear,restricted,near_null,1,1.0504211814244442,1.9999999999999998,2.100842362848888,0.5357088577300088,2.100842362848888
E2_20260824T221722Z_2ba66f02,direct_only|constant|rotation_shear,restricted,near_null,2,1.030881592979915,2.0000000000000004,2.0617631859598315,0.5257437782064428,2.0617631859598315
E2_20260824T221722Z_2ba66f02,direct_only|constant|rotation_shear,restricted,near_null,3,0.9433524010973492,1.9999999999999998,1.8867048021946977,0.4811043857126106,1.8867048021946977
E2_20260824T221722Z_2ba66f02,direct_only|constant|rotation_shear,restricted,near_null,4,0.9433178956690215,2.0,1.8866357913380436,0.4810867881394452,1.8866357913380436
E2_20260824T221722Z_2ba66f02,direct_only|constant|rotation_shear,restricted,near_null,5,0.9257706072292203,1.9999999999999987,1.8515412144584398,0.4721377703429858,1.8515412144584398
E2_20260824T221722Z_2ba66f02,direct_only|constant|rotation_shear,restricted,near_null,6,0.5458540125833022,1.999999999999999,1.0917080251666054,0.2783824571890322,1.0917080251666054
E2_20260824T221722Z_2ba66f02,direct_only|constant|rotation_shear,restricted,near_null,7,0.4901975203835039,2.0,0.9803950407670078,0.24999796115175577,0.9803950407670078
E2_20260824T221722Z_2ba66f02,direct_only|constant|rotation_shear,restricted,near_null,8,0.0481639031773524,1.9999999999999991,0.09632780635470477,0.024563318039692528,0.09632780635470477
E2_20260824T221722Z_2ba66f02,direct_only|constant|rotation_shear,restricted,near_null,9,0.043253004219560014,2.0000000000000004,0.08650600843911985,0.022058787364160143,0.08650600843911985
E2_20260824T221722Z_2ba66f02,direct_only|constant|rotation_shear,restricted,near_null,10,0.0008536897608141102,1.9999999999999998,0.00170737952162827,0.00043537694660857333,0.00170737952162827
E2_20260824T221722Z_2ba66f02,direct_only|constant|rotation_shear,restricted,near_null,11,0.0007666456493512069,1.9999999999999996,0.001533291298702443,0.0003909849423834804,0.001533291298702443
E2_20260824T221722Z_2ba66f02,direct_only|constant|rotation_shear,full,exact_null,0,0.0,2.0,8.674453186058618e-17,1.128244044605969e-17,8.674453186058618e-17
E2_20260824T221722Z_2ba66f02,direct_only|constant|rotation_shear,full,exact_null,1,0.0,2.0,8.674453186058618e-17,1.128244044605969e-17,8.674453186058618e-17
E2_20260824T221722Z_2ba66f02,direct_only|constant|rotation_shear,full,exact_null,2,0.0,2.0,8.674453186058618e-17,1.128244044605969e-17,8.674453186058618e-17
E2_20260824T221722Z_2ba66f02,direct_only|constant|rotation_shear,full,exact_null,3,0.0,2.0,8.674453186058618e-17,1.128244044605969e-17,8.674453186058618e-17
E2_20260824T221722Z_2ba66f02,direct_only|constant|rotation_shear,full,exact_null,4,0.0,2.0,8.674453186058618e-17,1.128244044605969e-17,8.674453186058618e-17
E2_20260824T221722Z_2ba66f02,direct_only|constant|rotation_shear,full,exact_null,5,0.0,2.0,8.674453186058618e-17,1.128244044605969e-17,8.674453186058618e-17
E2_20260824T221722Z_2ba66f02,direct_only|constant|rotation_shear,full,exact_null,6,0.0,2.0,8.674453186058618e-17,1.128244044605969e-17,8.674453186058618e-17
E2_20260824T221722Z_2ba66f02,direct_only|constant|rotation_shear,full,exact_null,7,0.0,2.0,8.674453186058618e-17,1.128244044605969e-17,8.674453186058618e-17
E2_20260824T221722Z_2ba66f02,direct_only|constant|rotation_shear,full,exact_null,8,0.0,2.0,8.674453186058618e-17,1.128244044605969e-17,8.674453186058618e-17
E2_20260824T221722Z_2ba66f02,direct_only|constant|rotation_shear,full,exact_null,9,0.0,2.0,8.674453186058618e-17,1.128244044605969e-17,8.674453186058618e-17
E2_20260824T221722Z_2ba66f02,direct_only|constant|rotation_shear,full,exact_null,10,0.0,2.0,8.674453186058618e-17,1.128244044605969e-17,8.674453186058618e-17
E2_20260824T221722Z_2ba66f02,direct_only|constant|rotation_shear,full,exact_null,11,0.0,2.0,8.674453186058618e-17,1.128244044605969e-17,8.674453186058618e-17
E2_20260824T221722Z_2ba66f02,direct_only|constant|rotation_shear,full,exact_null,12,0.0,2.0,8.674453186058618e-17,1.128244044605969e-17,8.674453186058618e-17
E2_20260824T221722Z_2ba66f02,direct_only|constant|rotation_shear,full,exact_null,13,0.0,2.0,8.674453186058618e-17,1.128244044605969e-17,8.674453186058618e-17
E2_20260824T221722Z_2ba66f02,direct_only|constant|rotation_shear,full,exact_null,14,0.0,2.0,8.674453186058618e-17,1.128244044605969e-17,8.674453186058618e-17
E2_20260824T221722Z_2ba66f02,direct_only|constant|rotation_shear,full,exact_null,15,0.0,2.0,8.674453186058618e-17,1.128244044605969e-17,8.674453186058618e-17
E2_20260824T221722Z_2ba66f02,direct_only|constant|rotation_shear,full,exact_null,16,0.0,2.0,8.674552265324758e-17,1.1282569313654647e-17,8.674552265324758e-17
E2_20260824T221722Z_2ba66f02,direct_only|constant|rotation_shear,full,exact_null,17,0.0,2.0,8.674552265324758e-17,1.1282569313654647e-17,8.674552265324758e-17
E2_20260824T221722Z_2ba66f02,direct_only|constant|rotation_shear,full,exact_null,18,0.0,2.0,8.674552265324758e-17,1.1282569313654647e-17,8.674552265324758e-17
E2_20260824T221722Z_2ba66f02,direct_only|constant|rotation_shear,full,exact_null,19,0.0,2.0,8.674552265324758e-17,1.1282569313654647e-17,8.674552265324758e-17
E2_20260824T221722Z_2ba66f02,direct_only|constant|rotation_shear,full,exact_null,20,0.0,2.0,0.0,0.0,0.0
E2_20260824T221722Z_2ba66f02,direct_only|constant|rotation_shear,full,exact_null,21,0.0,2.0,0.0,0.0,0.0
E2_20260824T221722Z_2ba66f02,direct_only|constant|rotation_shear,full,exact_null,22,0.0,2.0,0.0,0.0,0.0
E2_20260824T221722Z_2ba66f02,direct_only|constant|rotation_shear,full,exact_null,23,0.0,2.0,0.0,0.0,0.0
E2_20260824T221722Z_2ba66f02,direct_only|constant|rotation_shear,full,exact_null,24,0.0,2.0,0.0,0.0,0.0
E2_20260824T221722Z_2ba66f02,direct_only|constant|rotation_shear,full,exact_null,25,0.0,2.0,0.0,0.0,0.0
E2_20260824T221722Z_2ba66f02,direct_only|constant|rotation_shear,full,exact_null,26,0.0,2.0,0.0,0.0,0.0
E2_20260824T221722Z_2ba66f02,direct_only|constant|rotation_shear,full,exact_null,27,0.0,2.0,0.0,0.0,0.0
E2_20260824T221722Z_2ba66f02,direct_only|constant|rotation_shear,full,exact_null,28,0.0,2.0,0.0,0.0,0.0
E2_20260824T221722Z_2ba66f02,direct_only|constant|rotation_shear,full,exact_null,29,0.0,2.0,0.0,0.0,0.0
E2_20260824T221722Z_2ba66f02,direct_only|constant|rotation_shear,full,exact_null,30,0.0,2.0,0.0,0.0,0.0
E2_20260824T221722Z_2ba66f02,direct_only|constant|rotation_shear,full,exact_null,31,0.0,2.0,0.0,0.0,0.0
E2_20260824T221722Z_2ba66f02,direct_only|constant|rotation_shear,full,exact_null,32,0.0,2.0,0.0,0.0,0.0
E2_20260824T221722Z_2ba66f02,direct_only|constant|rotation_shear,full,exact_null,33,0.0,2.0,0.0,0.0,0.0
E2_20260824T221722Z_2ba66f02,direct_only|constant|rotation_shear,full,exact_null,34,0.0,2.0,0.0,0.0,0.0
E2_20260824T221722Z_2ba66f02,direct_only|constant|rotation_shear,full,exact_null,35,0.0,2.0,0.0,0.0,0.0
E2_20260824T221722Z_2ba66f02,direct_only|constant|rotation_shear,full,exact_null,36,0.0,2.0,0.0,0.0,0.0
E2_20260824T221722Z_2ba66f02,direct_only|constant|rotation_shear,full,exact_null,37,0.0,2.0,0.0,0.0,0.0
E2_20260824T221722Z_2ba66f02,direct_only|constant|rotation_shear,full,exact_null,38,0.0,2.0,0.0,0.0,0.0
E2_20260824T221722Z_2ba66f02,direct_only|constant|rotation_shear,full,exact_null,39,0.0,2.0,0.0,0.0,0.0
E2_20260824T221722Z_2ba66f02,direct_only|constant|rotation_shear,full,exact_null,40,0.0,2.0,9.631557684722158e-17,1.252729983664148e-17,9.631557684722158e-17
E2_20260824T221722Z_2ba66f02,direct_only|constant|rotation_shear,full,exact_null,41,0.0,2.0,9.631557684722158e-17,1.252729983664148e-17,9.631557684722158e-17
E2_20260824T221722Z_2ba66f02,direct_only|constant|rotation_shear,full,exact_null,42,0.0,2.0,9.631557684722158e-17,1.252729983664148e-17,9.631557684722158e-17
E2_20260824T221722Z_2ba66f02,direct_only|constant|rotation_shear,full,exact_null,43,0.0,2.0,9.631557684722158e-17,1.252729983664148e-17,9.631557684722158e-17
E2_20260824T221722Z_2ba66f02,direct_only|constant|rotation_shear,full,exact_null,44,0.0,2.0,9.631557684722158e-17,1.252729983664148e-17,9.631557684722158e-17
E2_20260824T221722Z_2ba66f02,direct_only|constant|rotation_shear,full,exact_null,45,0.0,2.0,9.631557684722158e-17,1.252729983664148e-17,9.631557684722158e-17
E2_20260824T221722Z_2ba66f02,direct_only|constant|rotation_shear,full,exact_null,46,0.0,2.0,9.631557684722158e-17,1.252729983664148e-17,9.631557684722158e-17
E2_20260824T221722Z_2ba66f02,direct_only|constant|rotation_shear,full,exact_null,47,0.0,2.0,9.631557684722158e-17,1.252729983664148e-17,9.631557684722158e-17
E2_20260824T221722Z_2ba66f02,direct_only|constant|rotation_shear,full,exact_null,48,0.0,2.0,9.631557684722158e-17,1.252729983664148e-17,9.631557684722158e-17
E2_20260824T221722Z_2ba66f02,direct_only|constant|rotation_shear,full,exact_null,49,0.0,2.0,9.631557684722158e-17,1.252729983664148e-17,9.631557684722158e-17
E2_20260824T221722Z_2ba66f02,direct_only|constant|rotation_shear,full,exact_null,50,0.0,2.0,9.631557684722158e-17,1.252729983664148e-17,9.631557684722158e-17
E2_20260824T221722Z_2ba66f02,direct_only|constant|rotation_shear,full,exact_null,51,0.0,2.0,9.631557684722158e-17,1.252729983664148e-17,9.631557684722158e-17
E2_20260824T221722Z_2ba66f02,direct_only|constant|rotation_shear,full,exact_null,52,0.0,2.0,9.631557684722158e-17,1.252729983664148e-17,9.631557684722158e-17
E2_20260824T221722Z_2ba66f02,direct_only|constant|rotation_shear,full,exact_null,53,0.0,2.0,9.631557684722158e-17,1.252729983664148e-17,9.631557684722158e-17
E2_20260824T221722Z_2ba66f02,direct_only|constant|rotation_shear,full,exact_null,54,0.0,2.0,9.631557684722158e-17,1.252729983664148e-17,9.631557684722158e-17
E2_20260824T221722Z_2ba66f02,direct_only|constant|rotation_shear,full,exact_null,55,0.0,2.0,9.631557684722158e-17,1.252729983664148e-17,9.631557684722158e-17
E2_20260824T221722Z_2ba66f02,direct_only|constant|rotation_shear,full,exact_null,56,0.0,2.0,9.631557684722158e-17,1.252729983664148e-17,9.631557684722158e-17
E2_20260824T221722Z_2ba66f02,direct_only|constant|rotation_shear,full,exact_null,57,0.0,2.0,9.631557684722158e-17,1.252729983664148e-17,9.631557684722158e-17
E2_20260824T221722Z_2ba66f02,direct_only|constant|rotation_shear,full,exact_null,58,0.0,2.0,9.631557684722158e-17,1.252729983664148e-17,9.631557684722158e-17
E2_20260824T221722Z_2ba66f02,direct_only|constant|rotation_shear,full,exact_null,59,0.0,2.0,9.631557684722158e-17,1.252729983664148e-17,9.631557684722158e-17
E2_20260824T221722Z_2ba66f02,direct_only|constant|rotation_shear,full,exact_null,60,0.0,2.0,9.632583232716181e-17,1.252863371716616e-17,9.632583232716181e-17
E2_20260824T221722Z_2ba66f02,direct_only|constant|rotation_shear,full,exact_null,61,0.0,2.0,9.632583232716181e-17,1.252863371716616e-17,9.632583232716181e-17
E2_20260824T221722Z_2ba66f02,direct_only|constant|rotation_shear,full,exact_null,62,0.0,2.0,9.632583232716181e-17,1.252863371716616e-17,9.632583232716181e-17
E2_20260824T221722Z_2ba66f02,direct_only|constant|rotation_shear,full,exact_null,63,0.0,2.0,9.632583232716181e-17,1.252863371716616e-17,9.632583232716181e-17
E2_20260824T221722Z_2ba66f02,direct_only|constant|rotation_shear,full,exact_null,64,0.0,2.0,0.0,0.0,0.0
E2_20260824T221722Z_2ba66f02,direct_only|constant|rotation_shear,full,exact_null,65,0.0,2.0,0.0,0.0,0.0
E2_20260824T221722Z_2ba66f02,direct_only|constant|rotation_shear,full,exact_null,66,0.0,2.0,0.0,0.0,0.0
E2_20260824T221722Z_2ba66f02,direct_only|constant|rotation_shear,full,exact_null,67,0.0,2.0,0.0,0.0,0.0
E2_20260824T221722Z_2ba66f02,direct_only|constant|rotation_shear,full,exact_null,68,0.0,2.0,0.0,0.0,0.0
E2_20260824T221722Z_2ba66f02,direct_only|constant|rotation_shear,full,exact_null,69,0.0,2.0,0.0,0.0,0.0
E2_20260824T221722Z_2ba66f02,direct_only|constant|rotation_shear,full,exact_null,70,0.0,2.0,0.0,0.0,0.0
E2_20260824T221722Z_2ba66f02,direct_only|constant|rotation_shear,full,exact_null,71,0.0,2.0,0.0,0.0,0.0
E2_20260824T221722Z_2ba66f02,direct_only|constant|rotation_shear,full,exact_null,72,0.0,2.0,0.0,0.0,0.0
E2_20260824T221722Z_2ba66f02,direct_only|constant|rotation_shear,full,exact_null,73,0.0,2.0,0.0,0.0,0.0
E2_20260824T221722Z_2ba66f02,direct_only|constant|rotation_shear,full,exact_null,74,0.0,2.0,0.0,0.0,0.0
E2_20260824T221722Z_2ba66f02,direct_only|constant|rotation_shear,full,exact_null,75,0.0,2.0,0.0,0.0,0.0
E2_20260824T221722Z_2ba66f02,direct_only|constant|rotation_shear,full,exact_null,76,0.0,2.0,0.0,0.0,0.0
E2_20260824T221722Z_2ba66f02,direct_only|constant|rotation_shear,full,exact_null,77,0.0,2.0,0.0,0.0,0.0
E2_20260824T221722Z_2ba66f02,direct_only|constant|rotation_shear,full,exact_null,78,0.0,2.0,0.0,0.0,0.0
E2_20260824T221722Z_2ba66f02,direct_only|constant|rotation_shear,full,exact_null,79,0.0,2.0,0.0,0.0,0.0
E2_20260824T221722Z_2ba66f02,direct_only|constant|rotation_shear,full,exact_null,80,0.0,2.0,0.0,0.0,0.0
E2_20260824T221722Z_2ba66f02,direct_only|constant|rotation_shear,full,exact_null,81,0.0,2.0,0.0,0.0,0.0
E2_20260824T221722Z_2ba66f02,direct_only|constant|rotation_shear,full,exact_null,82,0.0,2.0,0.0,0.0,0.0
E2_20260824T221722Z_2ba66f02,direct_only|constant|rotation_shear,full,exact_null,83,0.0,2.0,0.0,0.0,0.0
E2_20260824T221722Z_2ba66f02,direct_only|constant|rotation_shear,full,exact_null,84,0.0,2.0,2.766175187797626e-17,3.597829874723794e-18,2.766175187797626e-17
E2_20260824T221722Z_2ba66f02,direct_only|constant|rotation_shear,full,exact_null,85,0.0,2.0,2.766175187797626e-17,3.597829874723794e-18,2.766175187797626e-17
E2_20260824T221722Z_2ba66f02,direct_only|constant|rotation_shear,full,exact_null,86,0.0,2.0,2.766175187797626e-17,3.597829874723794e-18,2.766175187797626e-17
E2_20260824T221722Z_2ba66f02,direct_only|constant|rotation_shear,full,exact_null,87,0.0,2.0,2.766175187797626e-17,3.597829874723794e-18,2.766175187797626e-17
E2_20260824T221722Z_2ba66f02,direct_only|constant|rotation_shear,full,exact_null,88,0.0,2.0,2.766175187797626e-17,3.597829874723794e-18,2.766175187797626e-17
E2_20260824T221722Z_2ba66f02,direct_only|constant|rotation_shear,full,exact_null,89,0.0,2.0,2.766175187797626e-17,3.597829874723794e-18,2.766175187797626e-17
E2_20260824T221722Z_2ba66f02,direct_only|constant|rotation_shear,full,exact_null,90,0.0,2.0,2.766175187797626e-17,3.597829874723794e-18,2.766175187797626e-17
E2_20260824T221722Z_2ba66f02,direct_only|constant|rotation_shear,full,exact_null,91,0.0,2.0,2.766175187797626e-17,3.597829874723794e-18,2.766175187797626e-17
E2_20260824T221722Z_2ba66f02,direct_only|constant|rotation_shear,full,exact_null,92,0.0,2.0,2.766175187797626e-17,3.597829874723794e-18,2.766175187797626e-17
E2_20260824T221722Z_2ba66f02,direct_only|constant|rotation_shear,full,exact_null,93,0.0,2.0,2.766175187797626e-17,3.597829874723794e-18,2.766175187797626e-17
E2_20260824T221722Z_2ba66f02,direct_only|constant|rotation_shear,full,exact_null,94,0.0,2.0,2.766175187797626e-17,3.597829874723794e-18,2.766175187797626e-17
E2_20260824T221722Z_2ba66f02,direct_only|constant|rotation_shear,full,exact_null,95,0.0,2.0,2.766175187797626e-17,3.597829874723794e-18,2.766175187797626e-17
E2_20260824T221722Z_2ba66f02,direct_only|constant|rotation_shear,full,exact_null,96,0.0,2.0,2.766175187797626e-17,3.597829874723794e-18,2.766175187797626e-17
E2_20260824T221722Z_2ba66f02,direct_only|constant|rotation_shear,full,exact_null,97,0.0,2.0,2.766175187797626e-17,3.597829874723794e-18,2.766175187797626e-17
E2_20260824T221722Z_2ba66f02,direct_only|constant|rotation_shear,full,exact_null,98,0.0,2.0,2.766175187797626e-17,3.597829874723794e-18,2.766175187797626e-17
E2_20260824T221722Z_2ba66f02,direct_only|constant|rotation_shear,full,exact_null,99,0.0,2.0,2.766175187797626e-17,3.597829874723794e-18,2.766175187797626e-17
E2_20260824T221722Z_2ba66f02,direct_only|constant|rotation_shear,full,exact_null,100,0.0,2.0,2.766175187797626e-17,3.597829874723794e-18,2.766175187797626e-17
E2_20260824T221722Z_2ba66f02,direct_only|constant|rotation_shear,full,exact_null,101,0.0,2.0,2.766175187797626e-17,3.597829874723794e-18,2.766175187797626e-17
E2_20260824T221722Z_2ba66f02,direct_only|constant|rotation_shear,full,exact_null,102,0.0,2.0,2.766175187797626e-17,3.597829874723794e-18,2.766175187797626e-17
E2_20260824T221722Z_2ba66f02,direct_only|constant|rotation_shear,full,exact_null,103,0.0,2.0,2.766175187797626e-17,3.597829874723794e-18,2.766175187797626e-17
E2_20260824T221722Z_2ba66f02,direct_only|constant|rotation_shear,full,exact_null,104,0.0,2.0,3.8305658811433966e-17,4.982231214085946e-18,3.8305658811433966e-17
E2_20260824T221722Z_2ba66f02,direct_only|constant|rotation_shear,full,exact_null,105,0.0,2.0,3.8305658811433966e-17,4.982231214085946e-18,3.8305658811433966e-17
E2_20260824T221722Z_2ba66f02,direct_only|constant|rotation_shear,full,exact_null,106,0.0,2.0,3.8305658811433966e-17,4.982231214085946e-18,3.8305658811433966e-17
E2_20260824T221722Z_2ba66f02,direct_only|constant|rotation_shear,full,exact_null,107,0.0,2.0,3.8305658811433966e-17,4.982231214085946e-18,3.8305658811433966e-17
E2_20260824T221722Z_2ba66f02,direct_only|constant|rotation_shear,full,exact_null,108,0.0,2.0,0.0,0.0,0.0
E2_20260824T221722Z_2ba66f02,direct_only|constant|rotation_shear,full,exact_null,109,0.0,2.0,0.0,0.0,0.0
E2_20260824T221722Z_2ba66f02,direct_only|constant|rotation_shear,full,exact_null,110,0.0,2.0,0.0,0.0,0.0
E2_20260824T221722Z_2ba66f02,direct_only|constant|rotation_shear,full,exact_null,111,0.0,2.0,0.0,0.0,0.0
E2_20260824T221722Z_2ba66f02,direct_only|constant|rotation_shear,full,exact_null,112,0.0,2.0,0.0,0.0,0.0
E2_20260824T221722Z_2ba66f02,direct_only|constant|rotation_shear,full,exact_null,113,0.0,2.0,0.0,0.0,0.0
E2_20260824T221722Z_2ba66f02,direct_only|constant|rotation_shear,full,exact_null,114,0.0,2.0,0.0,0.0,0.0
E2_20260824T221722Z_2ba66f02,direct_only|constant|rotation_shear,full,exact_null,115,0.0,2.0,0.0,0.0,0.0
E2_20260824T221722Z_2ba66f02,direct_only|constant|rotation_shear,full,exact_null,116,0.0,2.0,0.0,0.0,0.0
E2_20260824T221722Z_2ba66f02,direct_only|constant|rotation_shear,full,exact_null,117,0.0,2.0,0.0,0.0,0.0
E2_20260824T221722Z_2ba66f02,direct_only|constant|rotation_shear,full,exact_null,118,0.0,2.0,0.0,0.0,0.0
E2_20260824T221722Z_2ba66f02,direct_only|constant|rotation_shear,full,exact_null,119,0.0,2.0,0.0,0.0,0.0
E2_20260824T221722Z_2ba66f02,direct_only|constant|rotation_shear,full,exact_null,120,0.0,2.0,0.0,0.0,0.0
E2_20260824T221722Z_2ba66f02,direct_only|constant|rotation_shear,full,exact_null,121,0.0,2.0,0.0,0.0,0.0
E2_20260824T221722Z_2ba66f02,direct_only|constant|rotation_shear,full,exact_null,122,0.0,2.0,0.0,0.0,0.0
E2_20260824T221722Z_2ba66f02,direct_only|constant|rotation_shear,full,exact_null,123,0.0,2.0,0.0,0.0,0.0
E2_20260824T221722Z_2ba66f02,direct_only|constant|rotation_shear,full,exact_null,124,0.0,2.0,0.0,0.0,0.0
E2_20260824T221722Z_2ba66f02,direct_only|constant|rotation_shear,full,exact_null,125,0.0,2.0,0.0,0.0,0.0
E2_20260824T221722Z_2ba66f02,direct_only|constant|rotation_shear,full,exact_null,126,0.0,2.0,0.0,0.0,0.0
E2_20260824T221722Z_2ba66f02,direct_only|constant|rotation_shear,full,exact_null,127,0.0,2.0,0.0,0.0,0.0
E2_20260824T221722Z_2ba66f02,direct_only|constant|rotation_shear,full,exact_null,128,0.0,2.0,1.6586397581696402e-16,2.157312269906733e-17,1.6586397581696402e-16
E2_20260824T221722Z_2ba66f02,direct_only|constant|rotation_shear,full,exact_null,129,0.0,2.0,1.6586397581696402e-16,2.157312269906733e-17,1.6586397581696402e-16
E2_20260824T221722Z_2ba66f02,direct_only|constant|rotation_shear,full,exact_null,130,0.0,2.0,1.6586397581696402e-16,2.157312269906733e-17,1.6586397581696402e-16
E2_20260824T221722Z_2ba66f02,direct_only|constant|rotation_shear,full,exact_null,131,0.0,2.0,1.6586397581696402e-16,2.157312269906733e-17,1.6586397581696402e-16
E2_20260824T221722Z_2ba66f02,direct_only|constant|rotation_shear,full,exact_null,132,0.0,2.0,1.6586397581696402e-16,2.157312269906733e-17,1.6586397581696402e-16
E2_20260824T221722Z_2ba66f02,direct_only|constant|rotation_shear,full,exact_null,133,0.0,2.0,1.6586397581696402e-16,2.157312269906733e-17,1.6586397581696402e-16
E2_20260824T221722Z_2ba66f02,direct_only|constant|rotation_shear,full,exact_null,134,0.0,2.0,1.6586397581696402e-16,2.157312269906733e-17,1.6586397581696402e-16
E2_20260824T221722Z_2ba66f02,direct_only|constant|rotation_shear,full,exact_null,135,0.0,2.0,1.6586397581696402e-16,2.157312269906733e-17,1.6586397581696402e-16
E2_20260824T221722Z_2ba66f02,direct_only|constant|rotation_shear,full,exact_null,136,0.0,2.0,1.6586397581696402e-16,2.157312269906733e-17,1.6586397581696402e-16
E2_20260824T221722Z_2ba66f02,direct_only|constant|rotation_shear,full,exact_null,137,0.0,2.0,1.6586397581696402e-16,2.157312269906733e-17,1.6586397581696402e-16
E2_20260824T221722Z_2ba66f02,direct_only|constant|rotation_shear,full,exact_null,138,0.0,2.0,1.6586397581696402e-16,2.157312269906733e-17,1.6586397581696402e-16
E2_20260824T221722Z_2ba66f02,direct_only|constant|rotation_shear,full,exact_null,139,0.0,2.0,1.6586397581696402e-16,2.157312269906733e-17,1.6586397581696402e-16
E2_20260824T221722Z_2ba66f02,direct_only|constant|rotation_shear,full,exact_null,140,0.0,2.0,1.6586397581696402e-16,2.157312269906733e-17,1.6586397581696402e-16
E2_20260824T221722Z_2ba66f02,direct_only|constant|rotation_shear,full,exact_null,141,0.0,2.0,1.6586397581696402e-16,2.157312269906733e-17,1.6586397581696402e-16
E2_20260824T221722Z_2ba66f02,direct_only|constant|rotation_shear,full,exact_null,142,0.0,2.0,1.6586397581696402e-16,2.157312269906733e-17,1.6586397581696402e-16
E2_20260824T221722Z_2ba66f02,direct_only|constant|rotation_shear,full,exact_null,143,0.0,2.0,1.6586397581696402e-16,2.157312269906733e-17,1.6586397581696402e-16
E2_20260824T221722Z_2ba66f02,direct_only|constant|rotation_shear,full,exact_null,144,0.0,2.0,1.6586397581696402e-16,2.157312269906733e-17,1.6586397581696402e-16
E2_20260824T221722Z_2ba66f02,direct_only|constant|rotation_shear,full,exact_null,145,0.0,2.0,1.6586397581696402e-16,2.157312269906733e-17,1.6586397581696402e-16
E2_20260824T221722Z_2ba66f02,direct_only|constant|rotation_shear,full,exact_null,146,0.0,2.0,1.6586397581696402e-16,2.157312269906733e-17,1.6586397581696402e-16
E2_20260824T221722Z_2ba66f02,direct_only|constant|rotation_shear,full,exact_null,147,0.0,2.0,1.6586397581696402e-16,2.157312269906733e-17,1.6586397581696402e-16
E2_20260824T221722Z_2ba66f02,direct_only|constant|rotation_shear,full,exact_null,148,0.0,2.0,1.849308904551604e-16,2.4053063789086613e-17,1.849308904551604e-16
E2_20260824T221722Z_2ba66f02,direct_only|constant|rotation_shear,full,exact_null,149,0.0,2.0,1.849308904551604e-16,2.4053063789086613e-17,1.849308904551604e-16
E2_20260824T221722Z_2ba66f02,direct_only|constant|rotation_shear,full,exact_null,150,0.0,2.0,1.849308904551604e-16,2.4053063789086613e-17,1.849308904551604e-16
E2_20260824T221722Z_2ba66f02,direct_only|constant|rotation_shear,full,exact_null,151,0.0,2.0,1.849308904551604e-16,2.4053063789086613e-17,1.849308904551604e-16
E2_20260824T221722Z_2ba66f02,direct_only|constant|rotation_shear,full,exact_null,152,0.0,2.0,0.0,0.0,0.0
E2_20260824T221722Z_2ba66f02,direct_only|constant|rotation_shear,full,exact_null,153,0.0,2.0,0.0,0.0,0.0
E2_20260824T221722Z_2ba66f02,direct_only|constant|rotation_shear,full,exact_null,154,0.0,2.0,0.0,0.0,0.0
E2_20260824T221722Z_2ba66f02,direct_only|constant|rotation_shear,full,exact_null,155,0.0,2.0,0.0,0.0,0.0
E2_20260824T221722Z_2ba66f02,direct_only|constant|rotation_shear,full,exact_null,156,0.0,2.0,0.0,0.0,0.0
E2_20260824T221722Z_2ba66f02,direct_only|constant|rotation_shear,full,exact_null,157,0.0,2.0,0.0,0.0,0.0
E2_20260824T221722Z_2ba66f02,direct_only|constant|rotation_shear,full,exact_null,158,0.0,2.0,0.0,0.0,0.0
E2_20260824T221722Z_2ba66f02,direct_only|constant|rotation_shear,full,exact_null,159,0.0,2.0,0.0,0.0,0.0
E2_20260824T221722Z_2ba66f02,direct_only|constant|rotation_shear,full,exact_null,160,0.0,2.0,0.0,0.0,0.0
E2_20260824T221722Z_2ba66f02,direct_only|constant|rotation_shear,full,exact_null,161,0.0,2.0,0.0,0.0,0.0
E2_20260824T221722Z_2ba66f02,direct_only|constant|rotation_shear,full,exact_null,162,0.0,2.0,0.0,0.0,0.0
E2_20260824T221722Z_2ba66f02,direct_only|constant|rotation_shear,full,exact_null,163,0.0,2.0,0.0,0.0,0.0
E2_20260824T221722Z_2ba66f02,direct_only|constant|rotation_shear,full,exact_null,164,0.0,2.0,0.0,0.0,0.0
E2_20260824T221722Z_2ba66f02,direct_only|constant|rotation_shear,full,exact_null,165,0.0,2.0,0.0,0.0,0.0
E2_20260824T221722Z_2ba66f02,direct_only|constant|rotation_shear,full,exact_null,166,0.0,2.0,0.0,0.0,0.0
E2_20260824T221722Z_2ba66f02,direct_only|constant|rotation_shear,full,exact_null,167,0.0,2.0,0.0,0.0,0.0
E2_20260824T221722Z_2ba66f02,direct_only|constant|rotation_shear,full,exact_null,168,0.0,2.0,0.0,0.0,0.0
E2_20260824T221722Z_2ba66f02,direct_only|constant|rotation_shear,full,exact_null,169,0.0,2.0,0.0,0.0,0.0
E2_20260824T221722Z_2ba66f02,direct_only|constant|rotation_shear,full,exact_null,170,0.0,2.0,0.0,0.0,0.0
E2_20260824T221722Z_2ba66f02,direct_only|constant|rotation_shear,full,exact_null,171,0.0,2.0,0.0,0.0,0.0
E2_20260824T221722Z_2ba66f02,direct_only|constant|rotation_shear,full,exact_null,172,0.0,2.0,1.0554468037418952e-16,1.3727684560382747e-17,1.0554468037418952e-16
E2_20260824T221722Z_2ba66f02,direct_only|constant|rotation_shear,full,exact_null,173,0.0,2.0,1.0554468037418952e-16,1.3727684560382747e-17,1.0554468037418952e-16
E2_20260824T221722Z_2ba66f02,direct_only|constant|rotation_shear,full,exact_null,174,0.0,2.0,1.0554468037418952e-16,1.3727684560382747e-17,1.0554468037418952e-16
E2_20260824T221722Z_2ba66f02,direct_only|constant|rotation_shear,full,exact_null,175,0.0,2.0,1.0554468037418952e-16,1.3727684560382747e-17,1.0554468037418952e-16
E2_20260824T221722Z_2ba66f02,direct_only|constant|rotation_shear,full,exact_null,176,0.0,2.0,1.0554468037418952e-16,1.3727684560382747e-17,1.0554468037418952e-16
E2_20260824T221722Z_2ba66f02,direct_only|constant|rotation_shear,full,exact_null,177,0.0,2.0,1.0554468037418952e-16,1.3727684560382747e-17,1.0554468037418952e-16
E2_20260824T221722Z_2ba66f02,direct_only|constant|rotation_shear,full,exact_null,178,0.0,2.0,1.0554468037418952e-16,1.3727684560382747e-17,1.0554468037418952e-16
E2_20260824T221722Z_2ba66f02,direct_only|constant|rotation_shear,full,exact_null,179,0.0,2.0,1.0554468037418952e-16,1.3727684560382747e-17,1.0554468037418952e-16
E2_20260824T221722Z_2ba66f02,direct_only|constant|rotation_shear,full,exact_null,180,0.0,2.0,1.0554468037418952e-16,1.3727684560382747e-17,1.0554468037418952e-16
E2_20260824T221722Z_2ba66f02,direct_only|constant|rotation_shear,full,exact_null,181,0.0,2.0,1.0554468037418952e-16,1.3727684560382747e-17,1.0554468037418952e-16
E2_20260824T221722Z_2ba66f02,direct_only|constant|rotation_shear,full,exact_null,182,0.0,2.0,1.0554468037418952e-16,1.3727684560382747e-17,1.0554468037418952e-16
E2_20260824T221722Z_2ba66f02,direct_only|constant|rotation_shear,full,exact_null,183,0.0,2.0,1.0554468037418952e-16,1.3727684560382747e-17,1.0554468037418952e-16
E2_20260824T221722Z_2ba66f02,direct_only|constant|rotation_shear,full,exact_null,184,0.0,2.0,1.0554468037418952e-16,1.3727684560382747e-17,1.0554468037418952e-16
E2_20260824T221722Z_2ba66f02,direct_only|constant|rotation_shear,full,exact_null,185,0.0,2.0,1.0554468037418952e-16,1.3727684560382747e-17,1.0554468037418952e-16
E2_20260824T221722Z_2ba66f02,direct_only|constant|rotation_shear,full,exact_null,186,0.0,2.0,1.0554468037418952e-16,1.3727684560382747e-17,1.0554468037418952e-16
E2_20260824T221722Z_2ba66f02,direct_only|constant|rotation_shear,full,exact_null,187,0.0,2.0,1.0554468037418952e-16,1.3727684560382747e-17,1.0554468037418952e-16
E2_20260824T221722Z_2ba66f02,direct_only|constant|rotation_shear,full,exact_null,188,0.0,2.0,1.0554468037418952e-16,1.3727684560382747e-17,1.0554468037418952e-16
E2_20260824T221722Z_2ba66f02,direct_only|constant|rotation_shear,full,exact_null,189,0.0,2.0,1.0554468037418952e-16,1.3727684560382747e-17,1.0554468037418952e-16
E2_20260824T221722Z_2ba66f02,direct_only|constant|rotation_shear,full,exact_null,190,0.0,2.0,1.0554468037418952e-16,1.3727684560382747e-17,1.0554468037418952e-16
E2_20260824T221722Z_2ba66f02,direct_only|constant|rotation_shear,full,exact_null,191,0.0,2.0,1.0554468037418952e-16,1.3727684560382747e-17,1.0554468037418952e-16
E2_20260824T221722Z_2ba66f02,direct_only|constant|rotation_shear,full,exact_null,192,0.0,2.0,1.5641322729546525e-16,2.034390968612646e-17,1.5641322729546525e-16
E2_20260824T221722Z_2ba66f02,direct_only|constant|rotation_shear,full,exact_null,193,0.0,2.0,1.5641322729546525e-16,2.034390968612646e-17,1.5641322729546525e-16
E2_20260824T221722Z_2ba66f02,direct_only|constant|rotation_shear,full,exact_null,194,0.0,2.0,1.5641322729546525e-16,2.034390968612646e-17,1.5641322729546525e-16
E2_20260824T221722Z_2ba66f02,direct_only|constant|rotation_shear,full,exact_null,195,0.0,2.0,1.5641322729546525e-16,2.034390968612646e-17,1.5641322729546525e-16
E2_20260824T221722Z_2ba66f02,direct_only|constant|rotation_shear,full,exact_null,196,0.0,2.0,0.0,0.0,0.0
E2_20260824T221722Z_2ba66f02,direct_only|constant|rotation_shear,full,exact_null,197,0.0,2.0,0.0,0.0,0.0
E2_20260824T221722Z_2ba66f02,direct_only|constant|rotation_shear,full,exact_null,198,0.0,2.0,0.0,0.0,0.0
E2_20260824T221722Z_2ba66f02,direct_only|constant|rotation_shear,full,exact_null,199,0.0,2.0,0.0,0.0,0.0
E2_20260824T221722Z_2ba66f02,direct_only|constant|rotation_shear,full,exact_null,200,0.0,2.0,0.0,0.0,0.0
E2_20260824T221722Z_2ba66f02,direct_only|constant|rotation_shear,full,exact_null,201,0.0,2.0,0.0,0.0,0.0
E2_20260824T221722Z_2ba66f02,direct_only|constant|rotation_shear,full,exact_null,202,0.0,2.0,0.0,0.0,0.0
E2_20260824T221722Z_2ba66f02,direct_only|constant|rotation_shear,full,exact_null,203,0.0,2.0,0.0,0.0,0.0
E2_20260824T221722Z_2ba66f02,direct_only|constant|rotation_shear,full,exact_null,204,0.0,2.0,0.0,0.0,0.0
E2_20260824T221722Z_2ba66f02,direct_only|constant|rotation_shear,full,exact_null,205,0.0,2.0,0.0,0.0,0.0
E2_20260824T221722Z_2ba66f02,direct_only|constant|rotation_shear,full,exact_null,206,0.0,2.0,0.0,0.0,0.0
E2_20260824T221722Z_2ba66f02,direct_only|constant|rotation_shear,full,exact_null,207,0.0,2.0,0.0,0.0,0.0
E2_20260824T221722Z_2ba66f02,direct_only|constant|rotation_shear,full,exact_null,208,0.0,2.0,0.0,0.0,0.0
E2_20260824T221722Z_2ba66f02,direct_only|constant|rotation_shear,full,exact_null,209,0.0,2.0,0.0,0.0,0.0
E2_20260824T221722Z_2ba66f02,direct_only|constant|rotation_shear,full,exact_null,210,0.0,2.0,0.0,0.0,0.0
E2_20260824T221722Z_2ba66f02,direct_only|constant|rotation_shear,full,exact_null,211,0.0,2.0,0.0,0.0,0.0
E2_20260824T221722Z_2ba66f02,direct_only|constant|rotation_shear,full,exact_null,212,0.0,2.0,0.0,0.0,0.0
E2_20260824T221722Z_2ba66f02,direct_only|constant|rotation_shear,full,exact_null,213,0.0,2.0,0.0,0.0,0.0
E2_20260824T221722Z_2ba66f02,direct_only|constant|rotation_shear,full,exact_null,214,0.0,2.0,0.0,0.0,0.0
E2_20260824T221722Z_2ba66f02,direct_only|constant|rotation_shear,full,exact_null,215,0.0,2.0,0.0,0.0,0.0
E2_20260824T221722Z_2ba66f02,direct_only|constant|rotation_shear,full,near_null,0,0.9435380046691119,2.0,1.8870760093382246,0.2454428219955653,1.8870760093382246
E2_20260824T221722Z_2ba66f02,direct_only|constant|rotation_shear,full,near_null,1,0.9435380046691119,2.0,1.8870760093382246,0.2454428219955653,1.8870760093382246
E2_20260824T221722Z_2ba66f02,direct_only|constant|rotation_shear,full,near_null,2,0.9435380046691119,2.0,1.8870760093382246,0.2454428219955653,1.8870760093382246
E2_20260824T221722Z_2ba66f02,direct_only|constant|rotation_shear,full,near_null,3,0.9435380046691119,2.0,1.8870760093382246,0.2454428219955653,1.8870760093382246
E2_20260824T221722Z_2ba66f02,direct_only|constant|rotation_shear,full,near_null,4,0.9435380046691119,2.0,1.8870760093382246,0.2454428219955653,1.8870760093382246
E2_20260824T221722Z_2ba66f02,direct_only|constant|rotation_shear,full,near_null,5,0.9435380046691119,2.0,1.8870760093382246,0.2454428219955653,1.8870760093382246
E2_20260824T221722Z_2ba66f02,direct_only|constant|rotation_shear,full,near_null,6,0.9435380046691119,2.0,1.8870760093382246,0.2454428219955653,1.8870760093382246
E2_20260824T221722Z_2ba66f02,direct_only|constant|rotation_shear,full,near_null,7,0.9435380046691119,2.0,1.8870760093382246,0.2454428219955653,1.8870760093382246
E2_20260824T221722Z_2ba66f02,direct_only|constant|rotation_shear,full,near_null,8,0.9435380046691119,2.0,1.8870760093382246,0.2454428219955653,1.8870760093382246
E2_20260824T221722Z_2ba66f02,direct_only|constant|rotation_shear,full,near_null,9,0.9435380046691119,2.0,1.8870760093382246,0.2454428219955653,1.8870760093382246
E2_20260824T221722Z_2ba66f02,direct_only|constant|rotation_shear,full,near_null,10,0.9435380046691119,2.0,1.8870760093382246,0.2454428219955653,1.8870760093382246
E2_20260824T221722Z_2ba66f02,direct_only|constant|rotation_shear,full,near_null,11,0.9435380046691119,2.0,1.8870760093382246,0.2454428219955653,1.8870760093382246
E2_20260824T221722Z_2ba66f02,direct_only|constant|rotation_shear,full,near_null,12,0.9435380046691119,2.0,1.8870760093382246,0.2454428219955653,1.8870760093382246
E2_20260824T221722Z_2ba66f02,direct_only|constant|rotation_shear,full,near_null,13,0.9435380046691119,2.0,1.8870760093382246,0.2454428219955653,1.8870760093382246
E2_20260824T221722Z_2ba66f02,direct_only|constant|rotation_shear,full,near_null,14,0.9435380046691119,2.0,1.8870760093382246,0.2454428219955653,1.8870760093382246
E2_20260824T221722Z_2ba66f02,direct_only|constant|rotation_shear,full,near_null,15,0.9435380046691119,2.0,1.8870760093382246,0.2454428219955653,1.8870760093382246
E2_20260824T221722Z_2ba66f02,direct_only|constant|rotation_shear,full,near_null,16,0.9435380046691119,2.0,1.8870760093382246,0.2454428219955653,1.8870760093382246
E2_20260824T221722Z_2ba66f02,direct_only|constant|rotation_shear,full,near_null,17,0.9435380046691119,2.0,1.8870760093382246,0.2454428219955653,1.8870760093382246
E2_20260824T221722Z_2ba66f02,direct_only|constant|rotation_shear,full,near_null,18,0.9435380046691119,2.0,1.8870760093382246,0.2454428219955653,1.8870760093382246
E2_20260824T221722Z_2ba66f02,direct_only|constant|rotation_shear,full,near_null,19,0.9435380046691119,2.0,1.8870760093382246,0.2454428219955653,1.8870760093382246
E2_20260824T221722Z_2ba66f02,resolved|constant|identical,restricted,exact_null,0,0.0,2.0,1.0044084224080046e-15,5.314327918403255e-16,1.0044084224080046e-15
E2_20260824T221722Z_2ba66f02,resolved|constant|identical,restricted,exact_null,1,0.0,2.0000000000000013,6.214378326122808e-16,3.288029400914284e-16,6.214378326122808e-16
E2_20260824T221722Z_2ba66f02,resolved|constant|identical,restricted,exact_null,2,0.0,1.9999999999999991,6.645344779501985e-16,3.516053878207829e-16,6.645344779501985e-16
E2_20260824T221722Z_2ba66f02,resolved|constant|identical,restricted,exact_null,3,0.0,2.0000000000000004,5.076706909617214e-16,2.6860871196846767e-16,5.076706909617214e-16
E2_20260824T221722Z_2ba66f02,resolved|constant|identical,restricted,exact_null,4,0.0,1.9999999999999998,6.485953999465006e-16,3.431720169589991e-16,6.485953999465006e-16
E2_20260824T221722Z_2ba66f02,resolved|constant|identical,restricted,exact_null,5,0.0,2.0000000000000004,5.747772828185227e-16,3.0411482946582027e-16,5.747772828185227e-16
E2_20260824T221722Z_2ba66f02,resolved|constant|identical,restricted,exact_null,6,0.0,2.000000000000001,4.330999647431278e-16,2.2915331878399096e-16,4.330999647431278e-16
E2_20260824T221722Z_2ba66f02,resolved|constant|identical,restricted,exact_null,7,0.0,2.0,4.3189494133382476e-16,2.285157405435541e-16,4.3189494133382476e-16
E2_20260824T221722Z_2ba66f02,resolved|constant|identical,restricted,exact_null,8,0.0,2.000000000000001,4.21888677272516e-16,2.232214232844016e-16,4.21888677272516e-16
E2_20260824T221722Z_2ba66f02,resolved|constant|identical,restricted,exact_null,9,0.0,2.0,3.7072247379018776e-16,1.9614936996639552e-16,3.7072247379018776e-16
E2_20260824T221722Z_2ba66f02,resolved|constant|identical,restricted,exact_null,10,0.0,2.0,2.437919409902608e-16,1.289903877130149e-16,2.437919409902608e-16
E2_20260824T221722Z_2ba66f02,resolved|constant|identical,restricted,exact_null,11,0.0,1.9999999999999996,2.756766509716691e-16,1.45860597146161e-16,2.756766509716691e-16
E2_20260824T221722Z_2ba66f02,resolved|constant|identical,restricted,near_null,0,1.2462894290188773,1.9999999999999993,2.4925788580377555,1.318824207221839,2.4925788580377555
E2_20260824T221722Z_2ba66f02,resolved|constant|identical,restricted,near_null,1,1.2227039171975378,1.9999999999999993,2.445407834395073,1.2938660047325594,2.445407834395073
E2_20260824T221722Z_2ba66f02,resolved|constant|identical,restricted,near_null,2,1.1192149800162792,1.999999999999999,2.2384299600325557,1.1843539505047154,2.2384299600325557
E2_20260824T221722Z_2ba66f02,resolved|constant|identical,restricted,near_null,3,1.0980342995682582,2.0000000000000004,2.1960685991365145,1.1619405419899131,2.1960685991365145
E2_20260824T221722Z_2ba66f02,resolved|constant|identical,restricted,near_null,4,1.0882486177484187,1.9999999999999991,2.176497235496838,1.1515853277293435,2.176497235496838
E2_20260824T221722Z_2ba66f02,resolved|constant|identical,restricted,near_null,5,0.9772883622425332,2.000000000000001,1.9545767244850654,1.0341671200535512,1.9545767244850654
E2_20260824T221722Z_2ba66f02,resolved|constant|identical,restricted,near_null,6,0.8084953894438297,2.000000000000001,1.616990778887658,0.8555502969042826,1.616990778887658
E2_20260824T221722Z_2ba66f02,resolved|constant|identical,restricted,near_null,7,0.7260593968545336,1.9999999999999996,1.4521187937090672,0.7683164810331892,1.4521187937090672
E2_20260824T221722Z_2ba66f02,resolved|constant|identical,restricted,near_null,8,0.3014968598935165,2.0,0.6029937197870328,0.3190441545684632,0.6029937197870328
E2_20260824T221722Z_2ba66f02,resolved|constant|identical,restricted,near_null,9,0.27075556781889465,2.0000000000000004,0.54151113563779,0.2865137012040277,0.54151113563779
E2_20260824T221722Z_2ba66f02,resolved|constant|identical,restricted,near_null,10,0.08458514118756062,1.9999999999999998,0.16917028237512102,0.08950804618253895,0.16917028237512102
E2_20260824T221722Z_2ba66f02,resolved|constant|identical,restricted,near_null,11,0.07596065159473939,2.0000000000000013,0.15192130318947883,0.08038160621995383,0.15192130318947883
E2_20260824T221722Z_2ba66f02,resolved|constant|identical,full,exact_null,0,0.0,1.9999999999999996,1.3645874073181634e-15,1.6000937080991008e-16,1.3645874073181634e-15
E2_20260824T221722Z_2ba66f02,resolved|constant|identical,full,exact_null,1,0.0,2.0000000000000004,9.195924962628955e-16,1.0782996819362626e-16,9.195924962628955e-16
E2_20260824T221722Z_2ba66f02,resolved|constant|identical,full,exact_null,2,0.0,1.9999999999999998,1.2579852308330673e-15,1.4750936744268703e-16,1.2579852308330673e-15
E2_20260824T221722Z_2ba66f02,resolved|constant|identical,full,exact_null,3,0.0,1.9999999999999998,1.2812752273409148e-15,1.5024031576259689e-16,1.2812752273409148e-15
E2_20260824T221722Z_2ba66f02,resolved|constant|identical,full,exact_null,4,0.0,2.0000000000000013,1.4109596324044739e-15,1.6544690490946524e-16,1.4109596324044739e-15
E2_20260824T221722Z_2ba66f02,resolved|constant|identical,full,exact_null,5,0.0,1.9999999999999996,1.1459820961463206e-15,1.3437605622066325e-16,1.1459820961463206e-15
E2_20260824T221722Z_2ba66f02,resolved|constant|identical,full,exact_null,6,0.0,2.000000000000001,1.5139627752282285e-15,1.7752489125631528e-16,1.5139627752282285e-15
E2_20260824T221722Z_2ba66f02,resolved|constant|identical,full,exact_null,7,0.0,2.0000000000000004,1.5642216152259182e-15,1.8341816370082e-16,1.5642216152259182e-15
E2_20260824T221722Z_2ba66f02,resolved|constant|identical,full,exact_null,8,0.0,2.0,1.4275524132569829e-15,1.6739254826654016e-16,1.4275524132569829e-15
E2_20260824T221722Z_2ba66f02,resolved|constant|identical,full,exact_null,9,0.0,2.0,6.577072539652872e-16,7.712171702575447e-17,6.577072539652872e-16
E2_20260824T221722Z_2ba66f02,resolved|constant|identical,full,exact_null,10,0.0,1.9999999999999991,1.1170271827598538e-15,1.3098084866709994e-16,1.1170271827598538e-15
E2_20260824T221722Z_2ba66f02,resolved|constant|identical,full,exact_null,11,0.0,1.9999999999999991,1.2860126243096762e-15,1.5079581547202044e-16,1.2860126243096762e-15
E2_20260824T221722Z_2ba66f02,resolved|constant|identical,full,exact_null,12,0.0,1.999999999999999,1.1957554408779114e-15,1.4021240025468796e-16,1.1957554408779114e-15
E2_20260824T221722Z_2ba66f02,resolved|constant|identical,full,exact_null,13,0.0,1.9999999999999998,1.2765351000292771e-15,1.4968449589746664e-16,1.2765351000292771e-15
E2_20260824T221722Z_2ba66f02,resolved|constant|identical,full,exact_null,14,0.0,2.0000000000000004,9.94252991892411e-16,1.1658454035658735e-16,9.94252991892411e-16
E2_20260824T221722Z_2ba66f02,resolved|constant|identical,full,exact_null,15,0.0,2.0,9.791137604425626e-16,1.148093379138236e-16,9.791137604425626e-16
E2_20260824T221722Z_2ba66f02,resolved|constant|identical,full,exact_null,16,0.0,2.0000000000000004,1.2050514652490918e-15,1.4130243743566228e-16,1.2050514652490918e-15
E2_20260824T221722Z_2ba66f02,resolved|constant|identical,full,exact_null,17,0.0,1.9999999999999993,1.2093938509741103e-15,1.4181161874859825e-16,1.2093938509741103e-15
E2_20260824T221722Z_2ba66f02,resolved|constant|identical,full,exact_null,18,0.0,2.000000000000001,1.0338029278934673e-15,1.2122210357984647e-16,1.0338029278934673e-15
E2_20260824T221722Z_2ba66f02,resolved|constant|identical,full,exact_null,19,0.0,1.9999999999999996,1.1090988928989633e-15,1.300511898812748e-16,1.1090988928989633e-15
E2_20260824T221722Z_2ba66f02,resolved|constant|identical,full,exact_null,20,0.0,2.0000000000000018,1.1310487068734148e-15,1.3262499050746486e-16,1.1310487068734148e-15
E2_20260824T221722Z_2ba66f02,resolved|constant|identical,full,exact_null,21,0.0,1.9999999999999998,1.2442568464427905e-15,1.4589959870471962e-16,1.2442568464427905e-15
E2_20260824T221722Z_2ba66f02,resolved|constant|identical,full,exact_null,22,0.0,1.9999999999999993,1.0704989259135691e-15,1.2552501852904558e-16,1.0704989259135691e-15
E2_20260824T221722Z_2ba66f02,resolved|constant|identical,full,exact_null,23,0.0,1.9999999999999991,1.108315960728813e-15,1.2995938448774652e-16,1.108315960728813e-15
E2_20260824T221722Z_2ba66f02,resolved|constant|identical,full,exact_null,24,0.0,2.0000000000000004,9.495375919162777e-16,1.113412829607448e-16,9.495375919162777e-16
E2_20260824T221722Z_2ba66f02,resolved|constant|identical,full,exact_null,25,0.0,2.0,1.0946506564631873e-15,1.2835701242587468e-16,1.0946506564631873e-15
E2_20260824T221722Z_2ba66f02,resolved|constant|identical,full,exact_null,26,0.0,1.9999999999999998,9.579376669407605e-16,1.1232626253201688e-16,9.579376669407605e-16
E2_20260824T221722Z_2ba66f02,resolved|constant|identical,full,exact_null,27,0.0,1.9999999999999996,8.776391931883356e-16,1.0291058993148126e-16,8.776391931883356e-16
E2_20260824T221722Z_2ba66f02,resolved|constant|identical,full,exact_null,28,0.0,2.0000000000000004,8.848606746463316e-16,1.0375736947686801e-16,8.848606746463316e-16
E2_20260824T221722Z_2ba66f02,resolved|constant|identical,full,exact_null,29,0.0,2.0,9.368562859601817e-16,1.0985429299132192e-16,9.368562859601817e-16
E2_20260824T221722Z_2ba66f02,resolved|constant|identical,full,exact_null,30,0.0,2.0,8.059688232720738e-16,9.450663520163908e-17,8.059688232720738e-16
E2_20260824T221722Z_2ba66f02,resolved|constant|identical,full,exact_null,31,0.0,2.0,6.295907131431475e-16,7.382481571904852e-17,6.295907131431475e-16
E2_20260824T221722Z_2ba66f02,resolved|constant|identical,full,exact_null,32,0.0,2.0000000000000004,9.734975469750387e-16,1.1415078956547064e-16,9.734975469750387e-16
E2_20260824T221722Z_2ba66f02,resolved|constant|identical,full,exact_null,33,0.0,1.9999999999999993,9.284289467645883e-16,1.0886611646627343e-16,9.284289467645883e-16
E2_20260824T221722Z_2ba66f02,resolved|constant|identical,full,exact_null,34,0.0,1.9999999999999993,7.341105996202191e-16,8.608065303854102e-17,7.341105996202191e-16
E2_20260824T221722Z_2ba66f02,resolved|constant|identical,full,exact_null,35,0.0,1.9999999999999996,8.807542934454888e-16,1.032758616828427e-16,8.807542934454888e-16
E2_20260824T221722Z_2ba66f02,resolved|constant|identical,full,exact_null,36,0.0,1.9999999999999998,1.1495426250166125e-15,1.347935582298644e-16,1.1495426250166125e-15
E2_20260824T221722Z_2ba66f02,resolved|constant|identical,full,exact_null,37,0.0,2.0,8.197642316720494e-16,9.612426306945303e-17,8.197642316720494e-16
E2_20260824T221722Z_2ba66f02,resolved|constant|identical,full,exact_null,38,0.0,2.0,6.974873749756304e-16,8.178627138077132e-17,6.974873749756304e-16
E2_20260824T221722Z_2ba66f02,resolved|constant|identical,full,exact_null,39,0.0,1.9999999999999996,4.3585833148323905e-16,5.1108061681408724e-17,4.3585833148323905e-16
E2_20260824T221722Z_2ba66f02,resolved|constant|identical,full,exact_null,40,0.0,2.0,7.162500132867411e-16,8.398634880695465e-17,7.162500132867411e-16
E2_20260824T221722Z_2ba66f02,resolved|constant|identical,full,exact_null,41,0.0,2.0000000000000004,5.696574754933558e-16,6.679713863840547e-17,5.696574754933558e-16
E2_20260824T221722Z_2ba66f02,resolved|constant|identical,full,exact_null,42,0.0,1.9999999999999996,7.117238307209648e-16,8.345561576586351e-17,7.117238307209648e-16
E2_20260824T221722Z_2ba66f02,resolved|constant|identical,full,exact_null,43,0.0,1.9999999999999998,7.278392997921155e-16,8.534529029499402e-17,7.278392997921155e-16
E2_20260824T221722Z_2ba66f02,resolved|constant|identical,full,exact_null,44,0.0,2.0,6.67787007227325e-16,7.830365302247274e-17,6.67787007227325e-16
E2_20260824T221722Z_2ba66f02,resolved|constant|identical,full,exact_null,45,0.0,1.9999999999999998,8.644177122219186e-16,1.0136025989086531e-16,8.644177122219186e-16
E2_20260824T221722Z_2ba66f02,resolved|constant|identical,full,exact_null,46,0.0,1.9999999999999991,7.73495847286696e-16,9.069890516699268e-17,7.73495847286696e-16
E2_20260824T221722Z_2ba66f02,resolved|constant|identical,full,exact_null,47,0.0,2.0,7.064529071230156e-16,8.283755556395055e-17,7.064529071230156e-16
E2_20260824T221722Z_2ba66f02,resolved|constant|identical,full,exact_null,48,0.0,2.0,7.079696907753206e-16,8.301541122681135e-17,7.079696907753206e-16
E2_20260824T221722Z_2ba66f02,resolved|constant|identical,full,exact_null,49,0.0,2.0,8.130372454571466e-16,9.533546725767798e-17,8.130372454571466e-16
E2_20260824T221722Z_2ba66f02,resolved|constant|identical,full,exact_null,50,0.0,2.0,6.327023286647082e-16,7.418967885580119e-17,6.327023286647082e-16
E2_20260824T221722Z_2ba66f02,resolved|constant|identical,full,exact_null,51,0.0,1.9999999999999998,7.230471478236789e-16,8.478337010052148e-17,7.230471478236789e-16
E2_20260824T221722Z_2ba66f02,resolved|constant|identical,full,exact_null,52,0.0,2.0,7.471406752152415e-16,8.760853918667912e-17,7.471406752152415e-16
E2_20260824T221722Z_2ba66f02,resolved|constant|identical,full,exact_null,53,0.0,1.9999999999999996,6.423297919058879e-16,7.5318580036814e-17,6.423297919058879e-16
E2_20260824T221722Z_2ba66f02,resolved|constant|identical,full,exact_null,54,0.0,2.0,7.74378835922312e-16,9.080244302412043e-17,7.74378835922312e-16
E2_20260824T221722Z_2ba66f02,resolved|constant|identical,full,exact_null,55,0.0,1.9999999999999998,6.801147141835054e-16,7.974918052991475e-17,6.801147141835054e-16
E2_20260824T221722Z_2ba66f02,resolved|constant|identical,full,exact_null,56,0.0,1.9999999999999996,5.257437647501773e-16,6.164788605974227e-17,5.257437647501773e-16
E2_20260824T221722Z_2ba66f02,resolved|constant|identical,full,exact_null,57,0.0,1.9999999999999993,7.239039602022635e-16,8.48838385709648e-17,7.239039602022635e-16
E2_20260824T221722Z_2ba66f02,resolved|constant|identical,full,exact_null,58,0.0,1.9999999999999993,8.083443284819047e-16,9.47851832022598e-17,8.083443284819047e-16
E2_20260824T221722Z_2ba66f02,resolved|constant|identical,full,exact_null,59,0.0,1.9999999999999996,6.09196139499025e-16,7.14333801252335e-17,6.09196139499025e-16
E2_20260824T221722Z_2ba66f02,resolved|constant|identical,full,exact_null,60,0.0,2.0000000000000004,7.318492944468009e-16,8.581549595437963e-17,7.318492944468009e-16
E2_20260824T221722Z_2ba66f02,resolved|constant|identical,full,exact_null,61,0.0,2.0,5.372454878958107e-16,6.299656000608881e-17,5.372454878958107e-16
E2_20260824T221722Z_2ba66f02,resolved|constant|identical,full,exact_null,62,0.0,2.0000000000000004,5.6739462948531785e-16,6.653180087840264e-17,5.6739462948531785e-16
E2_20260824T221722Z_2ba66f02,resolved|constant|identical,full,exact_null,63,0.0,2.0,6.451365594296608e-16,7.564769717733578e-17,6.451365594296608e-16
E2_20260824T221722Z_2ba66f02,resolved|constant|identical,full,exact_null,64,0.0,2.0,6.045451255790259e-16,7.088800955609583e-17,6.045451255790259e-16
E2_20260824T221722Z_2ba66f02,resolved|constant|identical,full,exact_null,65,0.0,2.0000000000000004,5.581101201814744e-16,6.544311393609351e-17,5.581101201814744e-16
E2_20260824T221722Z_2ba66f02,resolved|constant|identical,full,exact_null,66,0.0,1.9999999999999996,6.621422334036638e-16,7.764175573172801e-17,6.621422334036638e-16
E2_20260824T221722Z_2ba66f02,resolved|constant|identical,full,exact_null,67,0.0,2.0,5.039150513346131e-16,5.908828549441191e-17,5.039150513346131e-16
E2_20260824T221722Z_2ba66f02,resolved|constant|identical,full,exact_null,68,0.0,1.9999999999999998,6.764408273576505e-16,7.931838634532882e-17,6.764408273576505e-16
E2_20260824T221722Z_2ba66f02,resolved|constant|identical,full,exact_null,69,0.0,1.9999999999999998,4.909128975044375e-16,5.756367340845633e-17,4.909128975044375e-16
E2_20260824T221722Z_2ba66f02,resolved|constant|identical,full,exact_null,70,0.0,1.9999999999999996,4.2730189607054215e-16,5.010474753720744e-17,4.2730189607054215e-16
E2_20260824T221722Z_2ba66f02,resolved|constant|identical,full,exact_null,71,0.0,2.0,6.12731151779141e-16,7.184789009924704e-17,6.12731151779141e-16
E2_20260824T221722Z_2ba66f02,resolved|constant|identical,full,exact_null,72,0.0,1.9999999999999996,4.661289575822563e-16,5.4657547636027737e-17,4.661289575822563e-16
E2_20260824T221722Z_2ba66f02,resolved|constant|identical,full,exact_null,73,0.0,2.0000000000000004,4.890720682879095e-16,5.734782067295145e-17,4.890720682879095e-16
E2_20260824T221722Z_2ba66f02,resolved|constant|identical,full,exact_null,74,0.0,1.9999999999999998,5.401081698269747e-16,6.333223358198285e-17,5.401081698269747e-16
E2_20260824T221722Z_2ba66f02,resolved|constant|identical,full,exact_null,75,0.0,2.0,5.494690675395134e-16,6.442987770882037e-17,5.494690675395134e-16
E2_20260824T221722Z_2ba66f02,resolved|constant|identical,full,exact_null,76,0.0,1.9999999999999996,4.2588793716492914e-16,4.993894894224397e-17,4.2588793716492914e-16
E2_20260824T221722Z_2ba66f02,resolved|constant|identical,full,exact_null,77,0.0,1.9999999999999993,5.700865563794125e-16,6.68474519875074e-17,5.700865563794125e-16
E2_20260824T221722Z_2ba66f02,resolved|constant|identical,full,exact_null,78,0.0,2.0,4.525436683374535e-16,5.306455800951222e-17,4.525436683374535e-16
E2_20260824T221722Z_2ba66f02,resolved|constant|identical,full,exact_null,79,0.0,2.0,5.186624128042963e-16,6.081753788030918e-17,5.186624128042963e-16
E2_20260824T221722Z_2ba66f02,resolved|constant|identical,full,exact_null,80,0.0,2.0,5.152830480197418e-16,6.042127888655485e-17,5.152830480197418e-16
E2_20260824T221722Z_2ba66f02,resolved|constant|identical,full,exact_null,81,0.0,2.0,6.061251947446358e-16,7.107328597860238e-17,6.061251947446358e-16
E2_20260824T221722Z_2ba66f02,resolved|constant|identical,full,exact_null,82,0.0,1.9999999999999998,4.608237357669787e-16,5.4035465679154114e-17,4.608237357669787e-16
E2_20260824T221722Z_2ba66f02,resolved|constant|identical,full,exact_null,83,0.0,1.9999999999999998,6.543500993621171e-16,7.672806236289885e-17,6.543500993621171e-16
E2_20260824T221722Z_2ba66f02,resolved|constant|identical,full,exact_null,84,0.0,1.9999999999999998,4.3506286308551755e-16,5.1014786309573996e-17,4.3506286308551755e-16
E2_20260824T221722Z_2ba66f02,resolved|constant|identical,full,exact_null,85,0.0,1.9999999999999993,5.82295311045032e-16,6.827903133665117e-17,5.82295311045032e-16
E2_20260824T221722Z_2ba66f02,resolved|constant|identical,full,exact_null,86,0.0,1.9999999999999993,5.44123697559923e-16,6.380308804141359e-17,5.44123697559923e-16
E2_20260824T221722Z_2ba66f02,resolved|constant|identical,full,exact_null,87,0.0,1.9999999999999998,3.9972263289434233e-16,4.687084656130921e-17,3.9972263289434233e-16
E2_20260824T221722Z_2ba66f02,resolved|constant|identical,full,exact_null,88,0.0,1.9999999999999996,3.6493401884299444e-16,4.279158845306909e-17,3.6493401884299444e-16
E2_20260824T221722Z_2ba66f02,resolved|constant|identical,full,exact_null,89,0.0,2.0,4.105458185065185e-16,4.813995626485449e-17,4.105458185065185e-16
E2_20260824T221722Z_2ba66f02,resolved|constant|identical,full,exact_null,90,0.0,1.9999999999999998,3.7085325654492138e-16,4.348566894602999e-17,3.7085325654492138e-16
E2_20260824T221722Z_2ba66f02,resolved|constant|identical,full,exact_null,91,0.0,2.0000000000000004,4.020810893461246e-16,4.714739545140479e-17,4.020810893461246e-16
E2_20260824T221722Z_2ba66f02,resolved|constant|identical,full,exact_null,92,0.0,2.0000000000000004,4.938990920679811e-16,5.791382988114988e-17,4.938990920679811e-16
E2_20260824T221722Z_2ba66f02,resolved|constant|identical,full,exact_null,93,0.0,2.0,4.259891057160815e-16,4.995081180726003e-17,4.259891057160815e-16
E2_20260824T221722Z_2ba66f02,resolved|constant|identical,full,exact_null,94,0.0,2.0,4.2964198703642915e-16,5.0379142919343807e-17,4.2964198703642915e-16
E2_20260824T221722Z_2ba66f02,resolved|constant|identical,full,exact_null,95,0.0,1.9999999999999998,4.511386950445974e-16,5.2899813053352574e-17,4.511386950445974e-16
E2_20260824T221722Z_2ba66f02,resolved|constant|identical,full,exact_null,96,0.0,2.0,3.4296345673160794e-16,4.0215354933010426e-17,3.4296345673160794e-16
E2_20260824T221722Z_2ba66f02,resolved|constant|identical,full,exact_null,97,0.0,1.9999999999999998,3.610755061343464e-16,4.233914532816426e-17,3.610755061343464e-16
E2_20260824T221722Z_2ba66f02,resolved|constant|identical,full,exact_null,98,0.0,2.0,3.8539300980088504e-16,4.519057751967012e-17,3.8539300980088504e-16
E2_20260824T221722Z_2ba66f02,resolved|constant|identical,full,exact_null,99,0.0,2.0,3.7278804431357514e-16,4.371253911341738e-17,3.7278804431357514e-16
E2_20260824T221722Z_2ba66f02,resolved|constant|identical,full,exact_null,100,0.0,2.0000000000000004,4.201249423746665e-16,4.926318924709699e-17,4.201249423746665e-16
E2_20260824T221722Z_2ba66f02,resolved|constant|identical,full,exact_null,101,0.0,2.0,3.840493638072817e-16,4.50330237060597e-17,3.840493638072817e-16
E2_20260824T221722Z_2ba66f02,resolved|constant|identical,full,exact_null,102,0.0,2.0,3.4834374059018764e-16,4.084623854689484e-17,3.4834374059018764e-16
E2_20260824T221722Z_2ba66f02,resolved|constant|identical,full,exact_null,103,0.0,2.0000000000000004,2.9326338942506046e-16,3.438760329446942e-17,2.9326338942506046e-16
E2_20260824T221722Z_2ba66f02,resolved|constant|identical,full,exact_null,104,0.0,1.9999999999999996,4.175312654380825e-16,4.895905877331327e-17,4.175312654380825e-16
E2_20260824T221722Z_2ba66f02,resolved|constant|identical,full,exact_null,105,0.0,1.9999999999999998,3.957114346692787e-16,4.640049977315611e-17,3.957114346692787e-16
E2_20260824T221722Z_2ba66f02,resolved|constant|identical,full,exact_null,106,0.0,1.9999999999999998,4.151781593308442e-16,4.868313725619468e-17,4.151781593308442e-16
E2_20260824T221722Z_2ba66f02,resolved|constant|identical,full,exact_null,107,0.0,2.0,4.237509671027573e-16,4.9688371197459014e-17,4.237509671027573e-16
E2_20260824T221722Z_2ba66f02,resolved|constant|identical,full,exact_null,108,0.0,2.0,3.8764656463264136e-16,4.545482581097132e-17,3.8764656463264136e-16
E2_20260824T221722Z_2ba66f02,resolved|constant|identical,full,exact_null,109,0.0,1.9999999999999996,3.422144686694309e-16,4.0127529772137354e-17,3.422144686694309e-16
E2_20260824T221722Z_2ba66f02,resolved|constant|identical,full,exact_null,110,0.0,2.0,3.746607999722579e-16,4.3932135493260466e-17,3.746607999722579e-16
E2_20260824T221722Z_2ba66f02,resolved|constant|identical,full,exact_null,111,0.0,2.0,3.3757366693755496e-16,3.9583356668099707e-17,3.3757366693755496e-16
E2_20260824T221722Z_2ba66f02,resolved|constant|identical,full,exact_null,112,0.0,2.0,2.907559114913904e-16,3.4093580380045203e-17,2.907559114913904e-16
E2_20260824T221722Z_2ba66f02,resolved|constant|identical,full,exact_null,113,0.0,1.9999999999999993,2.573318762927563e-16,3.0174330639515554e-17,2.573318762927563e-16
E2_20260824T221722Z_2ba66f02,resolved|constant|identical,full,exact_null,114,0.0,1.9999999999999998,3.218931417947491e-16,3.7744682979178334e-17,3.218931417947491e-16
E2_20260824T221722Z_2ba66f02,resolved|constant|identical,full,exact_null,115,0.0,1.9999999999999996,3.717004098844669e-16,4.358500481276395e-17,3.717004098844669e-16
E2_20260824T221722Z_2ba66f02,resolved|constant|identical,full,exact_null,116,0.0,1.9999999999999998,2.446891822544942e-16,2.869186824278258e-17,2.446891822544942e-16
E2_20260824T221722Z_2ba66f02,resolved|constant|identical,full,exact_null,117,0.0,1.9999999999999991,2.646118850753702e-16,3.102797300683448e-17,2.646118850753702e-16
E2_20260824T221722Z_2ba66f02,resolved|constant|identical,full,exact_null,118,0.0,1.9999999999999998,2.915833627050501e-16,3.4190606006519206e-17,2.915833627050501e-16
E2_20260824T221722Z_2ba66f02,resolved|constant|identical,full,exact_null,119,0.0,1.9999999999999996,3.029080452627006e-16,3.5518520452273084e-17,3.029080452627006e-16
E2_20260824T221722Z_2ba66f02,resolved|constant|identical,full,exact_null,120,0.0,2.0,3.4807200755680843e-16,4.0814375559250304e-17,3.4807200755680843e-16
E2_20260824T221722Z_2ba66f02,resolved|constant|identical,full,exact_null,121,0.0,2.0,3.355023447847972e-16,3.9340476693808605e-17,3.355023447847972e-16
E2_20260824T221722Z_2ba66f02,resolved|constant|identical,full,exact_null,122,0.0,2.0,3.390425164596791e-16,3.9755591650328824e-17,3.390425164596791e-16
E2_20260824T221722Z_2ba66f02,resolved|constant|identical,full,exact_null,123,0.0,1.9999999999999998,2.360436407815247e-16,2.767810566225315e-17,2.360436407815247e-16
E2_20260824T221722Z_2ba66f02,resolved|constant|identical,full,exact_null,124,0.0,2.0,2.1202663191189885e-16,2.4861909017497763e-17,2.1202663191189885e-16
E2_20260824T221722Z_2ba66f02,resolved|constant|identical,full,exact_null,125,0.0,2.0,3.318180542137823e-16,3.8908462582446133e-17,3.318180542137823e-16
E2_20260824T221722Z_2ba66f02,resolved|constant|identical,full,exact_null,126,0.0,2.0,4.125436188137623e-16,4.837421518330235e-17,4.125436188137623e-16
E2_20260824T221722Z_2ba66f02,resolved|constant|identical,full,exact_null,127,0.0,2.0,2.63735025392267e-16,3.0925153821028224e-17,2.63735025392267e-16
E2_20260824T221722Z_2ba66f02,resolved|constant|identical,full,exact_null,128,0.0,1.9999999999999991,3.021631060063355e-16,3.543117004799459e-17,3.021631060063355e-16
E2_20260824T221722Z_2ba66f02,resolved|constant|identical,full,exact_null,129,0.0,1.9999999999999996,2.5323980776891e-16,2.9694501127459227e-17,2.5323980776891e-16
E2_20260824T221722Z_2ba66f02,resolved|constant|identical,full,exact_null,130,0.0,1.9999999999999998,2.7288377162374684e-16,3.199792139923387e-17,2.7288377162374684e-16
E2_20260824T221722Z_2ba66f02,resolved|constant|identical,full,exact_null,131,0.0,1.9999999999999998,2.961484023327664e-16,3.4725895365512154e-17,2.961484023327664e-16
E2_20260824T221722Z_2ba66f02,resolved|constant|identical,full,exact_null,132,0.0,1.9999999999999998,2.5918829883780287e-16,3.03920118241705e-17,2.5918829883780287e-16
E2_20260824T221722Z_2ba66f02,resolved|constant|identical,full,exact_null,133,0.0,1.9999999999999996,2.548105793975461e-16,2.987868733541939e-17,2.548105793975461e-16
E2_20260824T221722Z_2ba66f02,resolved|constant|identical,full,exact_null,134,0.0,1.9999999999999996,2.1686507073644464e-16,2.542925673583802e-17,2.1686507073644464e-16
E2_20260824T221722Z_2ba66f02,resolved|constant|identical,full,exact_null,135,0.0,2.0,2.508813067602037e-16,2.9417947012688885e-17,2.508813067602037e-16
E2_20260824T221722Z_2ba66f02,resolved|constant|identical,full,exact_null,136,0.0,2.0000000000000004,2.661157049349682e-16,3.120430855577423e-17,2.661157049349682e-16
E2_20260824T221722Z_2ba66f02,resolved|constant|identical,full,exact_null,137,0.0,1.9999999999999998,2.319114791410856e-16,2.7193574894472624e-17,2.319114791410856e-16
E2_20260824T221722Z_2ba66f02,resolved|constant|identical,full,exact_null,138,0.0,1.9999999999999998,3.039913797663335e-16,3.564555055043561e-17,3.039913797663335e-16
E2_20260824T221722Z_2ba66f02,resolved|constant|identical,full,exact_null,139,0.0,1.9999999999999996,2.2329130772604665e-16,2.618278716699042e-17,2.2329130772604665e-16
E2_20260824T221722Z_2ba66f02,resolved|constant|identical,full,exact_null,140,0.0,1.9999999999999996,2.4228626248861045e-16,2.84101056544839e-17,2.4228626248861045e-16
E2_20260824T221722Z_2ba66f02,resolved|constant|identical,full,exact_null,141,0.0,2.0,2.1371764868881484e-16,2.506019498221665e-17,2.1371764868881484e-16
E2_20260824T221722Z_2ba66f02,resolved|constant|identical,full,exact_null,142,0.0,1.9999999999999998,2.908423148585528e-16,3.4103711902834704e-17,2.908423148585528e-16
E2_20260824T221722Z_2ba66f02,resolved|constant|identical,full,exact_null,143,0.0,1.9999999999999998,2.301991460028377e-16,2.699278940678702e-17,2.301991460028377e-16
E2_20260824T221722Z_2ba66f02,resolved|constant|identical,full,exact_null,144,0.0,1.9999999999999998,2.672222757899598e-16,3.1334063311910944e-17,2.672222757899598e-16
E2_20260824T221722Z_2ba66f02,resolved|constant|identical,full,exact_null,145,0.0,1.9999999999999998,2.863180077565315e-16,3.3573198775670513e-17,2.863180077565315e-16
E2_20260824T221722Z_2ba66f02,resolved|constant|identical,full,exact_null,146,0.0,2.0,1.5236147913606515e-16,1.7865667147069623e-17,1.5236147913606515e-16
E2_20260824T221722Z_2ba66f02,resolved|constant|identical,full,exact_null,147,0.0,1.9999999999999996,2.3920154210236085e-16,2.804839619895085e-17,2.3920154210236085e-16
E2_20260824T221722Z_2ba66f02,resolved|constant|identical,full,exact_null,148,0.0,1.9999999999999998,2.245805514525666e-16,2.6333961856420177e-17,2.245805514525666e-16
E2_20260824T221722Z_2ba66f02,resolved|constant|identical,full,exact_null,149,0.0,1.9999999999999996,1.7620781297699489e-16,2.0661850706691606e-17,1.7620781297699489e-16
E2_20260824T221722Z_2ba66f02,resolved|constant|identical,full,exact_null,150,0.0,2.0,2.1346111696917083e-16,2.5030114476685904e-17,2.1346111696917083e-16
E2_20260824T221722Z_2ba66f02,resolved|constant|identical,full,exact_null,151,0.0,1.9999999999999998,2.762592285593058e-16,3.2393722164767983e-17,2.762592285593058e-16
E2_20260824T221722Z_2ba66f02,resolved|constant|identical,full,exact_null,152,0.0,1.9999999999999993,2.124153945718102e-16,2.4907494714883798e-17,2.124153945718102e-16
E2_20260824T221722Z_2ba66f02,resolved|constant|identical,full,exact_null,153,0.0,1.9999999999999996,1.890201560778757e-16,2.2164205885391155e-17,1.890201560778757e-16
E2_20260824T221722Z_2ba66f02,resolved|constant|identical,full,exact_null,154,0.0,2.0,2.1927986071059176e-16,2.5712411206067772e-17,2.1927986071059176e-16
E2_20260824T221722Z_2ba66f02,resolved|constant|identical,full,exact_null,155,0.0,2.0000000000000004,2.364095514207547e-16,2.772101176767509e-17,2.364095514207547e-16
E2_20260824T221722Z_2ba66f02,resolved|constant|identical,full,exact_null,156,0.0,1.9999999999999998,2.274766055208637e-16,2.667354859656929e-17,2.274766055208637e-16
E2_20260824T221722Z_2ba66f02,resolved|constant|identical,full,exact_null,157,0.0,1.9999999999999998,1.7451415803173728e-16,2.046325539450683e-17,1.7451415803173728e-16
E2_20260824T221722Z_2ba66f02,resolved|constant|identical,full,exact_null,158,0.0,1.9999999999999996,1.9232495362214397e-16,2.2551721241957248e-17,1.9232495362214397e-16
E2_20260824T221722Z_2ba66f02,resolved|constant|identical,full,exact_null,159,0.0,1.9999999999999996,2.324511258260379e-16,2.7256853015064817e-17,2.324511258260379e-16
E2_20260824T221722Z_2ba66f02,resolved|constant|identical,full,exact_null,160,0.0,1.9999999999999991,2.0298254307918997e-16,2.3801413401086675e-17,2.0298254307918997e-16
E2_20260824T221722Z_2ba66f02,resolved|constant|identical,full,exact_null,161,0.0,1.9999999999999998,1.9093269905770154e-16,2.2388467663865482e-17,1.9093269905770154e-16
E2_20260824T221722Z_2ba66f02,resolved|constant|identical,full,exact_null,162,0.0,2.0,1.699487057585642e-16,1.992791764935734e-17,1.699487057585642e-16
E2_20260824T221722Z_2ba66f02,resolved|constant|identical,full,exact_null,163,0.0,1.9999999999999993,1.5503501972992246e-16,1.8179162307558174e-17,1.5503501972992246e-16
E2_20260824T221722Z_2ba66f02,resolved|constant|identical,full,exact_null,164,0.0,1.9999999999999993,2.1935055363444196e-16,2.5720700547010917e-17,2.1935055363444196e-16
E2_20260824T221722Z_2ba66f02,resolved|constant|identical,full,exact_null,165,0.0,1.9999999999999991,1.6036345835568467e-16,1.8803966631073847e-17,1.6036345835568467e-16
E2_20260824T221722Z_2ba66f02,resolved|constant|identical,full,exact_null,166,0.0,2.0,1.5096997975834624e-16,1.7702502120983996e-17,1.5096997975834624e-16
E2_20260824T221722Z_2ba66f02,resolved|constant|identical,full,exact_null,167,0.0,1.9999999999999998,7.086621524246281e-16,8.309660818951338e-17,7.086621524246281e-16
E2_20260824T221722Z_2ba66f02,resolved|constant|identical,full,exact_null,168,0.0,2.0000000000000004,6.924081161061159e-16,8.119068548313437e-17,6.924081161061159e-16
E2_20260824T221722Z_2ba66f02,resolved|constant|identical,full,exact_null,169,0.0,1.9999999999999998,5.153356600463919e-16,6.042744808996107e-17,5.153356600463919e-16
E2_20260824T221722Z_2ba66f02,resolved|constant|identical,full,exact_null,170,0.0,2.0,5.233472905820125e-16,6.136687927208338e-17,5.233472905820125e-16
E2_20260824T221722Z_2ba66f02,resolved|constant|identical,full,exact_null,171,0.0,1.9999999999999991,5.01559968592968e-16,5.881213220025502e-17,5.01559968592968e-16
E2_20260824T221722Z_2ba66f02,resolved|constant|identical,full,exact_null,172,0.0,2.0,5.675981609469338e-16,6.655566665712706e-17,5.675981609469338e-16
E2_20260824T221722Z_2ba66f02,resolved|constant|identical,full,exact_null,173,0.0,1.9999999999999996,4.915811876305648e-16,5.764203605640884e-17,4.915811876305648e-16
E2_20260824T221722Z_2ba66f02,resolved|constant|identical,full,exact_null,174,0.0,1.9999999999999993,3.3598565108963533e-16,3.939714843013776e-17,3.3598565108963533e-16
E2_20260824T221722Z_2ba66f02,resolved|constant|identical,full,exact_null,175,0.0,1.9999999999999993,2.252582596709368e-15,2.6413428855040106e-16,2.252582596709368e-15
E2_20260824T221722Z_2ba66f02,resolved|constant|identical,full,near_null,0,0.18400738167822106,1.9999999999999998,0.36801476335644173,0.04315283170401744,0.36801476335644173
E2_20260824T221722Z_2ba66f02,resolved|constant|identical,full,near_null,1,0.184007381678221,1.9999999999999998,0.36801476335644173,0.04315283170401744,0.36801476335644173
E2_20260824T221722Z_2ba66f02,resolved|constant|identical,full,near_null,2,0.18400738167822095,1.9999999999999998,0.36801476335644173,0.04315283170401744,0.36801476335644173
E2_20260824T221722Z_2ba66f02,resolved|constant|identical,full,near_null,3,0.18400738167822087,1.9999999999999998,0.36801476335644173,0.04315283170401744,0.36801476335644173
E2_20260824T221722Z_2ba66f02,resolved|constant|identical,full,near_null,4,0.10901196016068589,1.9999999999999991,0.21802392032137144,0.025565141613532946,0.21802392032137144
E2_20260824T221722Z_2ba66f02,resolved|constant|identical,full,near_null,5,0.10901196016068586,2.0,0.21802392032137155,0.02556514161353296,0.21802392032137155
E2_20260824T221722Z_2ba66f02,resolved|constant|identical,full,near_null,6,0.10901196016068573,2.000000000000001,0.21802392032137166,0.025565141613532974,0.21802392032137166
E2_20260824T221722Z_2ba66f02,resolved|constant|identical,full,near_null,7,0.10901196016068572,1.9999999999999991,0.21802392032137147,0.02556514161353295,0.21802392032137147
E2_20260824T221722Z_2ba66f02,resolved|constant|identical,full,near_null,8,0.0976390853772087,2.0000000000000004,0.1952781707544173,0.022898010832983737,0.1952781707544173
E2_20260824T221722Z_2ba66f02,resolved|constant|identical,full,near_null,9,0.09763908537720867,2.0000000000000004,0.19527817075441728,0.022898010832983734,0.19527817075441728
E2_20260824T221722Z_2ba66f02,resolved|constant|identical,full,near_null,10,0.09763908537720864,2.0,0.19527817075441728,0.022898010832983734,0.19527817075441728
E2_20260824T221722Z_2ba66f02,resolved|constant|identical,full,near_null,11,0.09763908537720864,1.9999999999999991,0.1952781707544172,0.022898010832983724,0.1952781707544172
E2_20260824T221722Z_2ba66f02,resolved|constant|identical,full,near_null,12,0.052447694031011384,1.9999999999999996,0.10489538806202273,0.012299868044108545,0.10489538806202273
E2_20260824T221722Z_2ba66f02,resolved|constant|identical,full,near_null,13,0.052447694031011356,1.9999999999999996,0.10489538806202271,0.012299868044108543,0.10489538806202271
E2_20260824T221722Z_2ba66f02,resolved|constant|identical,full,near_null,14,0.052447694031011356,1.9999999999999996,0.10489538806202273,0.012299868044108545,0.10489538806202273
E2_20260824T221722Z_2ba66f02,resolved|constant|identical,full,near_null,15,0.05244769403101135,1.9999999999999996,0.10489538806202273,0.012299868044108545,0.10489538806202273
E2_20260824T221722Z_2ba66f02,resolved|constant|identical,full,near_null,16,0.04697599114613903,1.9999999999999993,0.093951982292278,0.011016661514175997,0.093951982292278
E2_20260824T221722Z_2ba66f02,resolved|constant|identical,full,near_null,17,0.04697599114613902,1.9999999999999998,0.09395198229227801,0.011016661514176,0.09395198229227801
E2_20260824T221722Z_2ba66f02,resolved|constant|identical,full,near_null,18,0.04697599114613901,1.999999999999999,0.09395198229227798,0.011016661514175996,0.09395198229227798
E2_20260824T221722Z_2ba66f02,resolved|constant|identical,full,near_null,19,0.04697599114613899,1.9999999999999993,0.093951982292278,0.011016661514175997,0.093951982292278
E2_20260824T221722Z_2ba66f02,resolved|none|rotation_shear,restricted,near_null,0,1.1375162821431486,1.9999999999999984,2.2750325642862963,0.5388103644050556,2.2750325642862963
E2_20260824T221722Z_2ba66f02,resolved|none|rotation_shear,restricted,near_null,1,1.1163565793543222,1.9999999999999993,2.2327131587086475,0.5287875916770302,2.2327131587086475
E2_20260824T221722Z_2ba66f02,resolved|none|rotation_shear,restricted,near_null,2,0.6848257782261188,1.9999999999999993,1.3696515564522365,0.32438324876087854,1.3696515564522365
E2_20260824T221722Z_2ba66f02,resolved|none|rotation_shear,restricted,near_null,3,0.5911132010349129,1.9999999999999998,1.1822264020698268,0.2799941629443682,1.1822264020698268
E2_20260824T221722Z_2ba66f02,resolved|none|rotation_shear,restricted,near_null,4,0.4538073765110617,2.0000000000000004,0.9076147530221229,0.21495614765789936,0.9076147530221229
E2_20260824T221722Z_2ba66f02,resolved|none|rotation_shear,restricted,near_null,5,0.45379077739297347,2.0,0.9075815547859465,0.21494828510946265,0.9075815547859465
E2_20260824T221722Z_2ba66f02,resolved|none|rotation_shear,restricted,near_null,6,0.44534951098766584,2.0000000000000004,0.8906990219753319,0.21094988798822353,0.8906990219753319
E2_20260824T221722Z_2ba66f02,resolved|none|rotation_shear,restricted,near_null,7,0.23627465455355148,1.9999999999999998,0.4725493091071029,0.1119168443723929,0.4725493091071029
E2_20260824T221722Z_2ba66f02,resolved|none|rotation_shear,restricted,near_null,8,0.2362660122284259,2.0,0.47253202445685183,0.11191275073925261,0.47253202445685183
E2_20260824T221722Z_2ba66f02,resolved|none|rotation_shear,restricted,near_null,9,0.23581352041792206,2.0000000000000018,0.4716270408358444,0.11169841773924626,0.4716270408358444
E2_20260824T221722Z_2ba66f02,resolved|none|rotation_shear,restricted,near_null,10,0.23187106977675803,1.9999999999999998,0.46374213955351595,0.10983098665279846,0.46374213955351595
E2_20260824T221722Z_2ba66f02,resolved|none|rotation_shear,restricted,near_null,11,0.1227762283287682,1.9999999999999993,0.24555245665753633,0.05815574279206405,0.24555245665753633
E2_20260824T221722Z_2ba66f02,resolved|none|rotation_shear,restricted,near_null,12,0.06042619769293008,1.9999999999999991,0.12085239538586,0.028622237861244362,0.12085239538586
E2_20260824T221722Z_2ba66f02,resolved|none|rotation_shear,restricted,near_null,13,0.05215738700309645,1.9999999999999991,0.10431477400619285,0.024705528297675253,0.10431477400619285
E2_20260824T221722Z_2ba66f02,resolved|none|rotation_shear,restricted,near_null,14,0.020807210908953683,2.0,0.041614421817907234,0.009855806961271526,0.041614421817907234
E2_20260824T221722Z_2ba66f02,resolved|none|rotation_shear,restricted,near_null,15,0.010833267205862763,2.0000000000000004,0.021666534411725533,0.00513142250578678,0.021666534411725533
E2_20260824T221722Z_2ba66f02,resolved|none|rotation_shear,restricted,near_null,16,0.0010710350044811582,1.9999999999999998,0.0021420700089622964,0.0005073200007017006,0.0021420700089622964
E2_20260824T221722Z_2ba66f02,resolved|none|rotation_shear,restricted,near_null,17,0.0009244729828355044,1.9999999999999991,0.0018489459656709402,0.0004378975778928886,0.0018489459656709402
E2_20260824T221722Z_2ba66f02,resolved|none|rotation_shear,restricted,near_null,18,0.0003688011504937005,1.9999999999999993,0.0007376023009873897,0.00017469102237035474,0.0007376023009873897
E2_20260824T221722Z_2ba66f02,resolved|none|rotation_shear,restricted,near_null,19,0.00019201619220423426,1.9999999999999993,0.00038403238440848993,9.095282073529097e-05,0.00038403238440848993
E2_20260824T221722Z_2ba66f02,resolved|none|rotation_shear,full,exact_null,0,0.0,1.999999999999999,1.1352445836914133e-15,1.2247022227572414e-16,1.1352445836914133e-15
E2_20260824T221722Z_2ba66f02,resolved|none|rotation_shear,full,exact_null,1,0.0,1.9999999999999996,1.1878273492183774e-15,1.281428527154304e-16,1.1878273492183774e-15
E2_20260824T221722Z_2ba66f02,resolved|none|rotation_shear,full,exact_null,2,0.0,1.9999999999999991,1.3809532122594358e-15,1.489772770444336e-16,1.3809532122594358e-15
E2_20260824T221722Z_2ba66f02,resolved|none|rotation_shear,full,exact_null,3,0.0,1.9999999999999991,1.211100457361185e-15,1.3065355637193106e-16,1.211100457361185e-15
E2_20260824T221722Z_2ba66f02,resolved|none|rotation_shear,full,exact_null,4,0.0,2.0,1.5217878555694673e-15,1.6417052290359225e-16,1.5217878555694673e-15
E2_20260824T221722Z_2ba66f02,resolved|none|rotation_shear,full,exact_null,5,0.0,2.0,1.3416313993589549e-15,1.4473523860145136e-16,1.3416313993589549e-15
E2_20260824T221722Z_2ba66f02,resolved|none|rotation_shear,full,exact_null,6,0.0,2.0000000000000027,1.2440912339728e-15,1.342126024160314e-16,1.2440912339728e-15
E2_20260824T221722Z_2ba66f02,resolved|none|rotation_shear,full,exact_null,7,0.0,1.9999999999999998,1.4055203462058263e-15,1.5162758024632914e-16,1.4055203462058263e-15
E2_20260824T221722Z_2ba66f02,resolved|none|rotation_shear,full,exact_null,8,0.0,1.9999999999999998,1.2151288884998201e-15,1.3108814365299685e-16,1.2151288884998201e-15
E2_20260824T221722Z_2ba66f02,resolved|none|rotation_shear,full,exact_null,9,0.0,1.9999999999999998,1.6185492686117746e-15,1.7460914726106002e-16,1.6185492686117746e-15
E2_20260824T221722Z_2ba66f02,resolved|none|rotation_shear,full,exact_null,10,0.0,1.999999999999999,1.4156104404460392e-15,1.527160999381507e-16,1.4156104404460392e-15
E2_20260824T221722Z_2ba66f02,resolved|none|rotation_shear,full,exact_null,11,0.0,1.999999999999999,1.297461418765419e-15,1.3997017967149377e-16,1.297461418765419e-15
E2_20260824T221722Z_2ba66f02,resolved|none|rotation_shear,full,exact_null,12,0.0,2.0,1.1064152614816646e-15,1.1936011406661407e-16,1.1064152614816646e-15
E2_20260824T221722Z_2ba66f02,resolved|none|rotation_shear,full,exact_null,13,0.0,1.9999999999999996,1.3217835026992469e-15,1.4259404687013648e-16,1.3217835026992469e-15
E2_20260824T221722Z_2ba66f02,resolved|none|rotation_shear,full,exact_null,14,0.0,1.9999999999999991,1.380097652053333e-15,1.4888497918182592e-16,1.380097652053333e-15
E2_20260824T221722Z_2ba66f02,resolved|none|rotation_shear,full,exact_null,15,0.0,2.0000000000000004,7.864226184459373e-16,8.483929742307515e-17,7.864226184459373e-16
E2_20260824T221722Z_2ba66f02,resolved|none|rotation_shear,full,exact_null,16,0.0,1.9999999999999998,1.1963404842695025e-15,1.2906124999911033e-16,1.1963404842695025e-15
E2_20260824T221722Z_2ba66f02,resolved|none|rotation_shear,full,exact_null,17,0.0,1.9999999999999996,8.270261637559104e-16,8.921960919970154e-17,8.270261637559104e-16
E2_20260824T221722Z_2ba66f02,resolved|none|rotation_shear,full,exact_null,18,0.0,2.0,1.0861934242060663e-15,1.1717858160960547e-16,1.0861934242060663e-15
E2_20260824T221722Z_2ba66f02,resolved|none|rotation_shear,full,exact_null,19,0.0,2.0,1.1911480997483873e-15,1.2850109538963028e-16,1.1911480997483873e-15
E2_20260824T221722Z_2ba66f02,resolved|none|rotation_shear,full,exact_null,20,0.0,2.0,1.137366592309926e-15,1.2269914463387817e-16,1.137366592309926e-15
E2_20260824T221722Z_2ba66f02,resolved|none|rotation_shear,full,exact_null,21,0.0,2.0000000000000004,1.1749494353695555e-15,1.2675358295438517e-16,1.1749494353695555e-15
E2_20260824T221722Z_2ba66f02,resolved|none|rotation_shear,full,exact_null,22,0.0,1.9999999999999996,1.079222759041364e-15,1.1642658602698412e-16,1.079222759041364e-15
E2_20260824T221722Z_2ba66f02,resolved|none|rotation_shear,full,exact_null,23,0.0,2.0,1.0375060470728848e-15,1.1192618579536252e-16,1.0375060470728848e-15
E2_20260824T221722Z_2ba66f02,resolved|none|rotation_shear,full,exact_null,24,0.0,1.9999999999999996,1.027795489166386e-15,1.1087861049545387e-16,1.027795489166386e-15
E2_20260824T221722Z_2ba66f02,resolved|none|rotation_shear,full,exact_null,25,0.0,1.9999999999999996,8.65801575868262e-16,9.340270190805078e-17,8.65801575868262e-16
E2_20260824T221722Z_2ba66f02,resolved|none|rotation_shear,full,exact_null,26,0.0,1.999999999999999,1.0791080519494008e-15,1.1641421142220632e-16,1.0791080519494008e-15
E2_20260824T221722Z_2ba66f02,resolved|none|rotation_shear,full,exact_null,27,0.0,1.9999999999999998,8.303395521027072e-16,8.957705764133913e-17,8.303395521027072e-16
E2_20260824T221722Z_2ba66f02,resolved|none|rotation_shear,full,exact_null,28,0.0,1.9999999999999998,9.21547629983837e-16,9.941658802264406e-17,9.21547629983837e-16
E2_20260824T221722Z_2ba66f02,resolved|none|rotation_shear,full,exact_null,29,0.0,1.9999999999999996,9.630425259073043e-16,1.03893058732181e-16,9.630425259073043e-16
E2_20260824T221722Z_2ba66f02,resolved|none|rotation_shear,full,exact_null,30,0.0,2.0,8.191133420451468e-16,8.836597373852695e-17,8.191133420451468e-16
E2_20260824T221722Z_2ba66f02,resolved|none|rotation_shear,full,exact_null,31,0.0,1.9999999999999996,9.477918546350625e-16,1.0224781582382712e-16,9.477918546350625e-16
E2_20260824T221722Z_2ba66f02,resolved|none|rotation_shear,full,exact_null,32,0.0,2.0,1.2248459043399527e-15,1.3213641563499402e-16,1.2248459043399527e-15
E2_20260824T221722Z_2ba66f02,resolved|none|rotation_shear,full,exact_null,33,0.0,2.0,8.97166881013032e-16,9.678639203792156e-17,8.97166881013032e-16
E2_20260824T221722Z_2ba66f02,resolved|none|rotation_shear,full,exact_null,34,0.0,1.9999999999999998,7.324758778101697e-16,7.901952130467245e-17,7.324758778101697e-16
E2_20260824T221722Z_2ba66f02,resolved|none|rotation_shear,full,exact_null,35,0.0,1.9999999999999998,7.786325736695902e-16,8.399890714154229e-17,7.786325736695902e-16
E2_20260824T221722Z_2ba66f02,resolved|none|rotation_shear,full,exact_null,36,0.0,2.0,6.885292149211943e-16,7.427855389588e-17,6.885292149211943e-16
E2_20260824T221722Z_2ba66f02,resolved|none|rotation_shear,full,exact_null,37,0.0,2.0000000000000004,5.893589138860391e-16,6.358005862410927e-17,5.893589138860391e-16
E2_20260824T221722Z_2ba66f02,resolved|none|rotation_shear,full,exact_null,38,0.0,2.0000000000000004,7.043342671331711e-16,7.598360343787929e-17,7.043342671331711e-16
E2_20260824T221722Z_2ba66f02,resolved|none|rotation_shear,full,exact_null,39,0.0,1.9999999999999998,6.668591785763961e-16,7.194078967661299e-17,6.668591785763961e-16
E2_20260824T221722Z_2ba66f02,resolved|none|rotation_shear,full,exact_null,40,0.0,1.9999999999999996,7.722944794914301e-16,8.331515333733587e-17,7.722944794914301e-16
E2_20260824T221722Z_2ba66f02,resolved|none|rotation_shear,full,exact_null,41,0.0,1.9999999999999996,7.223102809146925e-16,7.792285638396765e-17,7.223102809146925e-16
E2_20260824T221722Z_2ba66f02,resolved|none|rotation_shear,full,exact_null,42,0.0,1.9999999999999998,4.708591198450578e-16,5.079629702391174e-17,4.708591198450578e-16
E2_20260824T221722Z_2ba66f02,resolved|none|rotation_shear,full,exact_null,43,0.0,1.9999999999999998,6.518548418904172e-16,7.032212135136413e-17,6.518548418904172e-16
E2_20260824T221722Z_2ba66f02,resolved|none|rotation_shear,full,exact_null,44,0.0,1.9999999999999991,7.299323039348704e-16,7.874512047302989e-17,7.299323039348704e-16
E2_20260824T221722Z_2ba66f02,resolved|none|rotation_shear,full,exact_null,45,0.0,1.9999999999999998,5.437647497121158e-16,5.866135872360034e-17,5.437647497121158e-16
E2_20260824T221722Z_2ba66f02,resolved|none|rotation_shear,full,exact_null,46,0.0,1.9999999999999996,6.192670086545018e-16,6.680654485162048e-17,6.192670086545018e-16
E2_20260824T221722Z_2ba66f02,resolved|none|rotation_shear,full,exact_null,47,0.0,1.9999999999999998,7.292612795714476e-16,7.867273034307781e-17,7.292612795714476e-16
E2_20260824T221722Z_2ba66f02,resolved|none|rotation_shear,full,exact_null,48,0.0,1.9999999999999996,6.332431278946541e-16,6.83142890456758e-17,6.332431278946541e-16
E2_20260824T221722Z_2ba66f02,resolved|none|rotation_shear,full,exact_null,49,0.0,2.0,8.056473397249062e-16,8.691326097423195e-17,8.056473397249062e-16
E2_20260824T221722Z_2ba66f02,resolved|none|rotation_shear,full,exact_null,50,0.0,1.9999999999999993,7.934660503350592e-16,8.559914308227201e-17,7.934660503350592e-16
E2_20260824T221722Z_2ba66f02,resolved|none|rotation_shear,full,exact_null,51,0.0,2.0,5.24176269907334e-16,5.65481528909555e-17,5.24176269907334e-16
E2_20260824T221722Z_2ba66f02,resolved|none|rotation_shear,full,exact_null,52,0.0,1.9999999999999996,4.618646643984289e-16,4.9825974880452676e-17,4.618646643984289e-16
E2_20260824T221722Z_2ba66f02,resolved|none|rotation_shear,full,exact_null,53,0.0,1.9999999999999998,5.126615067957581e-16,5.530593987537652e-17,5.126615067957581e-16
E2_20260824T221722Z_2ba66f02,resolved|none|rotation_shear,full,exact_null,54,0.0,2.0,6.28559108804576e-16,6.780897691527983e-17,6.28559108804576e-16
E2_20260824T221722Z_2ba66f02,resolved|none|rotation_shear,full,exact_null,55,0.0,1.9999999999999998,1.4602954156539183e-16,1.575367165037011e-17,1.4602954156539183e-16
E2_20260824T221722Z_2ba66f02,resolved|none|rotation_shear,full,exact_null,56,0.0,2.0,1.1903483675549532e-26,1.2841482025482853e-27,1.1903483675549532e-26
E2_20260824T221722Z_2ba66f02,resolved|none|rotation_shear,full,exact_null,57,0.0,2.0,4.801036706734047e-31,5.17935994652107e-32,4.801036706734047e-31
E2_20260824T221722Z_2ba66f02,resolved|none|rotation_shear,full,exact_null,58,0.0,1.9999999999999996,4.975101528162953e-31,5.367141131976848e-32,4.975101528162953e-31
E2_20260824T221722Z_2ba66f02,resolved|none|rotation_shear,full,exact_null,59,0.0,1.9999999999999998,3.5938167888604966e-31,3.877010710051655e-32,3.5938167888604966e-31
E2_20260824T221722Z_2ba66f02,resolved|none|rotation_shear,full,exact_null,60,0.0,1.9999999999999991,5.038233423110437e-31,5.43524784059258e-32,5.038233423110437e-31
E2_20260824T221722Z_2ba66f02,resolved|none|rotation_shear,full,exact_null,61,0.0,2.0,5.184678927174723e-31,5.593233297574147e-32,5.184678927174723e-31
E2_20260824T221722Z_2ba66f02,resolved|none|rotation_shear,full,exact_null,62,0.0,1.9999999999999998,6.771289166374432e-31,7.304868934961578e-32,6.771289166374432e-31
E2_20260824T221722Z_2ba66f02,resolved|none|rotation_shear,full,exact_null,63,0.0,1.9999999999999998,4.06816524364926e-31,4.3887379759525977e-32,4.06816524364926e-31
E2_20260824T221722Z_2ba66f02,resolved|none|rotation_shear,full,exact_null,64,0.0,1.9999999999999998,2.5366814232070845e-31,2.736572736887145e-32,2.5366814232070845e-31
E2_20260824T221722Z_2ba66f02,resolved|none|rotation_shear,full,exact_null,65,0.0,1.9999999999999998,3.681049835676169e-31,3.9711177490702007e-32,3.681049835676169e-31
E2_20260824T221722Z_2ba66f02,resolved|none|rotation_shear,full,exact_null,66,0.0,2.0,4.271178844516448e-31,4.6077491139961166e-32,4.271178844516448e-31
E2_20260824T221722Z_2ba66f02,resolved|none|rotation_shear,full,exact_null,67,0.0,2.0,4.45500042784306e-31,4.8060558973315846e-32,4.45500042784306e-31
E2_20260824T221722Z_2ba66f02,resolved|none|rotation_shear,full,exact_null,68,0.0,1.9999999999999998,2.6855485791222284e-31,2.897170672665876e-32,2.6855485791222284e-31
E2_20260824T221722Z_2ba66f02,resolved|none|rotation_shear,full,exact_null,69,0.0,1.9999999999999996,3.910528391809769e-31,4.2186792893843506e-32,3.910528391809769e-31
E2_20260824T221722Z_2ba66f02,resolved|none|rotation_shear,full,exact_null,70,0.0,1.9999999999999998,5.319159390769711e-31,5.738310865041294e-32,5.319159390769711e-31
E2_20260824T221722Z_2ba66f02,resolved|none|rotation_shear,full,exact_null,71,0.0,2.0,4.566630704000568e-31,4.926482675226935e-32,4.566630704000568e-31
E2_20260824T221722Z_2ba66f02,resolved|none|rotation_shear,full,exact_null,72,0.0,1.9999999999999998,4.501016625651438e-31,4.855698186357538e-32,4.501016625651438e-31
E2_20260824T221722Z_2ba66f02,resolved|none|rotation_shear,full,exact_null,73,0.0,2.0,3.3660256569944586e-31,3.63126956358118e-32,3.3660256569944586e-31
E2_20260824T221722Z_2ba66f02,resolved|none|rotation_shear,full,exact_null,74,0.0,2.0,3.782915243075564e-31,4.081010183402239e-32,3.782915243075564e-31
E2_20260824T221722Z_2ba66f02,resolved|none|rotation_shear,full,exact_null,75,0.0,2.0,4.85117044586728e-31,5.233444240455294e-32,4.85117044586728e-31
E2_20260824T221722Z_2ba66f02,resolved|none|rotation_shear,full,exact_null,76,0.0,1.9999999999999996,3.650868526482057e-31,3.9385581429846456e-32,3.650868526482057e-31
E2_20260824T221722Z_2ba66f02,resolved|none|rotation_shear,full,exact_null,77,0.0,2.0,1.4948388925217896e-31,1.6126326790148735e-32,1.4948388925217896e-31
E2_20260824T221722Z_2ba66f02,resolved|none|rotation_shear,full,exact_null,78,0.0,1.9999999999999998,2.1172919171180143e-31,2.2841352025558103e-32,2.1172919171180143e-31
E2_20260824T221722Z_2ba66f02,resolved|none|rotation_shear,full,exact_null,79,0.0,1.9999999999999993,2.621990716397631e-31,2.828604429874911e-32,2.621990716397631e-31
E2_20260824T221722Z_2ba66f02,resolved|none|rotation_shear,full,exact_null,80,0.0,1.9999999999999996,1.3211944765611049e-31,1.4253050271137036e-32,1.3211944765611049e-31
E2_20260824T221722Z_2ba66f02,resolved|none|rotation_shear,full,exact_null,81,0.0,2.0,1.309420089413139e-31,1.412602814463784e-32,1.309420089413139e-31
E2_20260824T221722Z_2ba66f02,resolved|none|rotation_shear,full,exact_null,82,0.0,1.9999999999999998,1.5807624256132565e-31,1.7053270142057114e-32,1.5807624256132565e-31
E2_20260824T221722Z_2ba66f02,resolved|none|rotation_shear,full,exact_null,83,0.0,2.0000000000000004,1.9096143086928689e-31,2.0600925316556334e-32,1.9096143086928689e-31
E2_20260824T221722Z_2ba66f02,resolved|none|rotation_shear,full,exact_null,84,0.0,1.9999999999999991,1.4057421912084525e-31,1.5165151289236217e-32,1.4057421912084525e-31
E2_20260824T221722Z_2ba66f02,resolved|none|rotation_shear,full,exact_null,85,0.0,1.9999999999999998,1.4172869148553441e-31,1.5289695805145657e-32,1.4172869148553441e-31
E2_20260824T221722Z_2ba66f02,resolved|none|rotation_shear,full,exact_null,86,0.0,1.9999999999999987,1.9282729481252958e-31,2.080221477888713e-32,1.9282729481252958e-31
E2_20260824T221722Z_2ba66f02,resolved|none|rotation_shear,full,exact_null,87,0.0,1.9999999999999993,2.2426397804540814e-31,2.419360517920346e-32,2.2426397804540814e-31
E2_20260824T221722Z_2ba66f02,resolved|none|rotation_shear,full,exact_null,88,0.0,1.9999999999999996,2.0092289400600126e-31,2.1675568280786906e-32,2.0092289400600126e-31
E2_20260824T221722Z_2ba66f02,resolved|none|rotation_shear,full,exact_null,89,0.0,1.9999999999999998,2.0334262867791308e-31,2.1936609335176883e-32,2.0334262867791308e-31
E2_20260824T221722Z_2ba66f02,resolved|none|rotation_shear,full,exact_null,90,0.0,1.9999999999999998,1.7479527583947793e-31,1.8856919990931548e-32,1.7479527583947793e-31
E2_20260824T221722Z_2ba66f02,resolved|none|rotation_shear,full,exact_null,91,0.0,2.0,0.0,0.0,0.0
E2_20260824T221722Z_2ba66f02,resolved|none|rotation_shear,full,exact_null,92,0.0,2.0,0.0,0.0,0.0
E2_20260824T221722Z_2ba66f02,resolved|none|rotation_shear,full,exact_null,93,0.0,2.0,0.0,0.0,0.0
E2_20260824T221722Z_2ba66f02,resolved|none|rotation_shear,full,exact_null,94,0.0,2.0,0.0,0.0,0.0
E2_20260824T221722Z_2ba66f02,resolved|none|rotation_shear,full,exact_null,95,0.0,2.0,0.0,0.0,0.0
E2_20260824T221722Z_2ba66f02,resolved|none|rotation_shear,full,exact_null,96,0.0,2.0,0.0,0.0,0.0
E2_20260824T221722Z_2ba66f02,resolved|none|rotation_shear,full,exact_null,97,0.0,2.0,0.0,0.0,0.0
E2_20260824T221722Z_2ba66f02,resolved|none|rotation_shear,full,exact_null,98,0.0,2.0,0.0,0.0,0.0
E2_20260824T221722Z_2ba66f02,resolved|none|rotation_shear,full,exact_null,99,0.0,2.0,0.0,0.0,0.0
E2_20260824T221722Z_2ba66f02,resolved|none|rotation_shear,full,exact_null,100,0.0,2.0,0.0,0.0,0.0
E2_20260824T221722Z_2ba66f02,resolved|none|rotation_shear,full,exact_null,101,0.0,2.0,0.0,0.0,0.0
E2_20260824T221722Z_2ba66f02,resolved|none|rotation_shear,full,exact_null,102,0.0,2.0,0.0,0.0,0.0
E2_20260824T221722Z_2ba66f02,resolved|none|rotation_shear,full,exact_null,103,0.0,2.0,0.0,0.0,0.0
E2_20260824T221722Z_2ba66f02,resolved|none|rotation_shear,full,exact_null,104,0.0,2.0,0.0,0.0,0.0
E2_20260824T221722Z_2ba66f02,resolved|none|rotation_shear,full,exact_null,105,0.0,2.0,0.0,0.0,0.0
E2_20260824T221722Z_2ba66f02,resolved|none|rotation_shear,full,exact_null,106,0.0,2.0,0.0,0.0,0.0
E2_20260824T221722Z_2ba66f02,resolved|none|rotation_shear,full,exact_null,107,0.0,2.0,0.0,0.0,0.0
E2_20260824T221722Z_2ba66f02,resolved|none|rotation_shear,full,exact_null,108,0.0,2.0,0.0,0.0,0.0
E2_20260824T221722Z_2ba66f02,resolved|none|rotation_shear,full,exact_null,109,0.0,2.0,0.0,0.0,0.0
E2_20260824T221722Z_2ba66f02,resolved|none|rotation_shear,full,exact_null,110,0.0,2.0,0.0,0.0,0.0
E2_20260824T221722Z_2ba66f02,resolved|none|rotation_shear,full,exact_null,111,0.0,2.0000000000000004,7.548670823066083e-16,8.14350851673805e-17,7.548670823066083e-16
E2_20260824T221722Z_2ba66f02,resolved|none|rotation_shear,full,exact_null,112,0.0,1.9999999999999993,9.219774819633871e-16,9.946296046805136e-17,9.219774819633871e-16
E2_20260824T221722Z_2ba66f02,resolved|none|rotation_shear,full,exact_null,113,0.0,1.9999999999999993,8.225829117484423e-16,8.874027102993707e-17,8.225829117484423e-16
E2_20260824T221722Z_2ba66f02,resolved|none|rotation_shear,full,exact_null,114,0.0,2.0000000000000004,5.466613493388261e-16,5.897384398468257e-17,5.466613493388261e-16
E2_20260824T221722Z_2ba66f02,resolved|none|rotation_shear,full,exact_null,115,0.0,1.9999999999999996,7.690662615860986e-16,8.296689308566847e-17,7.690662615860986e-16
E2_20260824T221722Z_2ba66f02,resolved|none|rotation_shear,full,exact_null,116,0.0,2.000000000000001,5.61329053538851e-16,6.05561963864976e-17,5.61329053538851e-16
E2_20260824T221722Z_2ba66f02,resolved|none|rotation_shear,full,exact_null,117,0.0,1.9999999999999996,5.917483164569099e-16,6.383782745046139e-17,5.917483164569099e-16
E2_20260824T221722Z_2ba66f02,resolved|none|rotation_shear,full,exact_null,118,0.0,2.0,3.1792919045325534e-16,3.429821131244013e-17,3.1792919045325534e-16
E2_20260824T221722Z_2ba66f02,resolved|none|rotation_shear,full,exact_null,119,0.0,1.9999999999999998,2.23897306825582e-16,2.4154048676191394e-17,2.23897306825582e-16
E2_20260824T221722Z_2ba66f02,resolved|none|rotation_shear,full,near_null,0,0.012240814939991955,1.999999999999998,0.024481629879983827,0.0026410790204559396,0.024481629879983827
E2_20260824T221722Z_2ba66f02,resolved|none|rotation_shear,full,near_null,1,0.012240814939991955,1.9999999999999998,0.024481629879983847,0.002641079020455942,0.024481629879983847
E2_20260824T221722Z_2ba66f02,resolved|none|rotation_shear,full,near_null,2,0.012240814939991945,1.9999999999999993,0.024481629879983847,0.002641079020455942,0.024481629879983847
E2_20260824T221722Z_2ba66f02,resolved|none|rotation_shear,full,near_null,3,0.012240814939991938,1.999999999999999,0.02448162987998384,0.002641079020455941,0.02448162987998384
E2_20260824T221722Z_2ba66f02,resolved|none|rotation_shear,full,near_null,4,0.012240814939991936,1.9999999999999996,0.024481629879983844,0.0026410790204559414,0.024481629879983844
E2_20260824T221722Z_2ba66f02,resolved|none|rotation_shear,full,near_null,5,0.012240814939991936,1.9999999999999996,0.024481629879983844,0.0026410790204559414,0.024481629879983844
E2_20260824T221722Z_2ba66f02,resolved|none|rotation_shear,full,near_null,6,0.012240814939991934,2.000000000000001,0.02448162987998387,0.002641079020455944,0.02448162987998387
E2_20260824T221722Z_2ba66f02,resolved|none|rotation_shear,full,near_null,7,0.012240814939991934,1.9999999999999984,0.02448162987998383,0.00264107902045594,0.02448162987998383
E2_20260824T221722Z_2ba66f02,resolved|none|rotation_shear,full,near_null,8,0.012240814939991932,2.0,0.024481629879983854,0.0026410790204559427,0.024481629879983854
E2_20260824T221722Z_2ba66f02,resolved|none|rotation_shear,full,near_null,9,0.012240814939991932,2.0,0.024481629879983854,0.0026410790204559427,0.024481629879983854
E2_20260824T221722Z_2ba66f02,resolved|none|rotation_shear,full,near_null,10,0.012240814939991927,1.9999999999999993,0.024481629879983844,0.0026410790204559414,0.024481629879983844
E2_20260824T221722Z_2ba66f02,resolved|none|rotation_shear,full,near_null,11,0.012240814939991919,1.9999999999999998,0.024481629879983847,0.002641079020455942,0.024481629879983847
E2_20260824T221722Z_2ba66f02,resolved|none|rotation_shear,full,near_null,12,0.012240814939991915,2.0000000000000013,0.024481629879983865,0.0026410790204559435,0.024481629879983865
E2_20260824T221722Z_2ba66f02,resolved|none|rotation_shear,full,near_null,13,0.012240814939991913,2.0000000000000004,0.024481629879983854,0.0026410790204559427,0.024481629879983854
E2_20260824T221722Z_2ba66f02,resolved|none|rotation_shear,full,near_null,14,0.012240814939991913,2.000000000000001,0.024481629879983865,0.0026410790204559435,0.024481629879983865
E2_20260824T221722Z_2ba66f02,resolved|none|rotation_shear,full,near_null,15,0.012240814939991912,1.9999999999999993,0.024481629879983844,0.0026410790204559414,0.024481629879983844
E2_20260824T221722Z_2ba66f02,resolved|none|rotation_shear,full,near_null,16,0.012240814939991906,1.9999999999999996,0.024481629879983844,0.0026410790204559414,0.024481629879983844
E2_20260824T221722Z_2ba66f02,resolved|none|rotation_shear,full,near_null,17,0.01224081493999189,1.9999999999999993,0.02448162987998384,0.002641079020455941,0.02448162987998384
E2_20260824T221722Z_2ba66f02,resolved|none|rotation_shear,full,near_null,18,0.012240814939991842,1.9999999999999996,0.024481629879983844,0.0026410790204559414,0.024481629879983844
E2_20260824T221722Z_2ba66f02,resolved|none|rotation_shear,full,near_null,19,0.012240814939991806,1.9999999999999996,0.024481629879983844,0.0026410790204559414,0.024481629879983844
E2_20260824T221722Z_2ba66f02,resolved|constant|rotation_shear,restricted,near_null,0,1.0993531265974372,1.9999999999999998,2.1987062531948736,0.724433409049394,2.1987062531948736
E2_20260824T221722Z_2ba66f02,resolved|constant|rotation_shear,restricted,near_null,1,0.9812148088499858,1.9999999999999987,1.9624296176999718,0.6465845885070521,1.9624296176999718
E2_20260824T221722Z_2ba66f02,resolved|constant|rotation_shear,restricted,near_null,2,0.8909291476984292,1.9999999999999998,1.7818582953968587,0.5870896476060007,1.7818582953968587
E2_20260824T221722Z_2ba66f02,resolved|constant|rotation_shear,restricted,near_null,3,0.7575067366311793,1.9999999999999993,1.5150134732623588,0.49916916986815824,1.5150134732623588
E2_20260824T221722Z_2ba66f02,resolved|constant|rotation_shear,restricted,near_null,4,0.4434812338645785,1.999999999999998,0.8869624677291574,0.29223787546073227,0.8869624677291574
E2_20260824T221722Z_2ba66f02,resolved|constant|rotation_shear,restricted,near_null,5,0.4111379951935619,2.0000000000000013,0.8222759903871242,0.27092486685296885,0.8222759903871242
E2_20260824T221722Z_2ba66f02,resolved|constant|rotation_shear,restricted,near_null,6,0.3801498430379721,2.000000000000001,0.7602996860759442,0.25050481058251833,0.7602996860759442
E2_20260824T221722Z_2ba66f02,resolved|constant|rotation_shear,restricted,near_null,7,0.36758869003635775,1.9999999999999996,0.7351773800727154,0.24222747123595664,0.7351773800727154
E2_20260824T221722Z_2ba66f02,resolved|constant|rotation_shear,restricted,near_null,8,0.30815903981583415,2.0,0.6163180796316682,0.20306551038256096,0.6163180796316682
E2_20260824T221722Z_2ba66f02,resolved|constant|rotation_shear,restricted,near_null,9,0.22996169249898946,2.0,0.45992338499797936,0.15153632515097626,0.45992338499797936
E2_20260824T221722Z_2ba66f02,resolved|constant|rotation_shear,restricted,near_null,10,0.19914010076050495,2.0,0.3982802015210102,0.13122602608943076,0.3982802015210102
E2_20260824T221722Z_2ba66f02,resolved|constant|rotation_shear,restricted,near_null,11,0.1848884652920655,1.9999999999999993,0.36977693058413136,0.12183472076892349,0.36977693058413136
E2_20260824T221722Z_2ba66f02,resolved|constant|rotation_shear,restricted,near_null,12,0.1546369329689746,1.9999999999999996,0.3092738659379491,0.10190006996421459,0.3092738659379491
E2_20260824T221722Z_2ba66f02,resolved|constant|rotation_shear,restricted,near_null,13,0.1255351174964827,1.9999999999999993,0.25107023499296505,0.08272304041637962,0.25107023499296505
E2_20260824T221722Z_2ba66f02,resolved|constant|rotation_shear,restricted,near_null,14,0.12063587041034826,2.000000000000001,0.24127174082069652,0.07949461618897194,0.24127174082069652
E2_20260824T221722Z_2ba66f02,resolved|constant|rotation_shear,restricted,near_null,15,0.11406200292511638,2.0000000000000004,0.22812400585023268,0.07516267850876066,0.22812400585023268
E2_20260824T221722Z_2ba66f02,resolved|constant|rotation_shear,restricted,near_null,16,0.07700072816933358,2.0000000000000013,0.15400145633866721,0.05074065708044543,0.15400145633866721
E2_20260824T221722Z_2ba66f02,resolved|constant|rotation_shear,restricted,near_null,17,0.07039234584797593,2.000000000000001,0.14078469169595187,0.046385975388512676,0.14078469169595187
E2_20260824T221722Z_2ba66f02,resolved|constant|rotation_shear,restricted,near_null,18,0.04591783239988136,1.9999999999999996,0.09183566479976271,0.03025816824168236,0.09183566479976271
E2_20260824T221722Z_2ba66f02,resolved|constant|rotation_shear,restricted,near_null,19,0.009879810742804003,1.9999999999999996,0.019759621485607996,0.006510433093799885,0.019759621485607996
E2_20260824T221722Z_2ba66f02,resolved|constant|rotation_shear,full,exact_null,0,0.0,1.9999999999999998,1.2854481893285225e-15,1.679806416379371e-16,1.2854481893285225e-15
E2_20260824T221722Z_2ba66f02,resolved|constant|rotation_shear,full,exact_null,1,0.0,2.0,1.4548344038412761e-15,1.9011580448206298e-16,1.4548344038412761e-15
E2_20260824T221722Z_2ba66f02,resolved|constant|rotation_shear,full,exact_null,2,0.0,1.9999999999999993,1.6422305748588789e-15,2.1460448423544383e-16,1.6422305748588789e-15
E2_20260824T221722Z_2ba66f02,resolved|constant|rotation_shear,full,exact_null,3,0.0,1.9999999999999998,1.3954288306313269e-15,1.8235276402075162e-16,1.3954288306313269e-15
E2_20260824T221722Z_2ba66f02,resolved|constant|rotation_shear,full,exact_null,4,0.0,2.0,1.4610582682648624e-15,1.909291307195737e-16,1.4610582682648624e-15
E2_20260824T221722Z_2ba66f02,resolved|constant|rotation_shear,full,exact_null,5,0.0,1.9999999999999993,1.2201508013042347e-15,1.594476667357507e-16,1.2201508013042347e-15
E2_20260824T221722Z_2ba66f02,resolved|constant|rotation_shear,full,exact_null,6,0.0,2.0,1.2904806229990948e-15,1.6863827330602063e-16,1.2904806229990948e-15
E2_20260824T221722Z_2ba66f02,resolved|constant|rotation_shear,full,exact_null,7,0.0,2.0000000000000004,1.1620899070696446e-15,1.5186034711558493e-16,1.1620899070696446e-15
E2_20260824T221722Z_2ba66f02,resolved|constant|rotation_shear,full,exact_null,8,0.0,1.9999999999999993,9.78161263584844e-16,1.2782479919956078e-16,9.78161263584844e-16
E2_20260824T221722Z_2ba66f02,resolved|constant|rotation_shear,full,exact_null,9,0.0,1.9999999999999991,1.1863687345228295e-15,1.5503307165451263e-16,1.1863687345228295e-15
E2_20260824T221722Z_2ba66f02,resolved|constant|rotation_shear,full,exact_null,10,0.0,1.9999999999999998,1.273220498361249e-15,1.663827434173126e-16,1.273220498361249e-15
E2_20260824T221722Z_2ba66f02,resolved|constant|rotation_shear,full,exact_null,11,0.0,2.0,8.46866145994616e-16,1.1066732970383904e-16,8.46866145994616e-16
E2_20260824T221722Z_2ba66f02,resolved|constant|rotation_shear,full,exact_null,12,0.0,2.0000000000000004,9.946235459718878e-16,1.299760681352968e-16,9.946235459718878e-16
E2_20260824T221722Z_2ba66f02,resolved|constant|rotation_shear,full,exact_null,13,0.0,2.0,1.0146210594986045e-15,1.325893163247364e-16,1.0146210594986045e-15
E2_20260824T221722Z_2ba66f02,resolved|constant|rotation_shear,full,exact_null,14,0.0,1.9999999999999993,8.440748543368293e-16,1.103025674617151e-16,8.440748543368293e-16
E2_20260824T221722Z_2ba66f02,resolved|constant|rotation_shear,full,exact_null,15,0.0,1.9999999999999993,8.423250187602286e-16,1.1007390130048162e-16,8.423250187602286e-16
E2_20260824T221722Z_2ba66f02,resolved|constant|rotation_shear,full,exact_null,16,0.0,2.0,1.1240020549792987e-15,1.4688307779748876e-16,1.1240020549792987e-15
E2_20260824T221722Z_2ba66f02,resolved|constant|rotation_shear,full,exact_null,17,0.0,1.9999999999999993,9.469978054812107e-16,1.2375240038071783e-16,9.469978054812107e-16
E2_20260824T221722Z_2ba66f02,resolved|constant|rotation_shear,full,exact_null,18,0.0,1.9999999999999993,8.072018813819616e-16,1.0548405691615004e-16,8.072018813819616e-16
E2_20260824T221722Z_2ba66f02,resolved|constant|rotation_shear,full,exact_null,19,0.0,2.0,8.77304461661126e-16,1.146449678836472e-16,8.77304461661126e-16
E2_20260824T221722Z_2ba66f02,resolved|constant|rotation_shear,full,exact_null,20,0.0,2.0,8.000974221968739e-16,1.0455565573879496e-16,8.000974221968739e-16
E2_20260824T221722Z_2ba66f02,resolved|constant|rotation_shear,full,exact_null,21,0.0,2.0000000000000004,6.482150713998536e-16,8.470787427847095e-17,6.482150713998536e-16
E2_20260824T221722Z_2ba66f02,resolved|constant|rotation_shear,full,exact_null,22,0.0,1.9999999999999996,9.648266745203646e-16,1.2608225302335158e-16,9.648266745203646e-16
E2_20260824T221722Z_2ba66f02,resolved|constant|rotation_shear,full,exact_null,23,0.0,2.0,6.598824469897419e-16,8.62325512386867e-17,6.598824469897419e-16
E2_20260824T221722Z_2ba66f02,resolved|constant|rotation_shear,full,exact_null,24,0.0,1.9999999999999991,7.411556539065668e-16,9.685322468099214e-17,7.411556539065668e-16
E2_20260824T221722Z_2ba66f02,resolved|constant|rotation_shear,full,exact_null,25,0.0,1.9999999999999993,9.476721208521702e-16,1.2384051900706192e-16,9.476721208521702e-16
E2_20260824T221722Z_2ba66f02,resolved|constant|rotation_shear,full,exact_null,26,0.0,1.9999999999999993,5.96542933735341e-16,7.795542877989138e-17,5.96542933735341e-16
E2_20260824T221722Z_2ba66f02,resolved|constant|rotation_shear,full,exact_null,27,0.0,1.9999999999999996,4.787232779279754e-16,6.25589145178731e-17,4.787232779279754e-16
E2_20260824T221722Z_2ba66f02,resolved|constant|rotation_shear,full,exact_null,28,0.0,1.9999999999999993,6.167011749796059e-16,8.058968065142949e-17,6.167011749796059e-16
E2_20260824T221722Z_2ba66f02,resolved|constant|rotation_shear,full,exact_null,29,0.0,2.0000000000000004,6.849325559026781e-16,8.95060658021117e-17,6.849325559026781e-16
E2_20260824T221722Z_2ba66f02,resolved|constant|rotation_shear,full,exact_null,30,0.0,1.9999999999999996,4.825724175577184e-16,6.306191491114137e-17,4.825724175577184e-16
E2_20260824T221722Z_2ba66f02,resolved|constant|rotation_shear,full,exact_null,31,0.0,1.9999999999999996,5.212315716473306e-16,6.811384120662683e-17,5.212315716473306e-16
E2_20260824T221722Z_2ba66f02,resolved|constant|rotation_shear,full,exact_null,32,0.0,1.9999999999999998,6.339022689550996e-16,8.283749649252321e-17,6.339022689550996e-16
E2_20260824T221722Z_2ba66f02,resolved|constant|rotation_shear,full,exact_null,33,0.0,2.0,3.937603823717481e-16,5.14560775234024e-17,3.937603823717481e-16
E2_20260824T221722Z_2ba66f02,resolved|constant|rotation_shear,full,exact_null,34,0.0,2.0,3.643964640734007e-16,4.76188401475911e-17,3.643964640734007e-16
E2_20260824T221722Z_2ba66f02,resolved|constant|rotation_shear,full,exact_null,35,0.0,1.9999999999999998,6.076976074048738e-16,7.941310654226678e-17,6.076976074048738e-16
E2_20260824T221722Z_2ba66f02,resolved|constant|rotation_shear,full,exact_null,36,0.0,1.9999999999999993,3.8505607245257714e-16,5.031861000244258e-17,3.8505607245257714e-16
E2_20260824T221722Z_2ba66f02,resolved|constant|rotation_shear,full,exact_null,37,0.0,1.9999999999999993,4.035415878642085e-16,5.273427231044729e-17,4.035415878642085e-16
E2_20260824T221722Z_2ba66f02,resolved|constant|rotation_shear,full,exact_null,38,0.0,1.9999999999999996,2.463667125463626e-16,3.21948708593112e-17,2.463667125463626e-16
E2_20260824T221722Z_2ba66f02,resolved|constant|rotation_shear,full,exact_null,39,0.0,1.9999999999999996,3.764150334634411e-16,4.9189410641578626e-17,3.764150334634411e-16
E2_20260824T221722Z_2ba66f02,resolved|constant|rotation_shear,full,exact_null,40,0.0,1.9999999999999993,2.0343756773833833e-16,2.6584947915947165e-17,2.0343756773833833e-16
E2_20260824T221722Z_2ba66f02,resolved|constant|rotation_shear,full,exact_null,41,0.0,2.0,3.2810589989244155e-16,4.287643799779721e-17,3.2810589989244155e-16
E2_20260824T221722Z_2ba66f02,resolved|constant|rotation_shear,full,exact_null,42,0.0,1.9999999999999991,2.70444597368747e-16,3.5341336485328577e-17,2.70444597368747e-16
E2_20260824T221722Z_2ba66f02,resolved|constant|rotation_shear,full,exact_null,43,0.0,1.9999999999999996,1.1378586088083759e-15,1.486938336275739e-16,1.1378586088083759e-15
E2_20260824T221722Z_2ba66f02,resolved|constant|rotation_shear,full,exact_null,44,0.0,2.0,6.902991653239798e-16,9.020736710814207e-17,6.902991653239798e-16
E2_20260824T221722Z_2ba66f02,resolved|constant|rotation_shear,full,exact_null,45,0.0,1.9999999999999998,5.817054290381767e-16,7.601648360883977e-17,5.817054290381767e-16
E2_20260824T221722Z_2ba66f02,resolved|constant|rotation_shear,full,exact_null,46,0.0,2.0000000000000004,6.936321770951812e-16,9.064292060657259e-17,6.936321770951812e-16
E2_20260824T221722Z_2ba66f02,resolved|constant|rotation_shear,full,exact_null,47,0.0,2.0,2.353352624004697e-15,3.0753295781382943e-16,2.353352624004697e-15
E2_20260824T221722Z_2ba66f02,resolved|constant|rotation_shear,full,near_null,0,0.009629228808027237,1.9999999999999998,0.01925845761605438,0.0025166693563835646,0.01925845761605438
E2_20260824T221722Z_2ba66f02,resolved|constant|rotation_shear,full,near_null,1,0.009629228808027194,1.9999999999999998,0.01925845761605439,0.002516669356383566,0.01925845761605439
E2_20260824T221722Z_2ba66f02,resolved|constant|rotation_shear,full,near_null,2,0.009629228808027149,1.9999999999999991,0.01925845761605438,0.0025166693563835646,0.01925845761605438
E2_20260824T221722Z_2ba66f02,resolved|constant|rotation_shear,full,near_null,3,0.009629228808027138,2.000000000000002,0.019258457616054422,0.00251666935638357,0.019258457616054422
E2_20260824T221722Z_2ba66f02,resolved|constant|rotation_shear,full,near_null,4,0.005616651038395452,1.9999999999999998,0.011233302076790769,0.0014679528169531141,0.011233302076790769
E2_20260824T221722Z_2ba66f02,resolved|constant|rotation_shear,full,near_null,5,0.0056166510383953965,2.0,0.01123330207679079,0.0014679528169531167,0.01123330207679079
E2_20260824T221722Z_2ba66f02,resolved|constant|rotation_shear,full,near_null,6,0.00561665103839535,1.9999999999999987,0.011233302076790776,0.001467952816953115,0.011233302076790776
E2_20260824T221722Z_2ba66f02,resolved|constant|rotation_shear,full,near_null,7,0.005616651038395343,2.000000000000001,0.011233302076790797,0.0014679528169531178,0.011233302076790797
E2_20260824T221722Z_2ba66f02,resolved|constant|rotation_shear,full,near_null,8,0.0025026100318849918,1.9999999999999998,0.005005220063769963,0.0006540754305238484,0.005005220063769963
E2_20260824T221722Z_2ba66f02,resolved|constant|rotation_shear,full,near_null,9,0.002502610031884971,1.9999999999999998,0.0050052200637699645,0.0006540754305238486,0.0050052200637699645
E2_20260824T221722Z_2ba66f02,resolved|constant|rotation_shear,full,near_null,10,0.002502610031884968,2.0000000000000004,0.005005220063769966,0.0006540754305238488,0.005005220063769966
E2_20260824T221722Z_2ba66f02,resolved|constant|rotation_shear,full,near_null,11,0.0025026100318849415,2.000000000000002,0.005005220063769966,0.0006540754305238488,0.005005220063769966
E2_20260824T221722Z_2ba66f02,resolved|constant|rotation_shear,full,near_null,12,0.0007342266511962622,2.0000000000000004,0.0014684533023922308,0.00019189550383983046,0.0014684533023922308
E2_20260824T221722Z_2ba66f02,resolved|constant|rotation_shear,full,near_null,13,0.0007342266511961241,2.000000000000002,0.0014684533023922265,0.0001918955038398299,0.0014684533023922265
E2_20260824T221722Z_2ba66f02,resolved|constant|rotation_shear,full,near_null,14,0.0007342266511960974,1.9999999999999978,0.0014684533023922234,0.00019189550383982948,0.0014684533023922234
E2_20260824T221722Z_2ba66f02,resolved|constant|rotation_shear,full,near_null,15,0.0007342266511960807,2.0,0.0014684533023922382,0.0001918955038398314,0.0014684533023922382
E2_20260824T221722Z_2ba66f02,resolved|constant|rotation_shear,full,near_null,16,0.0002650723942058703,1.9999999999999991,0.000530144788411727,6.927860839333348e-05,0.000530144788411727
E2_20260824T221722Z_2ba66f02,resolved|constant|rotation_shear,full,near_null,17,0.00026507239420586726,2.0,0.0005301447884117288,6.92786083933337e-05,0.0005301447884117288
E2_20260824T221722Z_2ba66f02,resolved|constant|rotation_shear,full,near_null,18,0.0002650723942058629,2.0,0.0005301447884117296,6.927860839333382e-05,0.0005301447884117296
E2_20260824T221722Z_2ba66f02,resolved|constant|rotation_shear,full,near_null,19,0.00026507239420585875,2.0000000000000004,0.0005301447884117286,6.927860839333367e-05,0.0005301447884117286
E2_20260824T221722Z_2ba66f02,partial|constant|rotation_shear,restricted,near_null,0,1.105952203448479,2.0000000000000004,2.211904406896956,1.0183638410590716,2.211904406896956
E2_20260824T221722Z_2ba66f02,partial|constant|rotation_shear,restricted,near_null,1,0.9871562142872483,2.0000000000000013,1.974312428574495,0.9089761663951741,1.974312428574495
E2_20260824T221722Z_2ba66f02,partial|constant|rotation_shear,restricted,near_null,2,0.8981050051527754,2.0000000000000004,1.7962100103055496,0.8269775672673222,1.7962100103055496
E2_20260824T221722Z_2ba66f02,partial|constant|rotation_shear,restricted,near_null,3,0.7652426319298729,2.000000000000001,1.5304852638597466,0.7046375273400893,1.5304852638597466
E2_20260824T221722Z_2ba66f02,partial|constant|rotation_shear,restricted,near_null,4,0.4495665587583369,2.0000000000000004,0.8991331175166741,0.4139621279846539,0.8991331175166741
E2_20260824T221722Z_2ba66f02,partial|constant|rotation_shear,restricted,near_null,5,0.4127023220677336,1.999999999999999,0.8254046441354675,0.3800174371047985,0.8254046441354675
E2_20260824T221722Z_2ba66f02,partial|constant|rotation_shear,restricted,near_null,6,0.3847999540017434,2.0000000000000004,0.7695999080034864,0.35432485958677756,0.7695999080034864
E2_20260824T221722Z_2ba66f02,partial|constant|rotation_shear,restricted,near_null,7,0.37090973976953395,2.0,0.7418194795390681,0.3415347119885908,0.7418194795390681
E2_20260824T221722Z_2ba66f02,partial|constant|rotation_shear,restricted,near_null,8,0.3104801277779585,1.9999999999999993,0.6209602555559166,0.28589095849764956,0.6209602555559166
E2_20260824T221722Z_2ba66f02,partial|constant|rotation_shear,restricted,near_null,9,0.23253751239251957,1.9999999999999991,0.46507502478503854,0.21412118315056938,0.46507502478503854
E2_20260824T221722Z_2ba66f02,partial|constant|rotation_shear,restricted,near_null,10,0.20050677359170685,1.9999999999999996,0.40101354718341364,0.18462719046675738,0.40101354718341364
E2_20260824T221722Z_2ba66f02,partial|constant|rotation_shear,restricted,near_null,11,0.18467537393836672,2.0,0.36935074787673317,0.17004959397565558,0.36935074787673317
E2_20260824T221722Z_2ba66f02,partial|constant|rotation_shear,restricted,near_null,12,0.15790868174243056,1.9999999999999993,0.3158173634848613,0.14540274993293376,0.3158173634848613
E2_20260824T221722Z_2ba66f02,partial|constant|rotation_shear,restricted,near_null,13,0.12582969863155355,1.9999999999999998,0.2516593972631072,0.11586433375527325,0.2516593972631072
E2_20260824T221722Z_2ba66f02,partial|constant|rotation_shear,restricted,near_null,14,0.12166937176941553,1.9999999999999996,0.24333874353883103,0.11203349329925931,0.24333874353883103
E2_20260824T221722Z_2ba66f02,partial|constant|rotation_shear,restricted,near_null,15,0.11502964203583957,1.9999999999999993,0.23005928407167908,0.10591961183675581,0.23005928407167908
E2_20260824T221722Z_2ba66f02,partial|constant|rotation_shear,restricted,near_null,16,0.07636430167636633,1.9999999999999993,0.15272860335273275,0.0703164597280546,0.15272860335273275
E2_20260824T221722Z_2ba66f02,partial|constant|rotation_shear,restricted,near_null,17,0.06999658809566818,2.0,0.13999317619133633,0.06445305148981066,0.13999317619133633
E2_20260824T221722Z_2ba66f02,partial|constant|rotation_shear,restricted,near_null,18,0.045649312016176405,2.0,0.09129862403235281,0.04203401248403327,0.09129862403235281
E2_20260824T221722Z_2ba66f02,partial|constant|rotation_shear,restricted,near_null,19,0.00975781049671984,2.0,0.019515620993439644,0.00898501883425114,0.019515620993439644
E2_20260824T221722Z_2ba66f02,partial|constant|rotation_shear,full,exact_null,0,0.0,1.9999999999999991,1.222956623698213e-15,1.3984682216355824e-16,1.222956623698213e-15
E2_20260824T221722Z_2ba66f02,partial|constant|rotation_shear,full,exact_null,1,0.0,1.9999999999999996,2.31635936281266e-15,2.6487897411976584e-16,2.31635936281266e-15
E2_20260824T221722Z_2ba66f02,partial|constant|rotation_shear,full,exact_null,2,0.0,2.0,1.819180014432399e-15,2.0802581140817839e-16,1.819180014432399e-15
E2_20260824T221722Z_2ba66f02,partial|constant|rotation_shear,full,exact_null,3,0.0,2.0,1.5122299115746132e-15,1.7292563237024101e-16,1.5122299115746132e-15
E2_20260824T221722Z_2ba66f02,partial|constant|rotation_shear,full,exact_null,4,0.0,2.000000000000001,1.6854997401332381e-15,1.927392826920923e-16,1.6854997401332381e-15
E2_20260824T221722Z_2ba66f02,partial|constant|rotation_shear,full,exact_null,5,0.0,2.0,1.3031365181699535e-15,1.4901550666634513e-16,1.3031365181699535e-15
E2_20260824T221722Z_2ba66f02,partial|constant|rotation_shear,full,exact_null,6,0.0,1.999999999999999,1.9384739006732894e-15,2.2166723627235766e-16,1.9384739006732894e-15
E2_20260824T221722Z_2ba66f02,partial|constant|rotation_shear,full,exact_null,7,0.0,2.0,1.125754435136695e-15,1.2873161422056118e-16,1.125754435136695e-15
E2_20260824T221722Z_2ba66f02,partial|constant|rotation_shear,full,exact_null,8,0.0,2.0,1.299076713820466e-15,1.4855126228851533e-16,1.299076713820466e-15
E2_20260824T221722Z_2ba66f02,partial|constant|rotation_shear,full,exact_null,9,0.0,1.9999999999999993,1.2813811564798801e-15,1.4652775024193873e-16,1.2813811564798801e-15
E2_20260824T221722Z_2ba66f02,partial|constant|rotation_shear,full,exact_null,10,0.0,1.9999999999999998,1.0849332505449308e-15,1.2406365394176804e-16,1.0849332505449308e-15
E2_20260824T221722Z_2ba66f02,partial|constant|rotation_shear,full,exact_null,11,0.0,2.000000000000001,9.457021577700606e-16,1.0814238127058785e-16,9.457021577700606e-16
E2_20260824T221722Z_2ba66f02,partial|constant|rotation_shear,full,exact_null,12,0.0,1.9999999999999996,7.722280296832564e-16,8.830536900831141e-17,7.722280296832564e-16
E2_20260824T221722Z_2ba66f02,partial|constant|rotation_shear,full,exact_null,13,0.0,1.9999999999999996,9.157472991479547e-16,1.0471700075791489e-16,9.157472991479547e-16
E2_20260824T221722Z_2ba66f02,partial|constant|rotation_shear,full,exact_null,14,0.0,1.9999999999999998,9.107662298333404e-16,1.0414740842640705e-16,9.107662298333404e-16
E2_20260824T221722Z_2ba66f02,partial|constant|rotation_shear,full,exact_null,15,0.0,1.9999999999999998,8.303505823525492e-16,9.495176523310544e-17,8.303505823525492e-16
E2_20260824T221722Z_2ba66f02,partial|constant|rotation_shear,full,exact_null,16,0.0,2.0000000000000004,7.748820264577839e-16,8.860885729870363e-17,7.748820264577839e-16
E2_20260824T221722Z_2ba66f02,partial|constant|rotation_shear,full,exact_null,17,0.0,2.0000000000000004,8.728088805025991e-16,9.980693176616032e-17,8.728088805025991e-16
E2_20260824T221722Z_2ba66f02,partial|constant|rotation_shear,full,exact_null,18,0.0,1.9999999999999998,9.273802896271004e-16,1.060472496966286e-16,9.273802896271004e-16
E2_20260824T221722Z_2ba66f02,partial|constant|rotation_shear,full,exact_null,19,0.0,2.0,8.401646178588982e-16,9.607401409424076e-17,8.401646178588982e-16
E2_20260824T221722Z_2ba66f02,partial|constant|rotation_shear,full,exact_null,20,0.0,2.0,8.13012459372235e-16,9.296912631190993e-17,8.13012459372235e-16
E2_20260824T221722Z_2ba66f02,partial|constant|rotation_shear,full,exact_null,21,0.0,1.9999999999999998,8.006653920144752e-16,9.155722167068024e-17,8.006653920144752e-16
E2_20260824T221722Z_2ba66f02,partial|constant|rotation_shear,full,exact_null,22,0.0,2.0,1.0588255882449213e-15,1.2107820577784638e-16,1.0588255882449213e-15
E2_20260824T221722Z_2ba66f02,partial|constant|rotation_shear,full,exact_null,23,0.0,2.0,6.212173109917743e-16,7.103707942844307e-17,6.212173109917743e-16
E2_20260824T221722Z_2ba66f02,partial|constant|rotation_shear,full,exact_null,24,0.0,2.0,8.014367643823231e-16,9.164542919354569e-17,8.014367643823231e-16
E2_20260824T221722Z_2ba66f02,partial|constant|rotation_shear,full,exact_null,25,0.0,1.9999999999999998,6.323701301928411e-16,7.231242010137505e-17,6.323701301928411e-16
E2_20260824T221722Z_2ba66f02,partial|constant|rotation_shear,full,exact_null,26,0.0,2.000000000000001,7.755320926352656e-16,8.868319328687785e-17,7.755320926352656e-16
E2_20260824T221722Z_2ba66f02,partial|constant|rotation_shear,full,exact_null,27,0.0,2.0,5.766979925885282e-16,6.594623231012538e-17,5.766979925885282e-16
E2_20260824T221722Z_2ba66f02,partial|constant|rotation_shear,full,exact_null,28,0.0,1.9999999999999996,5.55884214379835e-16,6.356614729051054e-17,5.55884214379835e-16
E2_20260824T221722Z_2ba66f02,partial|constant|rotation_shear,full,exact_null,29,0.0,1.9999999999999998,5.892778798546448e-16,6.738476023765091e-17,5.892778798546448e-16
E2_20260824T221722Z_2ba66f02,partial|constant|rotation_shear,full,exact_null,30,0.0,1.9999999999999996,5.043883264785461e-16,5.767751956820533e-17,5.043883264785461e-16
E2_20260824T221722Z_2ba66f02,partial|constant|rotation_shear,full,exact_null,31,0.0,2.0,5.054461673594483e-16,5.779848517130376e-17,5.054461673594483e-16
E2_20260824T221722Z_2ba66f02,partial|constant|rotation_shear,full,exact_null,32,0.0,2.0000000000000004,4.1733378003184516e-16,4.7722708874555376e-17,4.1733378003184516e-16
E2_20260824T221722Z_2ba66f02,partial|constant|rotation_shear,full,exact_null,33,0.0,2.0000000000000004,6.169147982318923e-16,7.054508100010295e-17,6.169147982318923e-16
E2_20260824T221722Z_2ba66f02,partial|constant|rotation_shear,full,exact_null,34,0.0,1.9999999999999998,5.156511723364603e-16,5.896544194519387e-17,5.156511723364603e-16
E2_20260824T221722Z_2ba66f02,partial|constant|rotation_shear,full,exact_null,35,0.0,2.0000000000000004,5.775253790937765e-16,6.604084512894318e-17,5.775253790937765e-16
E2_20260824T221722Z_2ba66f02,partial|constant|rotation_shear,full,exact_null,36,0.0,2.0,6.18734726722004e-16,7.075319240076524e-17,6.18734726722004e-16
E2_20260824T221722Z_2ba66f02,partial|constant|rotation_shear,full,exact_null,37,0.0,2.0000000000000004,4.547862660493336e-16,5.200545369982347e-17,4.547862660493336e-16
E2_20260824T221722Z_2ba66f02,partial|constant|rotation_shear,full,exact_null,38,0.0,1.9999999999999993,4.388520250346146e-16,5.01833506699072e-17,4.388520250346146e-16
E2_20260824T221722Z_2ba66f02,partial|constant|rotation_shear,full,exact_null,39,0.0,1.9999999999999996,4.418443186272694e-16,5.0525523680629134e-17,4.418443186272694e-16
E2_20260824T221722Z_2ba66f02,partial|constant|rotation_shear,full,exact_null,40,0.0,2.0,2.3655559559018096e-16,2.705046742234917e-17,2.3655559559018096e-16
E2_20260824T221722Z_2ba66f02,partial|constant|rotation_shear,full,exact_null,41,0.0,1.9999999999999998,3.791985755448127e-16,4.3361894225265746e-17,3.791985755448127e-16
E2_20260824T221722Z_2ba66f02,partial|constant|rotation_shear,full,exact_null,42,0.0,2.0,9.82560323972256e-16,1.123571647831593e-16,9.82560323972256e-16
E2_20260824T221722Z_2ba66f02,partial|constant|rotation_shear,full,exact_null,43,0.0,2.0000000000000004,8.657536576279532e-16,9.900015703715051e-17,8.657536576279532e-16
E2_20260824T221722Z_2ba66f02,partial|constant|rotation_shear,full,exact_null,44,0.0,2.0,8.892612363566638e-16,1.0168828196183392e-16,8.892612363566638e-16
E2_20260824T221722Z_2ba66f02,partial|constant|rotation_shear,full,exact_null,45,0.0,2.0,8.869353158526733e-16,1.0142230965767769e-16,8.869353158526733e-16
E2_20260824T221722Z_2ba66f02,partial|constant|rotation_shear,full,exact_null,46,0.0,2.0000000000000004,4.806125190289198e-16,5.4958722309355534e-17,4.806125190289198e-16
E2_20260824T221722Z_2ba66f02,partial|constant|rotation_shear,full,exact_null,47,0.0,1.9999999999999998,1.4553763647099262e-15,1.664243487566732e-16,1.4553763647099262e-15
E2_20260824T221722Z_2ba66f02,partial|constant|rotation_shear,full,near_null,0,0.009603893643293955,2.0000000000000004,0.01920778728658787,0.002196437682883645,0.01920778728658787
E2_20260824T221722Z_2ba66f02,partial|constant|rotation_shear,full,near_null,1,0.009603893643293952,1.9999999999999998,0.019207787286587855,0.0021964376828836436,0.019207787286587855
E2_20260824T221722Z_2ba66f02,partial|constant|rotation_shear,full,near_null,2,0.009603893643293934,2.0000000000000013,0.019207787286587882,0.0021964376828836466,0.019207787286587882
E2_20260824T221722Z_2ba66f02,partial|constant|rotation_shear,full,near_null,3,0.0096038936432939,1.999999999999999,0.01920778728658785,0.002196437682883643,0.01920778728658785
E2_20260824T221722Z_2ba66f02,partial|constant|rotation_shear,full,near_null,4,0.005606852127036577,2.0,0.011213704254073103,0.001282302964983229,0.011213704254073103
E2_20260824T221722Z_2ba66f02,partial|constant|rotation_shear,full,near_null,5,0.0056068521270365166,2.0,0.011213704254073087,0.0012823029649832274,0.011213704254073087
E2_20260824T221722Z_2ba66f02,partial|constant|rotation_shear,full,near_null,6,0.0056068521270365166,2.0000000000000013,0.01121370425407307,0.0012823029649832254,0.01121370425407307
E2_20260824T221722Z_2ba66f02,partial|constant|rotation_shear,full,near_null,7,0.005606852127036484,1.9999999999999993,0.011213704254073096,0.0012823029649832284,0.011213704254073096
E2_20260824T221722Z_2ba66f02,partial|constant|rotation_shear,full,near_null,8,0.0024971611213402845,2.0,0.004994322242680527,0.000571107822604181,0.004994322242680527
E2_20260824T221722Z_2ba66f02,partial|constant|rotation_shear,full,near_null,9,0.002497161121340265,1.9999999999999991,0.004994322242680514,0.0005711078226041795,0.004994322242680514
E2_20260824T221722Z_2ba66f02,partial|constant|rotation_shear,full,near_null,10,0.0024971611213402563,2.0000000000000004,0.004994322242680519,0.00057110782260418,0.004994322242680519
E2_20260824T221722Z_2ba66f02,partial|constant|rotation_shear,full,near_null,11,0.002497161121340241,1.9999999999999993,0.004994322242680526,0.0005711078226041808,0.004994322242680526
E2_20260824T221722Z_2ba66f02,partial|constant|rotation_shear,full,near_null,12,0.0007333750005342481,1.9999999999999998,0.0014667500010682425,0.00016772494018431073,0.0014667500010682425
E2_20260824T221722Z_2ba66f02,partial|constant|rotation_shear,full,near_null,13,0.0007333750005341019,1.9999999999999998,0.001466750001068232,0.00016772494018430954,0.001466750001068232
E2_20260824T221722Z_2ba66f02,partial|constant|rotation_shear,full,near_null,14,0.0007333750005340581,2.0000000000000018,0.0014667500010682394,0.00016772494018431038,0.0014667500010682394
E2_20260824T221722Z_2ba66f02,partial|constant|rotation_shear,full,near_null,15,0.0007333750005340178,1.9999999999999993,0.0014667500010682422,0.0001677249401843107,0.0014667500010682422
E2_20260824T221722Z_2ba66f02,partial|constant|rotation_shear,full,near_null,16,0.0002645829558003569,1.9999999999999991,0.0005291659116006833,6.0510871522863875e-05,0.0005291659116006833
E2_20260824T221722Z_2ba66f02,partial|constant|rotation_shear,full,near_null,17,0.00026458295580033604,1.9999999999999993,0.000529165911600689,6.0510871522864525e-05,0.000529165911600689
E2_20260824T221722Z_2ba66f02,partial|constant|rotation_shear,full,near_null,18,0.0002645829558003355,2.0000000000000004,0.0005291659116006874,6.0510871522864335e-05,0.0005291659116006874
E2_20260824T221722Z_2ba66f02,partial|constant|rotation_shear,full,near_null,19,0.00026458295580031213,2.000000000000001,0.0005291659116006776,6.051087152286322e-05,0.0005291659116006776
E2_20260824T221722Z_2ba66f02,unresolved_sum|constant|rotation_shear,restricted,exact_null,0,0.0,1.9999999999999998,4.0427284475393805e-16,2.254177322694958e-16,4.0427284475393805e-16
E2_20260824T221722Z_2ba66f02,unresolved_sum|constant|rotation_shear,restricted,exact_null,1,0.0,2.000000000000001,1.8877695120509546e-16,1.0525978382570392e-16,1.8877695120509546e-16
E2_20260824T221722Z_2ba66f02,unresolved_sum|constant|rotation_shear,restricted,near_null,0,0.6467881787147167,2.0,1.293576357429434,0.7212827989637989,1.293576357429434
E2_20260824T221722Z_2ba66f02,unresolved_sum|constant|rotation_shear,restricted,near_null,1,0.6345411998747449,2.0,1.2690823997494896,0.7076252593437963,1.2690823997494896
E2_20260824T221722Z_2ba66f02,unresolved_sum|constant|rotation_shear,restricted,near_null,2,0.4837870067924728,1.999999999999999,0.9675740135849451,0.5395077675275592,0.9675740135849451
E2_20260824T221722Z_2ba66f02,unresolved_sum|constant|rotation_shear,restricted,near_null,3,0.47981540232125947,1.999999999999999,0.959630804642518,0.5350787286495349,0.959630804642518
E2_20260824T221722Z_2ba66f02,unresolved_sum|constant|rotation_shear,restricted,near_null,4,0.3101846493682632,2.0,0.6203692987365268,0.3459105460717271,0.6203692987365268
E2_20260824T221722Z_2ba66f02,unresolved_sum|constant|rotation_shear,restricted,near_null,5,0.3013309076852572,1.9999999999999991,0.6026618153705146,0.3360370638520747,0.6026618153705146
E2_20260824T221722Z_2ba66f02,unresolved_sum|constant|rotation_shear,restricted,near_null,6,0.06212544899530085,2.0000000000000013,0.1242508979906019,0.06928082363419019,0.1242508979906019
E2_20260824T221722Z_2ba66f02,unresolved_sum|constant|rotation_shear,restricted,near_null,7,0.05434382362055252,2.000000000000001,0.10868764724110515,0.06060294003103009,0.10868764724110515
E2_20260824T221722Z_2ba66f02,unresolved_sum|constant|rotation_shear,restricted,near_null,8,0.018384470172590817,2.0,0.036768940345181626,0.020501924030064296,0.036768940345181626
E2_20260824T221722Z_2ba66f02,unresolved_sum|constant|rotation_shear,restricted,near_null,9,0.011505195841363655,1.9999999999999993,0.02301039168272733,0.01283032085647582,0.02301039168272733
E2_20260824T221722Z_2ba66f02,unresolved_sum|constant|rotation_shear,restricted,near_null,10,0.00207969136226102,1.9999999999999991,0.004159382724522066,0.002319222360763196,0.004159382724522066
E2_20260824T221722Z_2ba66f02,unresolved_sum|constant|rotation_shear,restricted,near_null,11,0.0016572591326636178,1.9999999999999993,0.003314518265327303,0.0018481359820016097,0.003314518265327303
E2_20260824T221722Z_2ba66f02,unresolved_sum|constant|rotation_shear,restricted,near_null,12,0.00038762146707310144,1.9999999999999993,0.0007752429341461757,0.0004322662440499689,0.0007752429341461757
E2_20260824T221722Z_2ba66f02,unresolved_sum|constant|rotation_shear,restricted,near_null,13,0.0003371912831743199,2.0,0.0006743825663486136,0.00037602770198654666,0.0006743825663486136
E2_20260824T221722Z_2ba66f02,unresolved_sum|constant|rotation_shear,restricted,near_null,14,4.078918089957313e-05,2.0,8.157836179913362e-05,4.548712474174172e-05,8.157836179913362e-05
E2_20260824T221722Z_2ba66f02,unresolved_sum|constant|rotation_shear,restricted,near_null,15,2.5654355083745232e-05,2.0,5.130871016748395e-05,2.8609126835285394e-05,5.130871016748395e-05
E2_20260824T221722Z_2ba66f02,unresolved_sum|constant|rotation_shear,restricted,near_null,16,2.843870128946439e-06,2.0,5.687740257923317e-06,3.171416352387844e-06,5.687740257923317e-06
E2_20260824T221722Z_2ba66f02,unresolved_sum|constant|rotation_shear,restricted,near_null,17,1.6439970775130453e-06,1.9999999999999996,3.287994155005903e-06,1.8333464534030343e-06,3.287994155005903e-06
E2_20260824T221722Z_2ba66f02,unresolved_sum|constant|rotation_shear,restricted,near_null,18,9.360840463274687e-08,1.999999999999999,1.8721680927355561e-07,1.0438986723152774e-07,1.8721680927355561e-07
E2_20260824T221722Z_2ba66f02,unresolved_sum|constant|rotation_shear,restricted,near_null,19,5.241506169880632e-08,1.9999999999999993,1.0483012339490877e-07,5.845203059234556e-08,1.0483012339490877e-07
E2_20260824T221722Z_2ba66f02,unresolved_sum|constant|rotation_shear,full,exact_null,0,0.0,2.0,2.03404380314775e-16,6.466695759379862e-17,2.03404380314775e-16
E2_20260824T221722Z_2ba66f02,unresolved_sum|constant|rotation_shear,full,exact_null,1,0.0,2.0,2.03404380314775e-16,6.466695759379862e-17,2.03404380314775e-16
E2_20260824T221722Z_2ba66f02,unresolved_sum|constant|rotation_shear,full,exact_null,2,0.0,2.0,2.03404380314775e-16,6.466695759379862e-17,2.03404380314775e-16
E2_20260824T221722Z_2ba66f02,unresolved_sum|constant|rotation_shear,full,exact_null,3,0.0,2.0,2.03404380314775e-16,6.466695759379862e-17,2.03404380314775e-16
E2_20260824T221722Z_2ba66f02,unresolved_sum|constant|rotation_shear,full,exact_null,4,0.0,1.9999999999999998,1.2471404708094007e-16,3.964948041656474e-17,1.2471404708094007e-16
E2_20260824T221722Z_2ba66f02,unresolved_sum|constant|rotation_shear,full,exact_null,5,0.0,1.9999999999999998,1.2471404708094007e-16,3.964948041656474e-17,1.2471404708094007e-16
E2_20260824T221722Z_2ba66f02,unresolved_sum|constant|rotation_shear,full,exact_null,6,0.0,1.9999999999999998,1.2471404708094007e-16,3.964948041656474e-17,1.2471404708094007e-16
E2_20260824T221722Z_2ba66f02,unresolved_sum|constant|rotation_shear,full,exact_null,7,0.0,1.9999999999999998,1.2471404708094007e-16,3.964948041656474e-17,1.2471404708094007e-16
E2_20260824T221722Z_2ba66f02,unresolved_sum|constant|rotation_shear,full,exact_null,8,0.0,2.0,3.8993975752060645e-16,1.2397086889032698e-16,3.8993975752060645e-16
E2_20260824T221722Z_2ba66f02,unresolved_sum|constant|rotation_shear,full,exact_null,9,0.0,2.0,3.8993975752060645e-16,1.2397086889032698e-16,3.8993975752060645e-16
E2_20260824T221722Z_2ba66f02,unresolved_sum|constant|rotation_shear,full,exact_null,10,0.0,2.0,3.8993975752060645e-16,1.2397086889032698e-16,3.8993975752060645e-16
E2_20260824T221722Z_2ba66f02,unresolved_sum|constant|rotation_shear,full,exact_null,11,0.0,2.0,3.8993975752060645e-16,1.2397086889032698e-16,3.8993975752060645e-16
E2_20260824T221722Z_2ba66f02,unresolved_sum|constant|rotation_shear,full,exact_null,12,0.0,2.0000000000000004,6.952671256168548e-17,2.2104150195314906e-17,6.952671256168548e-17
E2_20260824T221722Z_2ba66f02,unresolved_sum|constant|rotation_shear,full,exact_null,13,0.0,2.0000000000000004,6.952671256168548e-17,2.2104150195314906e-17,6.952671256168548e-17
E2_20260824T221722Z_2ba66f02,unresolved_sum|constant|rotation_shear,full,exact_null,14,0.0,2.0000000000000004,6.952671256168548e-17,2.2104150195314906e-17,6.952671256168548e-17
E2_20260824T221722Z_2ba66f02,unresolved_sum|constant|rotation_shear,full,exact_null,15,0.0,2.0000000000000004,6.952671256168548e-17,2.2104150195314906e-17,6.952671256168548e-17
E2_20260824T221722Z_2ba66f02,unresolved_sum|constant|rotation_shear,full,exact_null,16,0.0,1.9999999999999998,1.4550699445797727e-16,4.6260039364214303e-17,1.4550699445797727e-16
E2_20260824T221722Z_2ba66f02,unresolved_sum|constant|rotation_shear,full,exact_null,17,0.0,1.9999999999999998,1.4550699445797727e-16,4.6260039364214303e-17,1.4550699445797727e-16
E2_20260824T221722Z_2ba66f02,unresolved_sum|constant|rotation_shear,full,exact_null,18,0.0,1.9999999999999998,1.4550699445797727e-16,4.6260039364214303e-17,1.4550699445797727e-16
E2_20260824T221722Z_2ba66f02,unresolved_sum|constant|rotation_shear,full,exact_null,19,0.0,1.9999999999999998,1.4550699445797727e-16,4.6260039364214303e-17,1.4550699445797727e-16
E2_20260824T221722Z_2ba66f02,unresolved_sum|constant|rotation_shear,full,exact_null,20,0.0,2.0,7.068370007420765e-17,2.2471983288648694e-17,7.068370007420765e-17
E2_20260824T221722Z_2ba66f02,unresolved_sum|constant|rotation_shear,full,exact_null,21,0.0,2.0,7.068370007420765e-17,2.2471983288648694e-17,7.068370007420765e-17
E2_20260824T221722Z_2ba66f02,unresolved_sum|constant|rotation_shear,full,exact_null,22,0.0,2.0,7.068370007420765e-17,2.2471983288648694e-17,7.068370007420765e-17
E2_20260824T221722Z_2ba66f02,unresolved_sum|constant|rotation_shear,full,exact_null,23,0.0,2.0,7.068370007420765e-17,2.2471983288648694e-17,7.068370007420765e-17
E2_20260824T221722Z_2ba66f02,unresolved_sum|constant|rotation_shear,full,exact_null,24,0.0,2.0,5.832402462783348e-17,1.854255656378216e-17,5.832402462783348e-17
E2_20260824T221722Z_2ba66f02,unresolved_sum|constant|rotation_shear,full,exact_null,25,0.0,2.0,5.832402462783348e-17,1.854255656378216e-17,5.832402462783348e-17
E2_20260824T221722Z_2ba66f02,unresolved_sum|constant|rotation_shear,full,exact_null,26,0.0,2.0,5.832402462783348e-17,1.854255656378216e-17,5.832402462783348e-17
E2_20260824T221722Z_2ba66f02,unresolved_sum|constant|rotation_shear,full,exact_null,27,0.0,2.0,5.832402462783348e-17,1.854255656378216e-17,5.832402462783348e-17
E2_20260824T221722Z_2ba66f02,unresolved_sum|constant|rotation_shear,full,exact_null,28,0.0,2.0,2.5913435387361593e-17,8.238480531790343e-18,2.5913435387361593e-17
E2_20260824T221722Z_2ba66f02,unresolved_sum|constant|rotation_shear,full,exact_null,29,0.0,2.0,2.5913435387361593e-17,8.238480531790343e-18,2.5913435387361593e-17
E2_20260824T221722Z_2ba66f02,unresolved_sum|constant|rotation_shear,full,exact_null,30,0.0,2.0,2.5913435387361593e-17,8.238480531790343e-18,2.5913435387361593e-17
E2_20260824T221722Z_2ba66f02,unresolved_sum|constant|rotation_shear,full,exact_null,31,0.0,2.0,2.5913435387361593e-17,8.238480531790343e-18,2.5913435387361593e-17
E2_20260824T221722Z_2ba66f02,unresolved_sum|constant|rotation_shear,full,exact_null,32,0.0,2.0,3.4453778015011375e-17,1.0953653005874091e-17,3.4453778015011375e-17
E2_20260824T221722Z_2ba66f02,unresolved_sum|constant|rotation_shear,full,exact_null,33,0.0,2.0,3.4453778015011375e-17,1.0953653005874091e-17,3.4453778015011375e-17
E2_20260824T221722Z_2ba66f02,unresolved_sum|constant|rotation_shear,full,exact_null,34,0.0,2.0,3.4453778015011375e-17,1.0953653005874091e-17,3.4453778015011375e-17
E2_20260824T221722Z_2ba66f02,unresolved_sum|constant|rotation_shear,full,exact_null,35,0.0,2.0,3.4453778015011375e-17,1.0953653005874091e-17,3.4453778015011375e-17
E2_20260824T221722Z_2ba66f02,unresolved_sum|constant|rotation_shear,full,exact_null,36,0.0,2.0,1.0125489480055752e-17,3.219127325625528e-18,1.0125489480055752e-17
E2_20260824T221722Z_2ba66f02,unresolved_sum|constant|rotation_shear,full,exact_null,37,0.0,2.0,1.0125489480055752e-17,3.219127325625528e-18,1.0125489480055752e-17
E2_20260824T221722Z_2ba66f02,unresolved_sum|constant|rotation_shear,full,exact_null,38,0.0,2.0,1.0125489480055752e-17,3.219127325625528e-18,1.0125489480055752e-17
E2_20260824T221722Z_2ba66f02,unresolved_sum|constant|rotation_shear,full,exact_null,39,0.0,2.0,1.0125489480055752e-17,3.219127325625528e-18,1.0125489480055752e-17
E2_20260824T221722Z_2ba66f02,unresolved_sum|constant|rotation_shear,full,exact_null,40,0.0,2.0,1.0419928038119374e-16,3.312736154102151e-17,1.0419928038119374e-16
E2_20260824T221722Z_2ba66f02,unresolved_sum|constant|rotation_shear,full,exact_null,41,0.0,2.0,1.0419928038119374e-16,3.312736154102151e-17,1.0419928038119374e-16
E2_20260824T221722Z_2ba66f02,unresolved_sum|constant|rotation_shear,full,exact_null,42,0.0,2.0,1.0419928038119374e-16,3.312736154102151e-17,1.0419928038119374e-16
E2_20260824T221722Z_2ba66f02,unresolved_sum|constant|rotation_shear,full,exact_null,43,0.0,2.0,1.0419928038119374e-16,3.312736154102151e-17,1.0419928038119374e-16
E2_20260824T221722Z_2ba66f02,unresolved_sum|constant|rotation_shear,full,exact_null,44,0.0,2.0,8.181204028583276e-17,2.6009940059495342e-17,8.181204028583276e-17
E2_20260824T221722Z_2ba66f02,unresolved_sum|constant|rotation_shear,full,exact_null,45,0.0,2.0,8.181204028583276e-17,2.6009940059495342e-17,8.181204028583276e-17
E2_20260824T221722Z_2ba66f02,unresolved_sum|constant|rotation_shear,full,exact_null,46,0.0,2.0,8.181204028583276e-17,2.6009940059495342e-17,8.181204028583276e-17
E2_20260824T221722Z_2ba66f02,unresolved_sum|constant|rotation_shear,full,exact_null,47,0.0,2.0,8.181204028583276e-17,2.6009940059495342e-17,8.181204028583276e-17
E2_20260824T221722Z_2ba66f02,unresolved_sum|constant|rotation_shear,full,exact_null,48,0.0,2.0,1.0593508846438004e-16,3.367921508288069e-17,1.0593508846438004e-16
E2_20260824T221722Z_2ba66f02,unresolved_sum|constant|rotation_shear,full,exact_null,49,0.0,2.0,1.0593508846438004e-16,3.367921508288069e-17,1.0593508846438004e-16
E2_20260824T221722Z_2ba66f02,unresolved_sum|constant|rotation_shear,full,exact_null,50,0.0,2.0,1.0593508846438004e-16,3.367921508288069e-17,1.0593508846438004e-16
E2_20260824T221722Z_2ba66f02,unresolved_sum|constant|rotation_shear,full,exact_null,51,0.0,2.0,1.0593508846438004e-16,3.367921508288069e-17,1.0593508846438004e-16
E2_20260824T221722Z_2ba66f02,unresolved_sum|constant|rotation_shear,full,exact_null,52,0.0,2.0,1.2057162963587463e-16,3.833251008956731e-17,1.2057162963587463e-16
E2_20260824T221722Z_2ba66f02,unresolved_sum|constant|rotation_shear,full,exact_null,53,0.0,2.0,1.2057162963587463e-16,3.833251008956731e-17,1.2057162963587463e-16
E2_20260824T221722Z_2ba66f02,unresolved_sum|constant|rotation_shear,full,exact_null,54,0.0,2.0,1.2057162963587463e-16,3.833251008956731e-17,1.2057162963587463e-16
E2_20260824T221722Z_2ba66f02,unresolved_sum|constant|rotation_shear,full,exact_null,55,0.0,2.0,1.2057162963587463e-16,3.833251008956731e-17,1.2057162963587463e-16
E2_20260824T221722Z_2ba66f02,unresolved_sum|constant|rotation_shear,full,exact_null,56,0.0,1.9999999999999996,6.96415151998595e-17,2.2140648609572095e-17,6.96415151998595e-17
E2_20260824T221722Z_2ba66f02,unresolved_sum|constant|rotation_shear,full,exact_null,57,0.0,1.9999999999999996,6.96415151998595e-17,2.2140648609572095e-17,6.96415151998595e-17
E2_20260824T221722Z_2ba66f02,unresolved_sum|constant|rotation_shear,full,exact_null,58,0.0,1.9999999999999996,6.96415151998595e-17,2.2140648609572095e-17,6.96415151998595e-17
E2_20260824T221722Z_2ba66f02,unresolved_sum|constant|rotation_shear,full,exact_null,59,0.0,1.9999999999999996,6.96415151998595e-17,2.2140648609572095e-17,6.96415151998595e-17
E2_20260824T221722Z_2ba66f02,unresolved_sum|constant|rotation_shear,full,exact_null,60,0.0,2.0,4.304724421293043e-17,1.368571469178562e-17,4.304724421293043e-17
E2_20260824T221722Z_2ba66f02,unresolved_sum|constant|rotation_shear,full,exact_null,61,0.0,2.0,4.304724421293043e-17,1.368571469178562e-17,4.304724421293043e-17
E2_20260824T221722Z_2ba66f02,unresolved_sum|constant|rotation_shear,full,exact_null,62,0.0,2.0,4.304724421293043e-17,1.368571469178562e-17,4.304724421293043e-17
E2_20260824T221722Z_2ba66f02,unresolved_sum|constant|rotation_shear,full,exact_null,63,0.0,2.0,4.304724421293043e-17,1.368571469178562e-17,4.304724421293043e-17
E2_20260824T221722Z_2ba66f02,unresolved_sum|constant|rotation_shear,full,exact_null,64,0.0,2.0,7.657765199765279e-17,2.4345806942315748e-17,7.657765199765279e-17
E2_20260824T221722Z_2ba66f02,unresolved_sum|constant|rotation_shear,full,exact_null,65,0.0,2.0,7.657765199765279e-17,2.4345806942315748e-17,7.657765199765279e-17
E2_20260824T221722Z_2ba66f02,unresolved_sum|constant|rotation_shear,full,exact_null,66,0.0,2.0,7.657765199765279e-17,2.4345806942315748e-17,7.657765199765279e-17
E2_20260824T221722Z_2ba66f02,unresolved_sum|constant|rotation_shear,full,exact_null,67,0.0,2.0,7.657765199765279e-17,2.4345806942315748e-17,7.657765199765279e-17
E2_20260824T221722Z_2ba66f02,unresolved_sum|constant|rotation_shear,full,exact_null,68,0.0,1.9999999999999998,5.3939812882393586e-17,1.7148714235579354e-17,5.3939812882393586e-17
E2_20260824T221722Z_2ba66f02,unresolved_sum|constant|rotation_shear,full,exact_null,69,0.0,1.9999999999999998,5.3939812882393586e-17,1.7148714235579354e-17,5.3939812882393586e-17
E2_20260824T221722Z_2ba66f02,unresolved_sum|constant|rotation_shear,full,exact_null,70,0.0,1.9999999999999998,5.3939812882393586e-17,1.7148714235579354e-17,5.3939812882393586e-17
E2_20260824T221722Z_2ba66f02,unresolved_sum|constant|rotation_shear,full,exact_null,71,0.0,1.9999999999999998,5.3939812882393586e-17,1.7148714235579354e-17,5.3939812882393586e-17
E2_20260824T221722Z_2ba66f02,unresolved_sum|constant|rotation_shear,full,exact_null,72,0.0,2.0,5.0791549009084737e-17,1.6147808325518364e-17,5.0791549009084737e-17
E2_20260824T221722Z_2ba66f02,unresolved_sum|constant|rotation_shear,full,exact_null,73,0.0,2.0,5.0791549009084737e-17,1.6147808325518364e-17,5.0791549009084737e-17
E2_20260824T221722Z_2ba66f02,unresolved_sum|constant|rotation_shear,full,exact_null,74,0.0,2.0,5.0791549009084737e-17,1.6147808325518364e-17,5.0791549009084737e-17
E2_20260824T221722Z_2ba66f02,unresolved_sum|constant|rotation_shear,full,exact_null,75,0.0,2.0,5.0791549009084737e-17,1.6147808325518364e-17,5.0791549009084737e-17
E2_20260824T221722Z_2ba66f02,unresolved_sum|constant|rotation_shear,full,exact_null,76,0.0,2.0,3.2823284769886873e-17,1.0435281487147352e-17,3.2823284769886873e-17
E2_20260824T221722Z_2ba66f02,unresolved_sum|constant|rotation_shear,full,exact_null,77,0.0,2.0,3.2823284769886873e-17,1.0435281487147352e-17,3.2823284769886873e-17
E2_20260824T221722Z_2ba66f02,unresolved_sum|constant|rotation_shear,full,exact_null,78,0.0,2.0,3.2823284769886873e-17,1.0435281487147352e-17,3.2823284769886873e-17
E2_20260824T221722Z_2ba66f02,unresolved_sum|constant|rotation_shear,full,exact_null,79,0.0,2.0,3.2823284769886873e-17,1.0435281487147352e-17,3.2823284769886873e-17
E2_20260824T221722Z_2ba66f02,unresolved_sum|constant|rotation_shear,full,exact_null,80,0.0,2.0,1.518186973897983e-17,4.826667572674045e-18,1.518186973897983e-17
E2_20260824T221722Z_2ba66f02,unresolved_sum|constant|rotation_shear,full,exact_null,81,0.0,2.0,1.518186973897983e-17,4.826667572674045e-18,1.518186973897983e-17
E2_20260824T221722Z_2ba66f02,unresolved_sum|constant|rotation_shear,full,exact_null,82,0.0,2.0,1.518186973897983e-17,4.826667572674045e-18,1.518186973897983e-17
E2_20260824T221722Z_2ba66f02,unresolved_sum|constant|rotation_shear,full,exact_null,83,0.0,2.0,1.518186973897983e-17,4.826667572674045e-18,1.518186973897983e-17
E2_20260824T221722Z_2ba66f02,unresolved_sum|constant|rotation_shear,full,exact_null,84,0.0,2.0,8.69982434763378e-17,2.7658754019520228e-17,8.69982434763378e-17
E2_20260824T221722Z_2ba66f02,unresolved_sum|constant|rotation_shear,full,exact_null,85,0.0,2.0,8.69982434763378e-17,2.7658754019520228e-17,8.69982434763378e-17
E2_20260824T221722Z_2ba66f02,unresolved_sum|constant|rotation_shear,full,exact_null,86,0.0,2.0,8.69982434763378e-17,2.7658754019520228e-17,8.69982434763378e-17
E2_20260824T221722Z_2ba66f02,unresolved_sum|constant|rotation_shear,full,exact_null,87,0.0,2.0,8.69982434763378e-17,2.7658754019520228e-17,8.69982434763378e-17
E2_20260824T221722Z_2ba66f02,unresolved_sum|constant|rotation_shear,full,exact_null,88,0.0,2.0,5.07390666245603e-17,1.6131122961470593e-17,5.07390666245603e-17
E2_20260824T221722Z_2ba66f02,unresolved_sum|constant|rotation_shear,full,exact_null,89,0.0,2.0,5.07390666245603e-17,1.6131122961470593e-17,5.07390666245603e-17
E2_20260824T221722Z_2ba66f02,unresolved_sum|constant|rotation_shear,full,exact_null,90,0.0,2.0,5.07390666245603e-17,1.6131122961470593e-17,5.07390666245603e-17
E2_20260824T221722Z_2ba66f02,unresolved_sum|constant|rotation_shear,full,exact_null,91,0.0,2.0,5.07390666245603e-17,1.6131122961470593e-17,5.07390666245603e-17
E2_20260824T221722Z_2ba66f02,unresolved_sum|constant|rotation_shear,full,exact_null,92,0.0,2.0,1.3041518925556765e-16,4.146200539106293e-17,1.3041518925556765e-16
E2_20260824T221722Z_2ba66f02,unresolved_sum|constant|rotation_shear,full,exact_null,93,0.0,2.0,1.3041518925556765e-16,4.146200539106293e-17,1.3041518925556765e-16
E2_20260824T221722Z_2ba66f02,unresolved_sum|constant|rotation_shear,full,exact_null,94,0.0,2.0,1.3041518925556765e-16,4.146200539106293e-17,1.3041518925556765e-16
E2_20260824T221722Z_2ba66f02,unresolved_sum|constant|rotation_shear,full,exact_null,95,0.0,2.0,1.3041518925556765e-16,4.146200539106293e-17,1.3041518925556765e-16
E2_20260824T221722Z_2ba66f02,unresolved_sum|constant|rotation_shear,full,exact_null,96,0.0,1.9999999999999996,6.415102403021988e-17,2.0395094462278145e-17,6.415102403021988e-17
E2_20260824T221722Z_2ba66f02,unresolved_sum|constant|rotation_shear,full,exact_null,97,0.0,1.9999999999999996,6.415102403021988e-17,2.0395094462278145e-17,6.415102403021988e-17
E2_20260824T221722Z_2ba66f02,unresolved_sum|constant|rotation_shear,full,exact_null,98,0.0,1.9999999999999996,6.415102403021988e-17,2.0395094462278145e-17,6.415102403021988e-17
E2_20260824T221722Z_2ba66f02,unresolved_sum|constant|rotation_shear,full,exact_null,99,0.0,1.9999999999999996,6.415102403021988e-17,2.0395094462278145e-17,6.415102403021988e-17
E2_20260824T221722Z_2ba66f02,unresolved_sum|constant|rotation_shear,full,exact_null,100,0.0,2.0,7.491979973720269e-17,2.381873735975611e-17,7.491979973720269e-17
E2_20260824T221722Z_2ba66f02,unresolved_sum|constant|rotation_shear,full,exact_null,101,0.0,2.0,7.491979973720269e-17,2.381873735975611e-17,7.491979973720269e-17
E2_20260824T221722Z_2ba66f02,unresolved_sum|constant|rotation_shear,full,exact_null,102,0.0,2.0,7.491979973720269e-17,2.381873735975611e-17,7.491979973720269e-17
E2_20260824T221722Z_2ba66f02,unresolved_sum|constant|rotation_shear,full,exact_null,103,0.0,2.0,7.491979973720269e-17,2.381873735975611e-17,7.491979973720269e-17
E2_20260824T221722Z_2ba66f02,unresolved_sum|constant|rotation_shear,full,exact_null,104,0.0,2.0,9.025098236104287e-17,2.869287495239005e-17,9.025098236104287e-17
E2_20260824T221722Z_2ba66f02,unresolved_sum|constant|rotation_shear,full,exact_null,105,0.0,2.0,9.025098236104287e-17,2.869287495239005e-17,9.025098236104287e-17
E2_20260824T221722Z_2ba66f02,unresolved_sum|constant|rotation_shear,full,exact_null,106,0.0,2.0,9.025098236104287e-17,2.869287495239005e-17,9.025098236104287e-17
E2_20260824T221722Z_2ba66f02,unresolved_sum|constant|rotation_shear,full,exact_null,107,0.0,2.0,9.025098236104287e-17,2.869287495239005e-17,9.025098236104287e-17
E2_20260824T221722Z_2ba66f02,unresolved_sum|constant|rotation_shear,full,exact_null,108,0.0,1.9999999999999996,5.566745252142226e-17,1.7697970840090724e-17,5.566745252142226e-17
E2_20260824T221722Z_2ba66f02,unresolved_sum|constant|rotation_shear,full,exact_null,109,0.0,1.9999999999999996,5.566745252142226e-17,1.7697970840090724e-17,5.566745252142226e-17
E2_20260824T221722Z_2ba66f02,unresolved_sum|constant|rotation_shear,full,exact_null,110,0.0,1.9999999999999996,5.566745252142226e-17,1.7697970840090724e-17,5.566745252142226e-17
E2_20260824T221722Z_2ba66f02,unresolved_sum|constant|rotation_shear,full,exact_null,111,0.0,1.9999999999999996,5.566745252142226e-17,1.7697970840090724e-17,5.566745252142226e-17
E2_20260824T221722Z_2ba66f02,unresolved_sum|constant|rotation_shear,full,exact_null,112,0.0,2.0,8.542036926486405e-17,2.7157111308759444e-17,8.542036926486405e-17
E2_20260824T221722Z_2ba66f02,unresolved_sum|constant|rotation_shear,full,exact_null,113,0.0,2.0,8.542036926486405e-17,2.7157111308759444e-17,8.542036926486405e-17
E2_20260824T221722Z_2ba66f02,unresolved_sum|constant|rotation_shear,full,exact_null,114,0.0,2.0,8.542036926486405e-17,2.7157111308759444e-17,8.542036926486405e-17
E2_20260824T221722Z_2ba66f02,unresolved_sum|constant|rotation_shear,full,exact_null,115,0.0,2.0,8.542036926486405e-17,2.7157111308759444e-17,8.542036926486405e-17
E2_20260824T221722Z_2ba66f02,unresolved_sum|constant|rotation_shear,full,exact_null,116,0.0,1.9999999999999998,3.1974553420044793e-17,1.0165450158422626e-17,3.1974553420044793e-17
E2_20260824T221722Z_2ba66f02,unresolved_sum|constant|rotation_shear,full,exact_null,117,0.0,1.9999999999999998,3.1974553420044793e-17,1.0165450158422626e-17,3.1974553420044793e-17
E2_20260824T221722Z_2ba66f02,unresolved_sum|constant|rotation_shear,full,exact_null,118,0.0,1.9999999999999998,3.1974553420044793e-17,1.0165450158422626e-17,3.1974553420044793e-17
E2_20260824T221722Z_2ba66f02,unresolved_sum|constant|rotation_shear,full,exact_null,119,0.0,1.9999999999999998,3.1974553420044793e-17,1.0165450158422626e-17,3.1974553420044793e-17
E2_20260824T221722Z_2ba66f02,unresolved_sum|constant|rotation_shear,full,exact_null,120,0.0,2.0,2.627670250499541e-17,8.353971551476811e-18,2.627670250499541e-17
E2_20260824T221722Z_2ba66f02,unresolved_sum|constant|rotation_shear,full,exact_null,121,0.0,2.0,2.627670250499541e-17,8.353971551476811e-18,2.627670250499541e-17
E2_20260824T221722Z_2ba66f02,unresolved_sum|constant|rotation_shear,full,exact_null,122,0.0,2.0,2.627670250499541e-17,8.353971551476811e-18,2.627670250499541e-17
E2_20260824T221722Z_2ba66f02,unresolved_sum|constant|rotation_shear,full,exact_null,123,0.0,2.0,2.627670250499541e-17,8.353971551476811e-18,2.627670250499541e-17
E2_20260824T221722Z_2ba66f02,unresolved_sum|constant|rotation_shear,full,exact_null,124,0.0,1.9999999999999998,1.2721307239429506e-17,4.044397837041641e-18,1.2721307239429506e-17
E2_20260824T221722Z_2ba66f02,unresolved_sum|constant|rotation_shear,full,exact_null,125,0.0,1.9999999999999998,1.2721307239429506e-17,4.044397837041641e-18,1.2721307239429506e-17
E2_20260824T221722Z_2ba66f02,unresolved_sum|constant|rotation_shear,full,exact_null,126,0.0,1.9999999999999998,1.2721307239429506e-17,4.044397837041641e-18,1.2721307239429506e-17
E2_20260824T221722Z_2ba66f02,unresolved_sum|constant|rotation_shear,full,exact_null,127,0.0,1.9999999999999998,1.2721307239429506e-17,4.044397837041641e-18,1.2721307239429506e-17
E2_20260824T221722Z_2ba66f02,unresolved_sum|constant|rotation_shear,full,exact_null,128,0.0,2.0,1.4106140014540024e-16,4.484668209803468e-17,1.4106140014540024e-16
E2_20260824T221722Z_2ba66f02,unresolved_sum|constant|rotation_shear,full,exact_null,129,0.0,2.0,1.4106140014540024e-16,4.484668209803468e-17,1.4106140014540024e-16
E2_20260824T221722Z_2ba66f02,unresolved_sum|constant|rotation_shear,full,exact_null,130,0.0,2.0,1.4106140014540024e-16,4.484668209803468e-17,1.4106140014540024e-16
E2_20260824T221722Z_2ba66f02,unresolved_sum|constant|rotation_shear,full,exact_null,131,0.0,2.0,1.4106140014540024e-16,4.484668209803468e-17,1.4106140014540024e-16
E2_20260824T221722Z_2ba66f02,unresolved_sum|constant|rotation_shear,full,exact_null,132,0.0,2.0,1.5289857918917116e-16,4.860999513027685e-17,1.5289857918917116e-16
E2_20260824T221722Z_2ba66f02,unresolved_sum|constant|rotation_shear,full,exact_null,133,0.0,2.0,1.5289857918917116e-16,4.860999513027685e-17,1.5289857918917116e-16
E2_20260824T221722Z_2ba66f02,unresolved_sum|constant|rotation_shear,full,exact_null,134,0.0,2.0,1.5289857918917116e-16,4.860999513027685e-17,1.5289857918917116e-16
E2_20260824T221722Z_2ba66f02,unresolved_sum|constant|rotation_shear,full,exact_null,135,0.0,2.0,1.5289857918917116e-16,4.860999513027685e-17,1.5289857918917116e-16
E2_20260824T221722Z_2ba66f02,unresolved_sum|constant|rotation_shear,full,exact_null,136,0.0,2.0,2.077417880995126e-16,6.604591986023839e-17,2.077417880995126e-16
E2_20260824T221722Z_2ba66f02,unresolved_sum|constant|rotation_shear,full,exact_null,137,0.0,2.0,2.077417880995126e-16,6.604591986023839e-17,2.077417880995126e-16
E2_20260824T221722Z_2ba66f02,unresolved_sum|constant|rotation_shear,full,exact_null,138,0.0,2.0,2.077417880995126e-16,6.604591986023839e-17,2.077417880995126e-16
E2_20260824T221722Z_2ba66f02,unresolved_sum|constant|rotation_shear,full,exact_null,139,0.0,2.0,2.077417880995126e-16,6.604591986023839e-17,2.077417880995126e-16
E2_20260824T221722Z_2ba66f02,unresolved_sum|constant|rotation_shear,full,exact_null,140,0.0,2.0,9.876640229206401e-17,3.140012392471089e-17,9.876640229206401e-17
E2_20260824T221722Z_2ba66f02,unresolved_sum|constant|rotation_shear,full,exact_null,141,0.0,2.0,9.876640229206401e-17,3.140012392471089e-17,9.876640229206401e-17
E2_20260824T221722Z_2ba66f02,unresolved_sum|constant|rotation_shear,full,exact_null,142,0.0,2.0,9.876640229206401e-17,3.140012392471089e-17,9.876640229206401e-17
E2_20260824T221722Z_2ba66f02,unresolved_sum|constant|rotation_shear,full,exact_null,143,0.0,2.0,9.876640229206401e-17,3.140012392471089e-17,9.876640229206401e-17
E2_20260824T221722Z_2ba66f02,unresolved_sum|constant|rotation_shear,full,exact_null,144,0.0,2.0,1.010596352152316e-16,3.21291957173915e-17,1.010596352152316e-16
E2_20260824T221722Z_2ba66f02,unresolved_sum|constant|rotation_shear,full,exact_null,145,0.0,2.0,1.010596352152316e-16,3.21291957173915e-17,1.010596352152316e-16
E2_20260824T221722Z_2ba66f02,unresolved_sum|constant|rotation_shear,full,exact_null,146,0.0,2.0,1.010596352152316e-16,3.21291957173915e-17,1.010596352152316e-16
E2_20260824T221722Z_2ba66f02,unresolved_sum|constant|rotation_shear,full,exact_null,147,0.0,2.0,1.010596352152316e-16,3.21291957173915e-17,1.010596352152316e-16
E2_20260824T221722Z_2ba66f02,unresolved_sum|constant|rotation_shear,full,exact_null,148,0.0,2.0,1.383486579341317e-16,4.3984238598698355e-17,1.383486579341317e-16
E2_20260824T221722Z_2ba66f02,unresolved_sum|constant|rotation_shear,full,exact_null,149,0.0,2.0,1.383486579341317e-16,4.3984238598698355e-17,1.383486579341317e-16
E2_20260824T221722Z_2ba66f02,unresolved_sum|constant|rotation_shear,full,exact_null,150,0.0,2.0,1.383486579341317e-16,4.3984238598698355e-17,1.383486579341317e-16
E2_20260824T221722Z_2ba66f02,unresolved_sum|constant|rotation_shear,full,exact_null,151,0.0,2.0,1.383486579341317e-16,4.3984238598698355e-17,1.383486579341317e-16
E2_20260824T221722Z_2ba66f02,unresolved_sum|constant|rotation_shear,full,exact_null,152,0.0,2.0,7.637484097880686e-17,2.4281328628058363e-17,7.637484097880686e-17
E2_20260824T221722Z_2ba66f02,unresolved_sum|constant|rotation_shear,full,exact_null,153,0.0,2.0,7.637484097880686e-17,2.4281328628058363e-17,7.637484097880686e-17
E2_20260824T221722Z_2ba66f02,unresolved_sum|constant|rotation_shear,full,exact_null,154,0.0,2.0,7.637484097880686e-17,2.4281328628058363e-17,7.637484097880686e-17
E2_20260824T221722Z_2ba66f02,unresolved_sum|constant|rotation_shear,full,exact_null,155,0.0,2.0,7.637484097880686e-17,2.4281328628058363e-17,7.637484097880686e-17
E2_20260824T221722Z_2ba66f02,unresolved_sum|constant|rotation_shear,full,exact_null,156,0.0,2.0,4.515994967801392e-17,1.4357392629631958e-17,4.515994967801392e-17
E2_20260824T221722Z_2ba66f02,unresolved_sum|constant|rotation_shear,full,exact_null,157,0.0,2.0,4.515994967801392e-17,1.4357392629631958e-17,4.515994967801392e-17
E2_20260824T221722Z_2ba66f02,unresolved_sum|constant|rotation_shear,full,exact_null,158,0.0,2.0,4.515994967801392e-17,1.4357392629631958e-17,4.515994967801392e-17
E2_20260824T221722Z_2ba66f02,unresolved_sum|constant|rotation_shear,full,exact_null,159,0.0,2.0,4.515994967801392e-17,1.4357392629631958e-17,4.515994967801392e-17
E2_20260824T221722Z_2ba66f02,unresolved_sum|constant|rotation_shear,full,exact_null,160,0.0,1.9999999999999998,3.414818149074881e-17,1.0856496801839955e-17,3.414818149074881e-17
E2_20260824T221722Z_2ba66f02,unresolved_sum|constant|rotation_shear,full,exact_null,161,0.0,1.9999999999999998,3.414818149074881e-17,1.0856496801839955e-17,3.414818149074881e-17
E2_20260824T221722Z_2ba66f02,unresolved_sum|constant|rotation_shear,full,exact_null,162,0.0,1.9999999999999998,3.414818149074881e-17,1.0856496801839955e-17,3.414818149074881e-17
E2_20260824T221722Z_2ba66f02,unresolved_sum|constant|rotation_shear,full,exact_null,163,0.0,1.9999999999999998,3.414818149074881e-17,1.0856496801839955e-17,3.414818149074881e-17
E2_20260824T221722Z_2ba66f02,unresolved_sum|constant|rotation_shear,full,exact_null,164,0.0,1.9999999999999998,8.625138024839238e-18,2.7421308923130605e-18,8.625138024839238e-18
E2_20260824T221722Z_2ba66f02,unresolved_sum|constant|rotation_shear,full,exact_null,165,0.0,1.9999999999999998,8.625138024839238e-18,2.7421308923130605e-18,8.625138024839238e-18
E2_20260824T221722Z_2ba66f02,unresolved_sum|constant|rotation_shear,full,exact_null,166,0.0,1.9999999999999998,8.625138024839238e-18,2.7421308923130605e-18,8.625138024839238e-18
E2_20260824T221722Z_2ba66f02,unresolved_sum|constant|rotation_shear,full,exact_null,167,0.0,1.9999999999999998,8.625138024839238e-18,2.7421308923130605e-18,8.625138024839238e-18
E2_20260824T221722Z_2ba66f02,unresolved_sum|constant|rotation_shear,full,exact_null,168,0.0,2.0,1.4534543733848514e-17,4.620867661883485e-18,1.4534543733848514e-17
E2_20260824T221722Z_2ba66f02,unresolved_sum|constant|rotation_shear,full,exact_null,169,0.0,2.0,1.4534543733848514e-17,4.620867661883485e-18,1.4534543733848514e-17
E2_20260824T221722Z_2ba66f02,unresolved_sum|constant|rotation_shear,full,exact_null,170,0.0,2.0,1.4534543733848514e-17,4.620867661883485e-18,1.4534543733848514e-17
E2_20260824T221722Z_2ba66f02,unresolved_sum|constant|rotation_shear,full,exact_null,171,0.0,2.0,1.4534543733848514e-17,4.620867661883485e-18,1.4534543733848514e-17
E2_20260824T221722Z_2ba66f02,unresolved_sum|constant|rotation_shear,full,exact_null,172,0.0,1.9999999999999996,1.4891022859079657e-16,4.734200621767251e-17,1.4891022859079657e-16
E2_20260824T221722Z_2ba66f02,unresolved_sum|constant|rotation_shear,full,exact_null,173,0.0,1.9999999999999996,1.4891022859079657e-16,4.734200621767251e-17,1.4891022859079657e-16
E2_20260824T221722Z_2ba66f02,unresolved_sum|constant|rotation_shear,full,exact_null,174,0.0,1.9999999999999996,1.4891022859079657e-16,4.734200621767251e-17,1.4891022859079657e-16
E2_20260824T221722Z_2ba66f02,unresolved_sum|constant|rotation_shear,full,exact_null,175,0.0,1.9999999999999996,1.4891022859079657e-16,4.734200621767251e-17,1.4891022859079657e-16
E2_20260824T221722Z_2ba66f02,unresolved_sum|constant|rotation_shear,full,exact_null,176,0.0,2.0,1.5039268103548261e-16,4.781331214150257e-17,1.5039268103548261e-16
E2_20260824T221722Z_2ba66f02,unresolved_sum|constant|rotation_shear,full,exact_null,177,0.0,2.0,1.5039268103548261e-16,4.781331214150257e-17,1.5039268103548261e-16
E2_20260824T221722Z_2ba66f02,unresolved_sum|constant|rotation_shear,full,exact_null,178,0.0,2.0,1.5039268103548261e-16,4.781331214150257e-17,1.5039268103548261e-16
E2_20260824T221722Z_2ba66f02,unresolved_sum|constant|rotation_shear,full,exact_null,179,0.0,2.0,1.5039268103548261e-16,4.781331214150257e-17,1.5039268103548261e-16
E2_20260824T221722Z_2ba66f02,unresolved_sum|constant|rotation_shear,full,exact_null,180,0.0,2.0,1.640274075526039e-16,5.214810709587493e-17,1.640274075526039e-16
E2_20260824T221722Z_2ba66f02,unresolved_sum|constant|rotation_shear,full,exact_null,181,0.0,2.0,1.640274075526039e-16,5.214810709587493e-17,1.640274075526039e-16
E2_20260824T221722Z_2ba66f02,unresolved_sum|constant|rotation_shear,full,exact_null,182,0.0,2.0,1.640274075526039e-16,5.214810709587493e-17,1.640274075526039e-16
E2_20260824T221722Z_2ba66f02,unresolved_sum|constant|rotation_shear,full,exact_null,183,0.0,2.0,1.640274075526039e-16,5.214810709587493e-17,1.640274075526039e-16
E2_20260824T221722Z_2ba66f02,unresolved_sum|constant|rotation_shear,full,exact_null,184,0.0,1.9999999999999998,1.6208899243943582e-16,5.153184009253688e-17,1.6208899243943582e-16
E2_20260824T221722Z_2ba66f02,unresolved_sum|constant|rotation_shear,full,exact_null,185,0.0,1.9999999999999998,1.6208899243943582e-16,5.153184009253688e-17,1.6208899243943582e-16
E2_20260824T221722Z_2ba66f02,unresolved_sum|constant|rotation_shear,full,exact_null,186,0.0,1.9999999999999998,1.6208899243943582e-16,5.153184009253688e-17,1.6208899243943582e-16
E2_20260824T221722Z_2ba66f02,unresolved_sum|constant|rotation_shear,full,exact_null,187,0.0,1.9999999999999998,1.6208899243943582e-16,5.153184009253688e-17,1.6208899243943582e-16
E2_20260824T221722Z_2ba66f02,unresolved_sum|constant|rotation_shear,full,exact_null,188,0.0,2.0,1.8755469019731973e-16,5.962797447497797e-17,1.8755469019731973e-16
E2_20260824T221722Z_2ba66f02,unresolved_sum|constant|rotation_shear,full,exact_null,189,0.0,2.0,1.8755469019731973e-16,5.962797447497797e-17,1.8755469019731973e-16
E2_20260824T221722Z_2ba66f02,unresolved_sum|constant|rotation_shear,full,exact_null,190,0.0,2.0,1.8755469019731973e-16,5.962797447497797e-17,1.8755469019731973e-16
E2_20260824T221722Z_2ba66f02,unresolved_sum|constant|rotation_shear,full,exact_null,191,0.0,2.0,1.8755469019731973e-16,5.962797447497797e-17,1.8755469019731973e-16
E2_20260824T221722Z_2ba66f02,unresolved_sum|constant|rotation_shear,full,exact_null,192,0.0,2.0,1.265830573303796e-16,4.024368200827009e-17,1.265830573303796e-16
E2_20260824T221722Z_2ba66f02,unresolved_sum|constant|rotation_shear,full,exact_null,193,0.0,2.0,1.265830573303796e-16,4.024368200827009e-17,1.265830573303796e-16
E2_20260824T221722Z_2ba66f02,unresolved_sum|constant|rotation_shear,full,exact_null,194,0.0,2.0,1.265830573303796e-16,4.024368200827009e-17,1.265830573303796e-16
E2_20260824T221722Z_2ba66f02,unresolved_sum|constant|rotation_shear,full,exact_null,195,0.0,2.0,1.265830573303796e-16,4.024368200827009e-17,1.265830573303796e-16
E2_20260824T221722Z_2ba66f02,unresolved_sum|constant|rotation_shear,full,exact_null,196,0.0,1.9999999999999998,7.248715747260177e-17,2.304534411265698e-17,7.248715747260177e-17
E2_20260824T221722Z_2ba66f02,unresolved_sum|constant|rotation_shear,full,exact_null,197,0.0,1.9999999999999998,7.248715747260177e-17,2.304534411265698e-17,7.248715747260177e-17
E2_20260824T221722Z_2ba66f02,unresolved_sum|constant|rotation_shear,full,exact_null,198,0.0,1.9999999999999998,7.248715747260177e-17,2.304534411265698e-17,7.248715747260177e-17
E2_20260824T221722Z_2ba66f02,unresolved_sum|constant|rotation_shear,full,exact_null,199,0.0,1.9999999999999998,7.248715747260177e-17,2.304534411265698e-17,7.248715747260177e-17
E2_20260824T221722Z_2ba66f02,unresolved_sum|constant|rotation_shear,full,exact_null,200,0.0,1.9999999999999996,4.1711255445808784e-17,1.3260972959009025e-17,4.1711255445808784e-17
E2_20260824T221722Z_2ba66f02,unresolved_sum|constant|rotation_shear,full,exact_null,201,0.0,1.9999999999999996,4.1711255445808784e-17,1.3260972959009025e-17,4.1711255445808784e-17
E2_20260824T221722Z_2ba66f02,unresolved_sum|constant|rotation_shear,full,exact_null,202,0.0,1.9999999999999996,4.1711255445808784e-17,1.3260972959009025e-17,4.1711255445808784e-17
E2_20260824T221722Z_2ba66f02,unresolved_sum|constant|rotation_shear,full,exact_null,203,0.0,1.9999999999999996,4.1711255445808784e-17,1.3260972959009025e-17,4.1711255445808784e-17
E2_20260824T221722Z_2ba66f02,unresolved_sum|constant|rotation_shear,full,exact_null,204,0.0,2.0,2.3263285709328144e-17,7.395936646641969e-18,2.3263285709328144e-17
E2_20260824T221722Z_2ba66f02,unresolved_sum|constant|rotation_shear,full,exact_null,205,0.0,2.0,2.3263285709328144e-17,7.395936646641969e-18,2.3263285709328144e-17
E2_20260824T221722Z_2ba66f02,unresolved_sum|constant|rotation_shear,full,exact_null,206,0.0,2.0,2.3263285709328144e-17,7.395936646641969e-18,2.3263285709328144e-17
E2_20260824T221722Z_2ba66f02,unresolved_sum|constant|rotation_shear,full,exact_null,207,0.0,2.0,2.3263285709328144e-17,7.395936646641969e-18,2.3263285709328144e-17
E2_20260824T221722Z_2ba66f02,unresolved_sum|constant|rotation_shear,full,exact_null,208,0.0,2.0,1.967370597823889e-17,6.25472621700086e-18,1.967370597823889e-17
E2_20260824T221722Z_2ba66f02,unresolved_sum|constant|rotation_shear,full,exact_null,209,0.0,2.0,1.967370597823889e-17,6.25472621700086e-18,1.967370597823889e-17
E2_20260824T221722Z_2ba66f02,unresolved_sum|constant|rotation_shear,full,exact_null,210,0.0,2.0,1.967370597823889e-17,6.25472621700086e-18,1.967370597823889e-17
E2_20260824T221722Z_2ba66f02,unresolved_sum|constant|rotation_shear,full,exact_null,211,0.0,2.0,1.967370597823889e-17,6.25472621700086e-18,1.967370597823889e-17
E2_20260824T221722Z_2ba66f02,unresolved_sum|constant|rotation_shear,full,exact_null,212,0.0,2.0,2.3826832394408953e-17,7.575101173629293e-18,2.3826832394408953e-17
E2_20260824T221722Z_2ba66f02,unresolved_sum|constant|rotation_shear,full,exact_null,213,0.0,2.0,2.3826832394408953e-17,7.575101173629293e-18,2.3826832394408953e-17
E2_20260824T221722Z_2ba66f02,unresolved_sum|constant|rotation_shear,full,exact_null,214,0.0,2.0,2.3826832394408953e-17,7.575101173629293e-18,2.3826832394408953e-17
E2_20260824T221722Z_2ba66f02,unresolved_sum|constant|rotation_shear,full,exact_null,215,0.0,2.0,2.3826832394408953e-17,7.575101173629293e-18,2.3826832394408953e-17
E2_20260824T221722Z_2ba66f02,unresolved_sum|constant|rotation_shear,full,near_null,0,0.3451545628596146,2.0000000000000004,0.6903091257192288,0.21946523909866347,0.6903091257192288
E2_20260824T221722Z_2ba66f02,unresolved_sum|constant|rotation_shear,full,near_null,1,0.34515456285961454,2.0,0.6903091257192285,0.2194652390986634,0.6903091257192285
E2_20260824T221722Z_2ba66f02,unresolved_sum|constant|rotation_shear,full,near_null,2,0.34515456285961427,2.0000000000000004,0.6903091257192288,0.21946523909866347,0.6903091257192288
E2_20260824T221722Z_2ba66f02,unresolved_sum|constant|rotation_shear,full,near_null,3,0.34515456285961416,1.9999999999999991,0.6903091257192284,0.21946523909866336,0.6903091257192284
E2_20260824T221722Z_2ba66f02,unresolved_sum|constant|rotation_shear,full,near_null,4,0.3039011017628982,2.0000000000000004,0.6078022035257964,0.1932343800069334,0.6078022035257964
E2_20260824T221722Z_2ba66f02,unresolved_sum|constant|rotation_shear,full,near_null,5,0.30390110176289803,2.0000000000000004,0.6078022035257963,0.19323438000693338,0.6078022035257963
E2_20260824T221722Z_2ba66f02,unresolved_sum|constant|rotation_shear,full,near_null,6,0.30390110176289803,2.0000000000000004,0.6078022035257964,0.1932343800069334,0.6078022035257964
E2_20260824T221722Z_2ba66f02,unresolved_sum|constant|rotation_shear,full,near_null,7,0.30390110176289786,2.0,0.6078022035257962,0.19323438000693335,0.6078022035257962
E2_20260824T221722Z_2ba66f02,unresolved_sum|constant|rotation_shear,full,near_null,8,0.2766622683755591,1.9999999999999998,0.5533245367511179,0.17591466957751486,0.5533245367511179
E2_20260824T221722Z_2ba66f02,unresolved_sum|constant|rotation_shear,full,near_null,9,0.27666226837555896,2.000000000000001,0.5533245367511181,0.17591466957751495,0.5533245367511181
E2_20260824T221722Z_2ba66f02,unresolved_sum|constant|rotation_shear,full,near_null,10,0.27666226837555896,2.0000000000000018,0.5533245367511185,0.17591466957751503,0.5533245367511185
E2_20260824T221722Z_2ba66f02,unresolved_sum|constant|rotation_shear,full,near_null,11,0.27666226837555885,1.9999999999999998,0.5533245367511178,0.17591466957751484,0.5533245367511178
E2_20260824T221722Z_2ba66f02,unresolved_sum|constant|rotation_shear,full,near_null,12,0.27212226507467807,1.9999999999999993,0.544244530149356,0.17302792544270876,0.544244530149356
E2_20260824T221722Z_2ba66f02,unresolved_sum|constant|rotation_shear,full,near_null,13,0.27212226507467807,2.000000000000001,0.5442445301493564,0.17302792544270887,0.5442445301493564
E2_20260824T221722Z_2ba66f02,unresolved_sum|constant|rotation_shear,full,near_null,14,0.272122265074678,2.0000000000000004,0.5442445301493563,0.17302792544270884,0.5442445301493563
E2_20260824T221722Z_2ba66f02,unresolved_sum|constant|rotation_shear,full,near_null,15,0.27212226507467796,1.9999999999999996,0.5442445301493561,0.17302792544270879,0.5442445301493561
E2_20260824T221722Z_2ba66f02,unresolved_sum|constant|rotation_shear,full,near_null,16,0.2445567325908121,2.0,0.48911346518162374,0.15550048461349897,0.48911346518162374
E2_20260824T221722Z_2ba66f02,unresolved_sum|constant|rotation_shear,full,near_null,17,0.24455673259081182,2.0000000000000004,0.48911346518162374,0.15550048461349897,0.48911346518162374
E2_20260824T221722Z_2ba66f02,unresolved_sum|constant|rotation_shear,full,near_null,18,0.24455673259081168,1.9999999999999993,0.4891134651816235,0.1555004846134989,0.4891134651816235
E2_20260824T221722Z_2ba66f02,unresolved_sum|constant|rotation_shear,full,near_null,19,0.24455673259081162,1.9999999999999998,0.4891134651816236,0.1555004846134989,0.4891134651816236
