run_id,config_hash,arm,readout,delay_structure,spatial_structure,space,kind,index,singular_value,dominant_temporal_frequency,dominant_temporal_frequency_normalised,temporal_centre_of_mass,retarded_age,temporal_spread,dominant_azimuthal_harmonic,cell_support_90pct,max_cell_fraction
E2_20260824T221722Z_2ba66f02,2ba66f0209fe1cdec97b8cf5862494c22fb94704318f9601a7a1f9eb4b783796,direct_only|constant|rotation_shear,direct_only,constant,rotation_shear,restricted,exact_null,0,0.0,2,0.09090909090909091,16.411016619891125,16.411016619891125,10.234206641036659,2,6,0.28207225530017144
E2_20260824T221722Z_2ba66f02,2ba66f0209fe1cdec97b8cf5862494c22fb94704318f9601a7a1f9eb4b783796,direct_only|constant|rotation_shear,direct_only,constant,rotation_shear,restricted,exact_null,1,0.0,1,0.045454545454545456,21.58104714937856,21.58104714937856,11.231762682559687,2,6,0.22612623858599626
E2_20260824T221722Z_2ba66f02,2ba66f0209fe1cdec97b8cf5862494c22fb94704318f9601a7a1f9eb4b783796,direct_only|constant|rotation_shear,direct_only,constant,rotation_shear,restricted,exact_null,2,0.0,2,0.09090909090909091,17.23673866245421,17.23673866245421,13.275461334867387,1,5,0.34550522711438436
E2_20260824T221722Z_2ba66f02,2ba66f0209fe1cdec97b8cf5862494c22fb94704318f9601a7a1f9eb4b783796,direct_only|constant|rotation_shear,direct_only,constant,rotation_shear,restricted,exact_null,3,0.0,1,0.045454545454545456,7.832212398531035,7.832212398531035,11.228813154854596,1,5,0.3685155621630404
E2_20260824T221722Z_2ba66f02,2ba66f0209fe1cdec97b8cf5862494c22fb94704318f9601a7a1f9eb4b783796,direct_only|constant|rotation_shear,direct_only,constant,rotation_shear,restricted,exact_null,4,0.0,2,0.09090909090909091,19.20785498625299,19.20785498625299,15.610834161903526,1,6,0.26470182060758873
E2_20260824T221722Z_2ba66f02,2ba66f0209fe1cdec97b8cf5862494c22fb94704318f9601a7a1f9eb4b783796,direct_only|constant|rotation_shear,direct_only,constant,rotation_shear,restricted,exact_null,5,0.0,1,0.045454545454545456,34.42962911580797,34.42962911580797,11.888676933453787,2,6,0.24994409707912785
E2_20260824T221722Z_2ba66f02,2ba66f0209fe1cdec97b8cf5862494c22fb94704318f9601a7a1f9eb4b783796,direct_only|constant|rotation_shear,direct_only,constant,rotation_shear,restricted,exact_null,6,0.0,2,0.09090909090909091,22.07894391743645,22.07894391743645,14.25620270484178,1,5,0.2895616642668635
E2_20260824T221722Z_2ba66f02,2ba66f0209fe1cdec97b8cf5862494c22fb94704318f9601a7a1f9eb4b783796,direct_only|constant|rotation_shear,direct_only,constant,rotation_shear,restricted,exact_null,7,0.0,1,0.045454545454545456,21.69134020584938,21.69134020584938,11.10830860822079,1,5,0.34560664068238794
E2_20260824T221722Z_2ba66f02,2ba66f0209fe1cdec97b8cf5862494c22fb94704318f9601a7a1f9eb4b783796,direct_only|constant|rotation_shear,direct_only,constant,rotation_shear,restricted,exact_null,8,0.0,0,0.0,30.13951784403362,30.13951784403362,11.353808069846886,1,5,0.4235841949585949
E2_20260824T221722Z_2ba66f02,2ba66f0209fe1cdec97b8cf5862494c22fb94704318f9601a7a1f9eb4b783796,direct_only|constant|rotation_shear,direct_only,constant,rotation_shear,restricted,exact_null,9,0.0,0,0.0,22.188970774529032,22.188970774529032,12.205537317980918,1,4,0.4441111603552683
E2_20260824T221722Z_2ba66f02,2ba66f0209fe1cdec97b8cf5862494c22fb94704318f9601a7a1f9eb4b783796,direct_only|constant|rotation_shear,direct_only,constant,rotation_shear,restricted,exact_null,10,0.0,1,0.045454545454545456,23.326188364944773,23.326188364944773,12.202961130344203,1,5,0.37422051866477885
E2_20260824T221722Z_2ba66f02,2ba66f0209fe1cdec97b8cf5862494c22fb94704318f9601a7a1f9eb4b783796,direct_only|constant|rotation_shear,direct_only,constant,rotation_shear,restricted,exact_null,11,0.0,0,0.0,21.876539960890835,21.876539960890835,8.202582991778115,1,4,0.5053022403630324
E2_20260824T221722Z_2ba66f02,2ba66f0209fe1cdec97b8cf5862494c22fb94704318f9601a7a1f9eb4b783796,direct_only|constant|rotation_shear,direct_only,constant,rotation_shear,restricted,near_null,0,1.0504596045614965,0,0.0,3.7591199546719323,3.7591199546719323,3.1465148141931887,0,4,0.33336260390879513
E2_20260824T221722Z_2ba66f02,2ba66f0209fe1cdec97b8cf5862494c22fb94704318f9601a7a1f9eb4b783796,direct_only|constant|rotation_shear,direct_only,constant,rotation_shear,restricted,near_null,1,1.0504211814244442,1,0.045454545454545456,10.582121104605438,10.582121104605438,5.099058307730395,0,4,0.3333626039087947
E2_20260824T221722Z_2ba66f02,2ba66f0209fe1cdec97b8cf5862494c22fb94704318f9601a7a1f9eb4b783796,direct_only|constant|rotation_shear,direct_only,constant,rotation_shear,restricted,near_null,2,1.030881592979915,2,0.09090909090909091,15.994949219597462,15.994949219597462,6.662340808647187,0,4,0.3333626039087943
E2_20260824T221722Z_2ba66f02,2ba66f0209fe1cdec97b8cf5862494c22fb94704318f9601a7a1f9eb4b783796,direct_only|constant|rotation_shear,direct_only,constant,rotation_shear,restricted,near_null,3,0.9433524010973492,0,0.0,3.759119954736858,3.759119954736858,3.146514814243127,1,4,0.3241096083903636
E2_20260824T221722Z_2ba66f02,2ba66f0209fe1cdec97b8cf5862494c22fb94704318f9601a7a1f9eb4b783796,direct_only|constant|rotation_shear,direct_only,constant,rotation_shear,restricted,near_null,4,0.9433178956690215,1,0.045454545454545456,10.582121104540473,10.582121104540473,5.099058307786452,1,4,0.324109608390364
E2_20260824T221722Z_2ba66f02,2ba66f0209fe1cdec97b8cf5862494c22fb94704318f9601a7a1f9eb4b783796,direct_only|constant|rotation_shear,direct_only,constant,rotation_shear,restricted,near_null,5,0.9257706072292203,2,0.09090909090909091,15.994949219597494,15.994949219597494,6.662340808647164,1,4,0.32410960839036435
E2_20260824T221722Z_2ba66f02,2ba66f0209fe1cdec97b8cf5862494c22fb94704318f9601a7a1f9eb4b783796,direct_only|constant|rotation_shear,direct_only,constant,rotation_shear,restricted,near_null,6,0.5458540125833022,2,0.09090909090909091,25.985623183340053,25.985623183340053,7.369524120728304,0,4,0.33336260390879424
E2_20260824T221722Z_2ba66f02,2ba66f0209fe1cdec97b8cf5862494c22fb94704318f9601a7a1f9eb4b783796,direct_only|constant|rotation_shear,direct_only,constant,rotation_shear,restricted,near_null,7,0.4901975203835039,2,0.09090909090909091,25.985623183340056,25.985623183340056,7.36952412072831,1,4,0.3241096083903646
E2_20260824T221722Z_2ba66f02,2ba66f0209fe1cdec97b8cf5862494c22fb94704318f9601a7a1f9eb4b783796,direct_only|constant|rotation_shear,direct_only,constant,rotation_shear,restricted,near_null,8,0.0481639031773524,1,0.045454545454545456,33.14219249060114,33.14219249060114,4.725485692017367,0,4,0.333362603908792
E2_20260824T221722Z_2ba66f02,2ba66f0209fe1cdec97b8cf5862494c22fb94704318f9601a7a1f9eb4b783796,direct_only|constant|rotation_shear,direct_only,constant,rotation_shear,restricted,near_null,9,0.043253004219560014,1,0.045454545454545456,33.14219249060116,33.14219249060116,4.725485692017381,1,4,0.3241096083903661
E2_20260824T221722Z_2ba66f02,2ba66f0209fe1cdec97b8cf5862494c22fb94704318f9601a7a1f9eb4b783796,direct_only|constant|rotation_shear,direct_only,constant,rotation_shear,restricted,near_null,10,0.0008536897608141102,0,0.0,39.53599404718397,39.53599404718397,2.914366346298149,0,4,0.3333626039092226
E2_20260824T221722Z_2ba66f02,2ba66f0209fe1cdec97b8cf5862494c22fb94704318f9601a7a1f9eb4b783796,direct_only|constant|rotation_shear,direct_only,constant,rotation_shear,restricted,near_null,11,0.0007666456493512069,0,0.0,39.53599404718396,39.53599404718396,2.9143663462981606,1,4,0.3241096083899244
E2_20260824T221722Z_2ba66f02,2ba66f0209fe1cdec97b8cf5862494c22fb94704318f9601a7a1f9eb4b783796,direct_only|constant|rotation_shear,direct_only,constant,rotation_shear,full,exact_null,0,0.0,1,0.045454545454545456,4.008377046870312,4.008377046870312,0.4483067587860125,3,2,0.6453197253292413
E2_20260824T221722Z_2ba66f02,2ba66f0209fe1cdec97b8cf5862494c22fb94704318f9601a7a1f9eb4b783796,direct_only|constant|rotation_shear,direct_only,constant,rotation_shear,full,exact_null,1,0.0,1,0.045454545454545456,5.008377046870312,5.008377046870312,0.4483067587860125,3,2,0.6453197253292413
E2_20260824T221722Z_2ba66f02,2ba66f0209fe1cdec97b8cf5862494c22fb94704318f9601a7a1f9eb4b783796,direct_only|constant|rotation_shear,direct_only,constant,rotation_shear,full,exact_null,2,0.0,1,0.045454545454545456,6.0083770468703115,6.0083770468703115,0.4483067587860125,3,2,0.6453197253292413
E2_20260824T221722Z_2ba66f02,2ba66f0209fe1cdec97b8cf5862494c22fb94704318f9601a7a1f9eb4b783796,direct_only|constant|rotation_shear,direct_only,constant,rotation_shear,full,exact_null,3,0.0,1,0.045454545454545456,7.0083770468703115,7.0083770468703115,0.4483067587860125,3,2,0.6453197253292413
E2_20260824T221722Z_2ba66f02,2ba66f0209fe1cdec97b8cf5862494c22fb94704318f9601a7a1f9eb4b783796,direct_only|constant|rotation_shear,direct_only,constant,rotation_shear,full,exact_null,4,0.0,1,0.045454545454545456,8.008377046870311,8.008377046870311,0.4483067587860125,3,2,0.6453197253292413
E2_20260824T221722Z_2ba66f02,2ba66f0209fe1cdec97b8cf5862494c22fb94704318f9601a7a1f9eb4b783796,direct_only|constant|rotation_shear,direct_only,constant,rotation_shear,full,exact_null,5,0.0,1,0.045454545454545456,9.008377046870311,9.008377046870311,0.4483067587860125,3,2,0.6453197253292413
E2_20260824T221722Z_2ba66f02,2ba66f0209fe1cdec97b8cf5862494c22fb94704318f9601a7a1f9eb4b783796,direct_only|constant|rotation_shear,direct_only,constant,rotation_shear,full,exact_null,6,0.0,1,0.045454545454545456,10.008377046870313,10.008377046870313,0.4483067587860125,3,2,0.6453197253292413
E2_20260824T221722Z_2ba66f02,2ba66f0209fe1cdec97b8cf5862494c22fb94704318f9601a7a1f9eb4b783796,direct_only|constant|rotation_shear,direct_only,constant,rotation_shear,full,exact_null,7,0.0,1,0.045454545454545456,11.008377046870313,11.008377046870313,0.4483067587860125,3,2,0.6453197253292413
E2_20260824T221722Z_2ba66f02,2ba66f0209fe1cdec97b8cf5862494c22fb94704318f9601a7a1f9eb4b783796,direct_only|constant|rotation_shear,direct_only,constant,rotation_shear,full,exact_null,8,0.0,1,0.045454545454545456,12.00837704687031,12.00837704687031,0.44830675878601256,3,2,0.6453197253292413
E2_20260824T221722Z_2ba66f02,2ba66f0209fe1cdec97b8cf5862494c22fb94704318f9601a7a1f9eb4b783796,direct_only|constant|rotation_shear,direct_only,constant,rotation_shear,full,exact_null,9,0.0,1,0.045454545454545456,13.008377046870311,13.008377046870311,0.4483067587860125,3,2,0.6453197253292413
E2_20260824T221722Z_2ba66f02,2ba66f0209fe1cdec97b8cf5862494c22fb94704318f9601a7a1f9eb4b783796,direct_only|constant|rotation_shear,direct_only,constant,rotation_shear,full,exact_null,10,0.0,1,0.045454545454545456,14.008377046870311,14.008377046870311,0.4483067587860125,3,2,0.6453197253292413
E2_20260824T221722Z_2ba66f02,2ba66f0209fe1cdec97b8cf5862494c22fb94704318f9601a7a1f9eb4b783796,direct_only|constant|rotation_shear,direct_only,constant,rotation_shear,full,exact_null,11,0.0,1,0.045454545454545456,15.008377046870313,15.008377046870313,0.4483067587860125,3,2,0.6453197253292413
E2_20260824T221722Z_2ba66f02,2ba66f0209fe1cdec97b8cf5862494c22fb94704318f9601a7a1f9eb4b783796,direct_only|constant|rotation_shear,direct_only,constant,rotation_shear,full,exact_null,12,0.0,1,0.045454545454545456,16.00837704687031,16.00837704687031,0.4483067587860125,3,2,0.6453197253292413
E2_20260824T221722Z_2ba66f02,2ba66f0209fe1cdec97b8cf5862494c22fb94704318f9601a7a1f9eb4b783796,direct_only|constant|rotation_shear,direct_only,constant,rotation_shear,full,exact_null,13,0.0,1,0.045454545454545456,17.00837704687031,17.00837704687031,0.4483067587860125,3,2,0.6453197253292413
E2_20260824T221722Z_2ba66f02,2ba66f0209fe1cdec97b8cf5862494c22fb94704318f9601a7a1f9eb4b783796,direct_only|constant|rotation_shear,direct_only,constant,rotation_shear,full,exact_null,14,0.0,1,0.045454545454545456,18.00837704687031,18.00837704687031,0.4483067587860125,3,2,0.6453197253292413
E2_20260824T221722Z_2ba66f02,2ba66f0209fe1cdec97b8cf5862494c22fb94704318f9601a7a1f9eb4b783796,direct_only|constant|rotation_shear,direct_only,constant,rotation_shear,full,exact_null,15,0.0,1,0.045454545454545456,19.008377046870315,19.008377046870315,0.4483067587860125,3,2,0.6453197253292413
E2_20260824T221722Z_2ba66f02,2ba66f0209fe1cdec97b8cf5862494c22fb94704318f9601a7a1f9eb4b783796,direct_only|constant|rotation_shear,direct_only,constant,rotation_shear,full,exact_null,16,0.0,0,0.0,19.993022051562836,19.993022051562836,0.373526401741514,3,2,0.6455449700619672
E2_20260824T221722Z_2ba66f02,2ba66f0209fe1cdec97b8cf5862494c22fb94704318f9601a7a1f9eb4b783796,direct_only|constant|rotation_shear,direct_only,constant,rotation_shear,full,exact_null,17,0.0,0,0.0,20.993022051562836,20.993022051562836,0.373526401741514,3,2,0.6455449700619672
E2_20260824T221722Z_2ba66f02,2ba66f0209fe1cdec97b8cf5862494c22fb94704318f9601a7a1f9eb4b783796,direct_only|constant|rotation_shear,direct_only,constant,rotation_shear,full,exact_null,18,0.0,0,0.0,21.993022051562836,21.993022051562836,0.373526401741514,3,2,0.6455449700619672
E2_20260824T221722Z_2ba66f02,2ba66f0209fe1cdec97b8cf5862494c22fb94704318f9601a7a1f9eb4b783796,direct_only|constant|rotation_shear,direct_only,constant,rotation_shear,full,exact_null,19,0.0,0,0.0,22.993022051562836,22.993022051562836,0.373526401741514,3,2,0.6455449700619672
E2_20260824T221722Z_2ba66f02,2ba66f0209fe1cdec97b8cf5862494c22fb94704318f9601a7a1f9eb4b783796,direct_only|constant|rotation_shear,direct_only,constant,rotation_shear,full,exact_null,20,0.0,4,0.18181818181818182,24.0,24.0,0.0,0,1,1.0
E2_20260824T221722Z_2ba66f02,2ba66f0209fe1cdec97b8cf5862494c22fb94704318f9601a7a1f9eb4b783796,direct_only|constant|rotation_shear,direct_only,constant,rotation_shear,full,exact_null,21,0.0,0,0.0,25.0,25.0,0.0,0,1,1.0
E2_20260824T221722Z_2ba66f02,2ba66f0209fe1cdec97b8cf5862494c22fb94704318f9601a7a1f9eb4b783796,direct_only|constant|rotation_shear,direct_only,constant,rotation_shear,full,exact_null,22,0.0,0,0.0,26.0,26.0,0.0,0,1,1.0
E2_20260824T221722Z_2ba66f02,2ba66f0209fe1cdec97b8cf5862494c22fb94704318f9601a7a1f9eb4b783796,direct_only|constant|rotation_shear,direct_only,constant,rotation_shear,full,exact_null,23,0.0,5,0.22727272727272727,27.0,27.0,0.0,0,1,1.0
E2_20260824T221722Z_2ba66f02,2ba66f0209fe1cdec97b8cf5862494c22fb94704318f9601a7a1f9eb4b783796,direct_only|constant|rotation_shear,direct_only,constant,rotation_shear,full,exact_null,24,0.0,5,0.22727272727272727,28.0,28.0,0.0,0,1,1.0
E2_20260824T221722Z_2ba66f02,2ba66f0209fe1cdec97b8cf5862494c22fb94704318f9601a7a1f9eb4b783796,direct_only|constant|rotation_shear,direct_only,constant,rotation_shear,full,exact_null,25,0.0,2,0.09090909090909091,29.0,29.0,0.0,0,1,1.0
E2_20260824T221722Z_2ba66f02,2ba66f0209fe1cdec97b8cf5862494c22fb94704318f9601a7a1f9eb4b783796,direct_only|constant|rotation_shear,direct_only,constant,rotation_shear,full,exact_null,26,0.0,2,0.09090909090909091,30.0,30.0,0.0,0,1,1.0
E2_20260824T221722Z_2ba66f02,2ba66f0209fe1cdec97b8cf5862494c22fb94704318f9601a7a1f9eb4b783796,direct_only|constant|rotation_shear,direct_only,constant,rotation_shear,full,exact_null,27,0.0,4,0.18181818181818182,31.0,31.0,0.0,0,1,1.0
E2_20260824T221722Z_2ba66f02,2ba66f0209fe1cdec97b8cf5862494c22fb94704318f9601a7a1f9eb4b783796,direct_only|constant|rotation_shear,direct_only,constant,rotation_shear,full,exact_null,28,0.0,3,0.13636363636363635,32.0,32.0,0.0,0,1,1.0
E2_20260824T221722Z_2ba66f02,2ba66f0209fe1cdec97b8cf5862494c22fb94704318f9601a7a1f9eb4b783796,direct_only|constant|rotation_shear,direct_only,constant,rotation_shear,full,exact_null,29,0.0,0,0.0,33.0,33.0,0.0,0,1,1.0
E2_20260824T221722Z_2ba66f02,2ba66f0209fe1cdec97b8cf5862494c22fb94704318f9601a7a1f9eb4b783796,direct_only|constant|rotation_shear,direct_only,constant,rotation_shear,full,exact_null,30,0.0,3,0.13636363636363635,34.0,34.0,0.0,0,1,1.0
E2_20260824T221722Z_2ba66f02,2ba66f0209fe1cdec97b8cf5862494c22fb94704318f9601a7a1f9eb4b783796,direct_only|constant|rotation_shear,direct_only,constant,rotation_shear,full,exact_null,31,0.0,3,0.13636363636363635,35.0,35.0,0.0,0,1,1.0
E2_20260824T221722Z_2ba66f02,2ba66f0209fe1cdec97b8cf5862494c22fb94704318f9601a7a1f9eb4b783796,direct_only|constant|rotation_shear,direct_only,constant,rotation_shear,full,exact_null,32,0.0,1,0.045454545454545456,36.0,36.0,0.0,0,1,1.0
E2_20260824T221722Z_2ba66f02,2ba66f0209fe1cdec97b8cf5862494c22fb94704318f9601a7a1f9eb4b783796,direct_only|constant|rotation_shear,direct_only,constant,rotation_shear,full,exact_null,33,0.0,4,0.18181818181818182,37.0,37.0,0.0,0,1,1.0
E2_20260824T221722Z_2ba66f02,2ba66f0209fe1cdec97b8cf5862494c22fb94704318f9601a7a1f9eb4b783796,direct_only|constant|rotation_shear,direct_only,constant,rotation_shear,full,exact_null,34,0.0,5,0.22727272727272727,38.0,38.0,0.0,0,1,1.0
E2_20260824T221722Z_2ba66f02,2ba66f0209fe1cdec97b8cf5862494c22fb94704318f9601a7a1f9eb4b783796,direct_only|constant|rotation_shear,direct_only,constant,rotation_shear,full,exact_null,35,0.0,5,0.22727272727272727,39.0,39.0,0.0,0,1,1.0
E2_20260824T221722Z_2ba66f02,2ba66f0209fe1cdec97b8cf5862494c22fb94704318f9601a7a1f9eb4b783796,direct_only|constant|rotation_shear,direct_only,constant,rotation_shear,full,exact_null,36,0.0,2,0.09090909090909091,40.0,40.0,0.0,0,1,1.0
E2_20260824T221722Z_2ba66f02,2ba66f0209fe1cdec97b8cf5862494c22fb94704318f9601a7a1f9eb4b783796,direct_only|constant|rotation_shear,direct_only,constant,rotation_shear,full,exact_null,37,0.0,0,0.0,41.0,41.0,0.0,0,1,1.0
E2_20260824T221722Z_2ba66f02,2ba66f0209fe1cdec97b8cf5862494c22fb94704318f9601a7a1f9eb4b783796,direct_only|constant|rotation_shear,direct_only,constant,rotation_shear,full,exact_null,38,0.0,4,0.18181818181818182,42.0,42.0,0.0,0,1,1.0
E2_20260824T221722Z_2ba66f02,2ba66f0209fe1cdec97b8cf5862494c22fb94704318f9601a7a1f9eb4b783796,direct_only|constant|rotation_shear,direct_only,constant,rotation_shear,full,exact_null,39,0.0,3,0.13636363636363635,43.0,43.0,0.0,0,1,1.0
E2_20260824T221722Z_2ba66f02,2ba66f0209fe1cdec97b8cf5862494c22fb94704318f9601a7a1f9eb4b783796,direct_only|constant|rotation_shear,direct_only,constant,rotation_shear,full,exact_null,40,0.0,1,0.045454545454545456,0.0033845926006999725,0.0033845926006999725,0.2849890646142877,2,1,0.9452176894149964
E2_20260824T221722Z_2ba66f02,2ba66f0209fe1cdec97b8cf5862494c22fb94704318f9601a7a1f9eb4b783796,direct_only|constant|rotation_shear,direct_only,constant,rotation_shear,full,exact_null,41,0.0,1,0.045454545454545456,1.0033845926007001,1.0033845926007001,0.2849890646142877,2,1,0.9452176894149964
E2_20260824T221722Z_2ba66f02,2ba66f0209fe1cdec97b8cf5862494c22fb94704318f9601a7a1f9eb4b783796,direct_only|constant|rotation_shear,direct_only,constant,rotation_shear,full,exact_null,42,0.0,1,0.045454545454545456,2.0033845926007,2.0033845926007,0.2849890646142877,2,1,0.9452176894149964
E2_20260824T221722Z_2ba66f02,2ba66f0209fe1cdec97b8cf5862494c22fb94704318f9601a7a1f9eb4b783796,direct_only|constant|rotation_shear,direct_only,constant,rotation_shear,full,exact_null,43,0.0,1,0.045454545454545456,3.0033845926007006,3.0033845926007006,0.2849890646142877,2,1,0.9452176894149964
E2_20260824T221722Z_2ba66f02,2ba66f0209fe1cdec97b8cf5862494c22fb94704318f9601a7a1f9eb4b783796,direct_only|constant|rotation_shear,direct_only,constant,rotation_shear,full,exact_null,44,0.0,1,0.045454545454545456,4.003384592600701,4.003384592600701,0.2849890646142877,2,1,0.9452176894149964
E2_20260824T221722Z_2ba66f02,2ba66f0209fe1cdec97b8cf5862494c22fb94704318f9601a7a1f9eb4b783796,direct_only|constant|rotation_shear,direct_only,constant,rotation_shear,full,exact_null,45,0.0,1,0.045454545454545456,5.003384592600701,5.003384592600701,0.2849890646142877,2,1,0.9452176894149964
E2_20260824T221722Z_2ba66f02,2ba66f0209fe1cdec97b8cf5862494c22fb94704318f9601a7a1f9eb4b783796,direct_only|constant|rotation_shear,direct_only,constant,rotation_shear,full,exact_null,46,0.0,1,0.045454545454545456,6.003384592600701,6.003384592600701,0.2849890646142877,2,1,0.9452176894149964
E2_20260824T221722Z_2ba66f02,2ba66f0209fe1cdec97b8cf5862494c22fb94704318f9601a7a1f9eb4b783796,direct_only|constant|rotation_shear,direct_only,constant,rotation_shear,full,exact_null,47,0.0,1,0.045454545454545456,7.003384592600701,7.003384592600701,0.2849890646142877,2,1,0.9452176894149964
E2_20260824T221722Z_2ba66f02,2ba66f0209fe1cdec97b8cf5862494c22fb94704318f9601a7a1f9eb4b783796,direct_only|constant|rotation_shear,direct_only,constant,rotation_shear,full,exact_null,48,0.0,1,0.045454545454545456,8.003384592600701,8.003384592600701,0.28498906461428763,2,1,0.9452176894149964
E2_20260824T221722Z_2ba66f02,2ba66f0209fe1cdec97b8cf5862494c22fb94704318f9601a7a1f9eb4b783796,direct_only|constant|rotation_shear,direct_only,constant,rotation_shear,full,exact_null,49,0.0,1,0.045454545454545456,9.003384592600701,9.003384592600701,0.28498906461428763,2,1,0.9452176894149964
E2_20260824T221722Z_2ba66f02,2ba66f0209fe1cdec97b8cf5862494c22fb94704318f9601a7a1f9eb4b783796,direct_only|constant|rotation_shear,direct_only,constant,rotation_shear,full,exact_null,50,0.0,1,0.045454545454545456,10.0033845926007,10.0033845926007,0.2849890646142877,2,1,0.9452176894149964
E2_20260824T221722Z_2ba66f02,2ba66f0209fe1cdec97b8cf5862494c22fb94704318f9601a7a1f9eb4b783796,direct_only|constant|rotation_shear,direct_only,constant,rotation_shear,full,exact_null,51,0.0,1,0.045454545454545456,11.003384592600701,11.003384592600701,0.28498906461428763,2,1,0.9452176894149964
E2_20260824T221722Z_2ba66f02,2ba66f0209fe1cdec97b8cf5862494c22fb94704318f9601a7a1f9eb4b783796,direct_only|constant|rotation_shear,direct_only,constant,rotation_shear,full,exact_null,52,0.0,1,0.045454545454545456,12.003384592600701,12.003384592600701,0.28498906461428763,2,1,0.9452176894149964
E2_20260824T221722Z_2ba66f02,2ba66f0209fe1cdec97b8cf5862494c22fb94704318f9601a7a1f9eb4b783796,direct_only|constant|rotation_shear,direct_only,constant,rotation_shear,full,exact_null,53,0.0,1,0.045454545454545456,13.003384592600701,13.003384592600701,0.28498906461428763,2,1,0.9452176894149964
E2_20260824T221722Z_2ba66f02,2ba66f0209fe1cdec97b8cf5862494c22fb94704318f9601a7a1f9eb4b783796,direct_only|constant|rotation_shear,direct_only,constant,rotation_shear,full,exact_null,54,0.0,1,0.045454545454545456,14.003384592600701,14.003384592600701,0.28498906461428763,2,1,0.9452176894149964
E2_20260824T221722Z_2ba66f02,2ba66f0209fe1cdec97b8cf5862494c22fb94704318f9601a7a1f9eb4b783796,direct_only|constant|rotation_shear,direct_only,constant,rotation_shear,full,exact_null,55,0.0,1,0.045454545454545456,15.003384592600701,15.003384592600701,0.28498906461428763,2,1,0.9452176894149964
E2_20260824T221722Z_2ba66f02,2ba66f0209fe1cdec97b8cf5862494c22fb94704318f9601a7a1f9eb4b783796,direct_only|constant|rotation_shear,direct_only,constant,rotation_shear,full,exact_null,56,0.0,1,0.045454545454545456,16.0033845926007,16.0033845926007,0.2849890646142877,2,1,0.9452176894149964
E2_20260824T221722Z_2ba66f02,2ba66f0209fe1cdec97b8cf5862494c22fb94704318f9601a7a1f9eb4b783796,direct_only|constant|rotation_shear,direct_only,constant,rotation_shear,full,exact_null,57,0.0,1,0.045454545454545456,17.0033845926007,17.0033845926007,0.2849890646142877,2,1,0.9452176894149964
E2_20260824T221722Z_2ba66f02,2ba66f0209fe1cdec97b8cf5862494c22fb94704318f9601a7a1f9eb4b783796,direct_only|constant|rotation_shear,direct_only,constant,rotation_shear,full,exact_null,58,0.0,1,0.045454545454545456,18.003384592600703,18.003384592600703,0.2849890646142877,2,1,0.9452176894149964
E2_20260824T221722Z_2ba66f02,2ba66f0209fe1cdec97b8cf5862494c22fb94704318f9601a7a1f9eb4b783796,direct_only|constant|rotation_shear,direct_only,constant,rotation_shear,full,exact_null,59,0.0,1,0.045454545454545456,19.003384592600703,19.003384592600703,0.2849890646142877,2,1,0.9452176894149964
E2_20260824T221722Z_2ba66f02,2ba66f0209fe1cdec97b8cf5862494c22fb94704318f9601a7a1f9eb4b783796,direct_only|constant|rotation_shear,direct_only,constant,rotation_shear,full,exact_null,60,0.0,5,0.22727272727272727,19.997180687536538,19.997180687536538,0.23745110281557108,2,1,0.945218458470783
E2_20260824T221722Z_2ba66f02,2ba66f0209fe1cdec97b8cf5862494c22fb94704318f9601a7a1f9eb4b783796,direct_only|constant|rotation_shear,direct_only,constant,rotation_shear,full,exact_null,61,0.0,5,0.22727272727272727,20.997180687536538,20.997180687536538,0.23745110281557108,2,1,0.945218458470783
E2_20260824T221722Z_2ba66f02,2ba66f0209fe1cdec97b8cf5862494c22fb94704318f9601a7a1f9eb4b783796,direct_only|constant|rotation_shear,direct_only,constant,rotation_shear,full,exact_null,62,0.0,5,0.22727272727272727,21.997180687536538,21.997180687536538,0.23745110281557108,2,1,0.945218458470783
E2_20260824T221722Z_2ba66f02,2ba66f0209fe1cdec97b8cf5862494c22fb94704318f9601a7a1f9eb4b783796,direct_only|constant|rotation_shear,direct_only,constant,rotation_shear,full,exact_null,63,0.0,5,0.22727272727272727,22.997180687536538,22.997180687536538,0.23745110281557108,2,1,0.945218458470783
E2_20260824T221722Z_2ba66f02,2ba66f0209fe1cdec97b8cf5862494c22fb94704318f9601a7a1f9eb4b783796,direct_only|constant|rotation_shear,direct_only,constant,rotation_shear,full,exact_null,64,0.0,4,0.18181818181818182,24.0,24.0,0.0,0,1,1.0
E2_20260824T221722Z_2ba66f02,2ba66f0209fe1cdec97b8cf5862494c22fb94704318f9601a7a1f9eb4b783796,direct_only|constant|rotation_shear,direct_only,constant,rotation_shear,full,exact_null,65,0.0,0,0.0,25.0,25.0,0.0,0,1,1.0
E2_20260824T221722Z_2ba66f02,2ba66f0209fe1cdec97b8cf5862494c22fb94704318f9601a7a1f9eb4b783796,direct_only|constant|rotation_shear,direct_only,constant,rotation_shear,full,exact_null,66,0.0,0,0.0,26.0,26.0,0.0,0,1,1.0
E2_20260824T221722Z_2ba66f02,2ba66f0209fe1cdec97b8cf5862494c22fb94704318f9601a7a1f9eb4b783796,direct_only|constant|rotation_shear,direct_only,constant,rotation_shear,full,exact_null,67,0.0,5,0.22727272727272727,27.0,27.0,0.0,0,1,1.0
E2_20260824T221722Z_2ba66f02,2ba66f0209fe1cdec97b8cf5862494c22fb94704318f9601a7a1f9eb4b783796,direct_only|constant|rotation_shear,direct_only,constant,rotation_shear,full,exact_null,68,0.0,5,0.22727272727272727,28.0,28.0,0.0,0,1,1.0
E2_20260824T221722Z_2ba66f02,2ba66f0209fe1cdec97b8cf5862494c22fb94704318f9601a7a1f9eb4b783796,direct_only|constant|rotation_shear,direct_only,constant,rotation_shear,full,exact_null,69,0.0,2,0.09090909090909091,29.0,29.0,0.0,0,1,1.0
E2_20260824T221722Z_2ba66f02,2ba66f0209fe1cdec97b8cf5862494c22fb94704318f9601a7a1f9eb4b783796,direct_only|constant|rotation_shear,direct_only,constant,rotation_shear,full,exact_null,70,0.0,2,0.09090909090909091,30.0,30.0,0.0,0,1,1.0
E2_20260824T221722Z_2ba66f02,2ba66f0209fe1cdec97b8cf5862494c22fb94704318f9601a7a1f9eb4b783796,direct_only|constant|rotation_shear,direct_only,constant,rotation_shear,full,exact_null,71,0.0,4,0.18181818181818182,31.0,31.0,0.0,0,1,1.0
E2_20260824T221722Z_2ba66f02,2ba66f0209fe1cdec97b8cf5862494c22fb94704318f9601a7a1f9eb4b783796,direct_only|constant|rotation_shear,direct_only,constant,rotation_shear,full,exact_null,72,0.0,3,0.13636363636363635,32.0,32.0,0.0,0,1,1.0
E2_20260824T221722Z_2ba66f02,2ba66f0209fe1cdec97b8cf5862494c22fb94704318f9601a7a1f9eb4b783796,direct_only|constant|rotation_shear,direct_only,constant,rotation_shear,full,exact_null,73,0.0,0,0.0,33.0,33.0,0.0,0,1,1.0
E2_20260824T221722Z_2ba66f02,2ba66f0209fe1cdec97b8cf5862494c22fb94704318f9601a7a1f9eb4b783796,direct_only|constant|rotation_shear,direct_only,constant,rotation_shear,full,exact_null,74,0.0,3,0.13636363636363635,34.0,34.0,0.0,0,1,1.0
E2_20260824T221722Z_2ba66f02,2ba66f0209fe1cdec97b8cf5862494c22fb94704318f9601a7a1f9eb4b783796,direct_only|constant|rotation_shear,direct_only,constant,rotation_shear,full,exact_null,75,0.0,3,0.13636363636363635,35.0,35.0,0.0,0,1,1.0
E2_20260824T221722Z_2ba66f02,2ba66f0209fe1cdec97b8cf5862494c22fb94704318f9601a7a1f9eb4b783796,direct_only|constant|rotation_shear,direct_only,constant,rotation_shear,full,exact_null,76,0.0,1,0.045454545454545456,36.0,36.0,0.0,0,1,1.0
E2_20260824T221722Z_2ba66f02,2ba66f0209fe1cdec97b8cf5862494c22fb94704318f9601a7a1f9eb4b783796,direct_only|constant|rotation_shear,direct_only,constant,rotation_shear,full,exact_null,77,0.0,4,0.18181818181818182,37.0,37.0,0.0,0,1,1.0
E2_20260824T221722Z_2ba66f02,2ba66f0209fe1cdec97b8cf5862494c22fb94704318f9601a7a1f9eb4b783796,direct_only|constant|rotation_shear,direct_only,constant,rotation_shear,full,exact_null,78,0.0,5,0.22727272727272727,38.0,38.0,0.0,0,1,1.0
E2_20260824T221722Z_2ba66f02,2ba66f0209fe1cdec97b8cf5862494c22fb94704318f9601a7a1f9eb4b783796,direct_only|constant|rotation_shear,direct_only,constant,rotation_shear,full,exact_null,79,0.0,5,0.22727272727272727,39.0,39.0,0.0,0,1,1.0
E2_20260824T221722Z_2ba66f02,2ba66f0209fe1cdec97b8cf5862494c22fb94704318f9601a7a1f9eb4b783796,direct_only|constant|rotation_shear,direct_only,constant,rotation_shear,full,exact_null,80,0.0,2,0.09090909090909091,40.0,40.0,0.0,0,1,1.0
E2_20260824T221722Z_2ba66f02,2ba66f0209fe1cdec97b8cf5862494c22fb94704318f9601a7a1f9eb4b783796,direct_only|constant|rotation_shear,direct_only,constant,rotation_shear,full,exact_null,81,0.0,0,0.0,41.0,41.0,0.0,0,1,1.0
E2_20260824T221722Z_2ba66f02,2ba66f0209fe1cdec97b8cf5862494c22fb94704318f9601a7a1f9eb4b783796,direct_only|constant|rotation_shear,direct_only,constant,rotation_shear,full,exact_null,82,0.0,4,0.18181818181818182,42.0,42.0,0.0,0,1,1.0
E2_20260824T221722Z_2ba66f02,2ba66f0209fe1cdec97b8cf5862494c22fb94704318f9601a7a1f9eb4b783796,direct_only|constant|rotation_shear,direct_only,constant,rotation_shear,full,exact_null,83,0.0,3,0.13636363636363635,43.0,43.0,0.0,0,1,1.0
E2_20260824T221722Z_2ba66f02,2ba66f0209fe1cdec97b8cf5862494c22fb94704318f9601a7a1f9eb4b783796,direct_only|constant|rotation_shear,direct_only,constant,rotation_shear,full,exact_null,84,0.0,0,0.0,0.8139945947493148,0.8139945947493148,4.344339198739258,2,1,0.9321617563362001
E2_20260824T221722Z_2ba66f02,2ba66f0209fe1cdec97b8cf5862494c22fb94704318f9601a7a1f9eb4b783796,direct_only|constant|rotation_shear,direct_only,constant,rotation_shear,full,exact_null,85,0.0,0,0.0,1.8139945947493148,1.8139945947493148,4.344339198739258,2,1,0.9321617563362001
E2_20260824T221722Z_2ba66f02,2ba66f0209fe1cdec97b8cf5862494c22fb94704318f9601a7a1f9eb4b783796,direct_only|constant|rotation_shear,direct_only,constant,rotation_shear,full,exact_null,86,0.0,0,0.0,2.813994594749315,2.813994594749315,4.344339198739258,2,1,0.9321617563362001
E2_20260824T221722Z_2ba66f02,2ba66f0209fe1cdec97b8cf5862494c22fb94704318f9601a7a1f9eb4b783796,direct_only|constant|rotation_shear,direct_only,constant,rotation_shear,full,exact_null,87,0.0,0,0.0,3.813994594749315,3.813994594749315,4.344339198739258,2,1,0.9321617563362001
E2_20260824T221722Z_2ba66f02,2ba66f0209fe1cdec97b8cf5862494c22fb94704318f9601a7a1f9eb4b783796,direct_only|constant|rotation_shear,direct_only,constant,rotation_shear,full,exact_null,88,0.0,0,0.0,4.813994594749315,4.813994594749315,4.344339198739258,2,1,0.9321617563362001
E2_20260824T221722Z_2ba66f02,2ba66f0209fe1cdec97b8cf5862494c22fb94704318f9601a7a1f9eb4b783796,direct_only|constant|rotation_shear,direct_only,constant,rotation_shear,full,exact_null,89,0.0,0,0.0,5.813994594749316,5.813994594749316,4.344339198739257,2,1,0.9321617563362001
E2_20260824T221722Z_2ba66f02,2ba66f0209fe1cdec97b8cf5862494c22fb94704318f9601a7a1f9eb4b783796,direct_only|constant|rotation_shear,direct_only,constant,rotation_shear,full,exact_null,90,0.0,0,0.0,6.813994594749315,6.813994594749315,4.344339198739258,2,1,0.9321617563362001
E2_20260824T221722Z_2ba66f02,2ba66f0209fe1cdec97b8cf5862494c22fb94704318f9601a7a1f9eb4b783796,direct_only|constant|rotation_shear,direct_only,constant,rotation_shear,full,exact_null,91,0.0,0,0.0,7.813994594749315,7.813994594749315,4.344339198739258,2,1,0.9321617563362001
E2_20260824T221722Z_2ba66f02,2ba66f0209fe1cdec97b8cf5862494c22fb94704318f9601a7a1f9eb4b783796,direct_only|constant|rotation_shear,direct_only,constant,rotation_shear,full,exact_null,92,0.0,0,0.0,8.813994594749316,8.813994594749316,4.344339198739257,2,1,0.9321617563362001
E2_20260824T221722Z_2ba66f02,2ba66f0209fe1cdec97b8cf5862494c22fb94704318f9601a7a1f9eb4b783796,direct_only|constant|rotation_shear,direct_only,constant,rotation_shear,full,exact_null,93,0.0,0,0.0,9.813994594749316,9.813994594749316,4.344339198739257,2,1,0.9321617563362001
E2_20260824T221722Z_2ba66f02,2ba66f0209fe1cdec97b8cf5862494c22fb94704318f9601a7a1f9eb4b783796,direct_only|constant|rotation_shear,direct_only,constant,rotation_shear,full,exact_null,94,0.0,0,0.0,10.813994594749316,10.813994594749316,4.344339198739257,2,1,0.9321617563362001
E2_20260824T221722Z_2ba66f02,2ba66f0209fe1cdec97b8cf5862494c22fb94704318f9601a7a1f9eb4b783796,direct_only|constant|rotation_shear,direct_only,constant,rotation_shear,full,exact_null,95,0.0,0,0.0,11.813994594749314,11.813994594749314,4.344339198739257,2,1,0.9321617563362001
E2_20260824T221722Z_2ba66f02,2ba66f0209fe1cdec97b8cf5862494c22fb94704318f9601a7a1f9eb4b783796,direct_only|constant|rotation_shear,direct_only,constant,rotation_shear,full,exact_null,96,0.0,0,0.0,12.813994594749316,12.813994594749316,4.344339198739257,2,1,0.9321617563362001
E2_20260824T221722Z_2ba66f02,2ba66f0209fe1cdec97b8cf5862494c22fb94704318f9601a7a1f9eb4b783796,direct_only|constant|rotation_shear,direct_only,constant,rotation_shear,full,exact_null,97,0.0,0,0.0,13.813994594749316,13.813994594749316,4.344339198739257,2,1,0.9321617563362001
E2_20260824T221722Z_2ba66f02,2ba66f0209fe1cdec97b8cf5862494c22fb94704318f9601a7a1f9eb4b783796,direct_only|constant|rotation_shear,direct_only,constant,rotation_shear,full,exact_null,98,0.0,0,0.0,14.813994594749314,14.813994594749314,4.344339198739257,2,1,0.9321617563362001
E2_20260824T221722Z_2ba66f02,2ba66f0209fe1cdec97b8cf5862494c22fb94704318f9601a7a1f9eb4b783796,direct_only|constant|rotation_shear,direct_only,constant,rotation_shear,full,exact_null,99,0.0,0,0.0,15.813994594749314,15.813994594749314,4.344339198739257,2,1,0.9321617563362001
E2_20260824T221722Z_2ba66f02,2ba66f0209fe1cdec97b8cf5862494c22fb94704318f9601a7a1f9eb4b783796,direct_only|constant|rotation_shear,direct_only,constant,rotation_shear,full,exact_null,100,0.0,0,0.0,16.813994594749314,16.813994594749314,4.344339198739257,2,1,0.9321617563362001
E2_20260824T221722Z_2ba66f02,2ba66f0209fe1cdec97b8cf5862494c22fb94704318f9601a7a1f9eb4b783796,direct_only|constant|rotation_shear,direct_only,constant,rotation_shear,full,exact_null,101,0.0,0,0.0,17.813994594749314,17.813994594749314,4.344339198739257,2,1,0.9321617563362001
E2_20260824T221722Z_2ba66f02,2ba66f0209fe1cdec97b8cf5862494c22fb94704318f9601a7a1f9eb4b783796,direct_only|constant|rotation_shear,direct_only,constant,rotation_shear,full,exact_null,102,0.0,0,0.0,18.813994594749317,18.813994594749317,4.344339198739258,2,1,0.9321617563362001
E2_20260824T221722Z_2ba66f02,2ba66f0209fe1cdec97b8cf5862494c22fb94704318f9601a7a1f9eb4b783796,direct_only|constant|rotation_shear,direct_only,constant,rotation_shear,full,exact_null,103,0.0,0,0.0,19.813994594749314,19.813994594749314,4.344339198739257,2,1,0.9321617563362001
E2_20260824T221722Z_2ba66f02,2ba66f0209fe1cdec97b8cf5862494c22fb94704318f9601a7a1f9eb4b783796,direct_only|constant|rotation_shear,direct_only,constant,rotation_shear,full,exact_null,104,0.0,1,0.045454545454545456,19.321955290661922,19.321955290661922,3.619708004436125,2,1,0.9321644008401527
E2_20260824T221722Z_2ba66f02,2ba66f0209fe1cdec97b8cf5862494c22fb94704318f9601a7a1f9eb4b783796,direct_only|constant|rotation_shear,direct_only,constant,rotation_shear,full,exact_null,105,0.0,1,0.045454545454545456,20.321955290661922,20.321955290661922,3.619708004436125,2,1,0.9321644008401527
E2_20260824T221722Z_2ba66f02,2ba66f0209fe1cdec97b8cf5862494c22fb94704318f9601a7a1f9eb4b783796,direct_only|constant|rotation_shear,direct_only,constant,rotation_shear,full,exact_null,106,0.0,1,0.045454545454545456,21.321955290661922,21.321955290661922,3.619708004436125,2,1,0.9321644008401527
E2_20260824T221722Z_2ba66f02,2ba66f0209fe1cdec97b8cf5862494c22fb94704318f9601a7a1f9eb4b783796,direct_only|constant|rotation_shear,direct_only,constant,rotation_shear,full,exact_null,107,0.0,1,0.045454545454545456,22.321955290661922,22.321955290661922,3.619708004436125,2,1,0.9321644008401527
E2_20260824T221722Z_2ba66f02,2ba66f0209fe1cdec97b8cf5862494c22fb94704318f9601a7a1f9eb4b783796,direct_only|constant|rotation_shear,direct_only,constant,rotation_shear,full,exact_null,108,0.0,4,0.18181818181818182,24.0,24.0,0.0,0,1,1.0
E2_20260824T221722Z_2ba66f02,2ba66f0209fe1cdec97b8cf5862494c22fb94704318f9601a7a1f9eb4b783796,direct_only|constant|rotation_shear,direct_only,constant,rotation_shear,full,exact_null,109,0.0,0,0.0,25.0,25.0,0.0,0,1,1.0
E2_20260824T221722Z_2ba66f02,2ba66f0209fe1cdec97b8cf5862494c22fb94704318f9601a7a1f9eb4b783796,direct_only|constant|rotation_shear,direct_only,constant,rotation_shear,full,exact_null,110,0.0,0,0.0,26.0,26.0,0.0,0,1,1.0
E2_20260824T221722Z_2ba66f02,2ba66f0209fe1cdec97b8cf5862494c22fb94704318f9601a7a1f9eb4b783796,direct_only|constant|rotation_shear,direct_only,constant,rotation_shear,full,exact_null,111,0.0,5,0.22727272727272727,27.0,27.0,0.0,0,1,1.0
E2_20260824T221722Z_2ba66f02,2ba66f0209fe1cdec97b8cf5862494c22fb94704318f9601a7a1f9eb4b783796,direct_only|constant|rotation_shear,direct_only,constant,rotation_shear,full,exact_null,112,0.0,5,0.22727272727272727,28.0,28.0,0.0,0,1,1.0
E2_20260824T221722Z_2ba66f02,2ba66f0209fe1cdec97b8cf5862494c22fb94704318f9601a7a1f9eb4b783796,direct_only|constant|rotation_shear,direct_only,constant,rotation_shear,full,exact_null,113,0.0,2,0.09090909090909091,29.0,29.0,0.0,0,1,1.0
E2_20260824T221722Z_2ba66f02,2ba66f0209fe1cdec97b8cf5862494c22fb94704318f9601a7a1f9eb4b783796,direct_only|constant|rotation_shear,direct_only,constant,rotation_shear,full,exact_null,114,0.0,2,0.09090909090909091,30.0,30.0,0.0,0,1,1.0
E2_20260824T221722Z_2ba66f02,2ba66f0209fe1cdec97b8cf5862494c22fb94704318f9601a7a1f9eb4b783796,direct_only|constant|rotation_shear,direct_only,constant,rotation_shear,full,exact_null,115,0.0,4,0.18181818181818182,31.0,31.0,0.0,0,1,1.0
E2_20260824T221722Z_2ba66f02,2ba66f0209fe1cdec97b8cf5862494c22fb94704318f9601a7a1f9eb4b783796,direct_only|constant|rotation_shear,direct_only,constant,rotation_shear,full,exact_null,116,0.0,3,0.13636363636363635,32.0,32.0,0.0,0,1,1.0
E2_20260824T221722Z_2ba66f02,2ba66f0209fe1cdec97b8cf5862494c22fb94704318f9601a7a1f9eb4b783796,direct_only|constant|rotation_shear,direct_only,constant,rotation_shear,full,exact_null,117,0.0,0,0.0,33.0,33.0,0.0,0,1,1.0
E2_20260824T221722Z_2ba66f02,2ba66f0209fe1cdec97b8cf5862494c22fb94704318f9601a7a1f9eb4b783796,direct_only|constant|rotation_shear,direct_only,constant,rotation_shear,full,exact_null,118,0.0,3,0.13636363636363635,34.0,34.0,0.0,0,1,1.0
E2_20260824T221722Z_2ba66f02,2ba66f0209fe1cdec97b8cf5862494c22fb94704318f9601a7a1f9eb4b783796,direct_only|constant|rotation_shear,direct_only,constant,rotation_shear,full,exact_null,119,0.0,3,0.13636363636363635,35.0,35.0,0.0,0,1,1.0
E2_20260824T221722Z_2ba66f02,2ba66f0209fe1cdec97b8cf5862494c22fb94704318f9601a7a1f9eb4b783796,direct_only|constant|rotation_shear,direct_only,constant,rotation_shear,full,exact_null,120,0.0,1,0.045454545454545456,36.0,36.0,0.0,0,1,1.0
E2_20260824T221722Z_2ba66f02,2ba66f0209fe1cdec97b8cf5862494c22fb94704318f9601a7a1f9eb4b783796,direct_only|constant|rotation_shear,direct_only,constant,rotation_shear,full,exact_null,121,0.0,4,0.18181818181818182,37.0,37.0,0.0,0,1,1.0
E2_20260824T221722Z_2ba66f02,2ba66f0209fe1cdec97b8cf5862494c22fb94704318f9601a7a1f9eb4b783796,direct_only|constant|rotation_shear,direct_only,constant,rotation_shear,full,exact_null,122,0.0,5,0.22727272727272727,38.0,38.0,0.0,0,1,1.0
E2_20260824T221722Z_2ba66f02,2ba66f0209fe1cdec97b8cf5862494c22fb94704318f9601a7a1f9eb4b783796,direct_only|constant|rotation_shear,direct_only,constant,rotation_shear,full,exact_null,123,0.0,5,0.22727272727272727,39.0,39.0,0.0,0,1,1.0
E2_20260824T221722Z_2ba66f02,2ba66f0209fe1cdec97b8cf5862494c22fb94704318f9601a7a1f9eb4b783796,direct_only|constant|rotation_shear,direct_only,constant,rotation_shear,full,exact_null,124,0.0,2,0.09090909090909091,40.0,40.0,0.0,0,1,1.0
E2_20260824T221722Z_2ba66f02,2ba66f0209fe1cdec97b8cf5862494c22fb94704318f9601a7a1f9eb4b783796,direct_only|constant|rotation_shear,direct_only,constant,rotation_shear,full,exact_null,125,0.0,0,0.0,41.0,41.0,0.0,0,1,1.0
E2_20260824T221722Z_2ba66f02,2ba66f0209fe1cdec97b8cf5862494c22fb94704318f9601a7a1f9eb4b783796,direct_only|constant|rotation_shear,direct_only,constant,rotation_shear,full,exact_null,126,0.0,4,0.18181818181818182,42.0,42.0,0.0,0,1,1.0
E2_20260824T221722Z_2ba66f02,2ba66f0209fe1cdec97b8cf5862494c22fb94704318f9601a7a1f9eb4b783796,direct_only|constant|rotation_shear,direct_only,constant,rotation_shear,full,exact_null,127,0.0,3,0.13636363636363635,43.0,43.0,0.0,0,1,1.0
E2_20260824T221722Z_2ba66f02,2ba66f0209fe1cdec97b8cf5862494c22fb94704318f9601a7a1f9eb4b783796,direct_only|constant|rotation_shear,direct_only,constant,rotation_shear,full,exact_null,128,0.0,0,0.0,8.14787274573521,8.14787274573521,11.364907197903133,3,3,0.4359558560531749
E2_20260824T221722Z_2ba66f02,2ba66f0209fe1cdec97b8cf5862494c22fb94704318f9601a7a1f9eb4b783796,direct_only|constant|rotation_shear,direct_only,constant,rotation_shear,full,exact_null,129,0.0,0,0.0,9.14787274573521,9.14787274573521,11.364907197903133,3,3,0.4359558560531749
E2_20260824T221722Z_2ba66f02,2ba66f0209fe1cdec97b8cf5862494c22fb94704318f9601a7a1f9eb4b783796,direct_only|constant|rotation_shear,direct_only,constant,rotation_shear,full,exact_null,130,0.0,0,0.0,10.14787274573521,10.14787274573521,11.364907197903133,3,3,0.4359558560531749
E2_20260824T221722Z_2ba66f02,2ba66f0209fe1cdec97b8cf5862494c22fb94704318f9601a7a1f9eb4b783796,direct_only|constant|rotation_shear,direct_only,constant,rotation_shear,full,exact_null,131,0.0,0,0.0,11.14787274573521,11.14787274573521,11.364907197903133,3,3,0.4359558560531749
E2_20260824T221722Z_2ba66f02,2ba66f0209fe1cdec97b8cf5862494c22fb94704318f9601a7a1f9eb4b783796,direct_only|constant|rotation_shear,direct_only,constant,rotation_shear,full,exact_null,132,0.0,0,0.0,12.14787274573521,12.14787274573521,11.364907197903133,3,3,0.4359558560531749
E2_20260824T221722Z_2ba66f02,2ba66f0209fe1cdec97b8cf5862494c22fb94704318f9601a7a1f9eb4b783796,direct_only|constant|rotation_shear,direct_only,constant,rotation_shear,full,exact_null,133,0.0,0,0.0,13.14787274573521,13.14787274573521,11.364907197903133,3,3,0.4359558560531749
E2_20260824T221722Z_2ba66f02,2ba66f0209fe1cdec97b8cf5862494c22fb94704318f9601a7a1f9eb4b783796,direct_only|constant|rotation_shear,direct_only,constant,rotation_shear,full,exact_null,134,0.0,0,0.0,14.147872745735212,14.147872745735212,11.36490719790313,3,3,0.4359558560531749
E2_20260824T221722Z_2ba66f02,2ba66f0209fe1cdec97b8cf5862494c22fb94704318f9601a7a1f9eb4b783796,direct_only|constant|rotation_shear,direct_only,constant,rotation_shear,full,exact_null,135,0.0,0,0.0,15.147872745735212,15.147872745735212,11.36490719790313,3,3,0.4359558560531749
E2_20260824T221722Z_2ba66f02,2ba66f0209fe1cdec97b8cf5862494c22fb94704318f9601a7a1f9eb4b783796,direct_only|constant|rotation_shear,direct_only,constant,rotation_shear,full,exact_null,136,0.0,0,0.0,16.147872745735214,16.147872745735214,11.364907197903133,3,3,0.4359558560531749
E2_20260824T221722Z_2ba66f02,2ba66f0209fe1cdec97b8cf5862494c22fb94704318f9601a7a1f9eb4b783796,direct_only|constant|rotation_shear,direct_only,constant,rotation_shear,full,exact_null,137,0.0,0,0.0,17.147872745735214,17.147872745735214,11.364907197903133,3,3,0.4359558560531749
E2_20260824T221722Z_2ba66f02,2ba66f0209fe1cdec97b8cf5862494c22fb94704318f9601a7a1f9eb4b783796,direct_only|constant|rotation_shear,direct_only,constant,rotation_shear,full,exact_null,138,0.0,0,0.0,18.147872745735214,18.147872745735214,11.364907197903133,3,3,0.4359558560531749
E2_20260824T221722Z_2ba66f02,2ba66f0209fe1cdec97b8cf5862494c22fb94704318f9601a7a1f9eb4b783796,direct_only|constant|rotation_shear,direct_only,constant,rotation_shear,full,exact_null,139,0.0,0,0.0,19.147872745735214,19.147872745735214,11.364907197903133,3,3,0.4359558560531749
E2_20260824T221722Z_2ba66f02,2ba66f0209fe1cdec97b8cf5862494c22fb94704318f9601a7a1f9eb4b783796,direct_only|constant|rotation_shear,direct_only,constant,rotation_shear,full,exact_null,140,0.0,0,0.0,20.147872745735214,20.147872745735214,11.364907197903133,3,3,0.4359558560531749
E2_20260824T221722Z_2ba66f02,2ba66f0209fe1cdec97b8cf5862494c22fb94704318f9601a7a1f9eb4b783796,direct_only|constant|rotation_shear,direct_only,constant,rotation_shear,full,exact_null,141,0.0,0,0.0,21.147872745735214,21.147872745735214,11.364907197903133,3,3,0.4359558560531749
E2_20260824T221722Z_2ba66f02,2ba66f0209fe1cdec97b8cf5862494c22fb94704318f9601a7a1f9eb4b783796,direct_only|constant|rotation_shear,direct_only,constant,rotation_shear,full,exact_null,142,0.0,0,0.0,22.147872745735214,22.147872745735214,11.364907197903133,3,3,0.4359558560531749
E2_20260824T221722Z_2ba66f02,2ba66f0209fe1cdec97b8cf5862494c22fb94704318f9601a7a1f9eb4b783796,direct_only|constant|rotation_shear,direct_only,constant,rotation_shear,full,exact_null,143,0.0,0,0.0,23.147872745735214,23.147872745735214,11.364907197903133,3,3,0.4359558560531749
E2_20260824T221722Z_2ba66f02,2ba66f0209fe1cdec97b8cf5862494c22fb94704318f9601a7a1f9eb4b783796,direct_only|constant|rotation_shear,direct_only,constant,rotation_shear,full,exact_null,144,0.0,0,0.0,24.147872745735214,24.147872745735214,11.364907197903133,3,3,0.4359558560531749
E2_20260824T221722Z_2ba66f02,2ba66f0209fe1cdec97b8cf5862494c22fb94704318f9601a7a1f9eb4b783796,direct_only|constant|rotation_shear,direct_only,constant,rotation_shear,full,exact_null,145,0.0,0,0.0,25.147872745735214,25.147872745735214,11.364907197903133,3,3,0.4359558560531749
E2_20260824T221722Z_2ba66f02,2ba66f0209fe1cdec97b8cf5862494c22fb94704318f9601a7a1f9eb4b783796,direct_only|constant|rotation_shear,direct_only,constant,rotation_shear,full,exact_null,146,0.0,0,0.0,26.147872745735214,26.147872745735214,11.364907197903133,3,3,0.4359558560531749
E2_20260824T221722Z_2ba66f02,2ba66f0209fe1cdec97b8cf5862494c22fb94704318f9601a7a1f9eb4b783796,direct_only|constant|rotation_shear,direct_only,constant,rotation_shear,full,exact_null,147,0.0,0,0.0,27.147872745735214,27.147872745735214,11.364907197903133,3,3,0.4359558560531749
E2_20260824T221722Z_2ba66f02,2ba66f0209fe1cdec97b8cf5862494c22fb94704318f9601a7a1f9eb4b783796,direct_only|constant|rotation_shear,direct_only,constant,rotation_shear,full,exact_null,148,0.0,1,0.045454545454545456,13.21295000821584,13.21295000821584,9.47039218283417,3,4,0.4359565073869673
E2_20260824T221722Z_2ba66f02,2ba66f0209fe1cdec97b8cf5862494c22fb94704318f9601a7a1f9eb4b783796,direct_only|constant|rotation_shear,direct_only,constant,rotation_shear,full,exact_null,149,0.0,1,0.045454545454545456,14.212950008215842,14.212950008215842,9.47039218283417,3,4,0.4359565073869673
E2_20260824T221722Z_2ba66f02,2ba66f0209fe1cdec97b8cf5862494c22fb94704318f9601a7a1f9eb4b783796,direct_only|constant|rotation_shear,direct_only,constant,rotation_shear,full,exact_null,150,0.0,1,0.045454545454545456,15.212950008215842,15.212950008215842,9.47039218283417,3,4,0.4359565073869673
E2_20260824T221722Z_2ba66f02,2ba66f0209fe1cdec97b8cf5862494c22fb94704318f9601a7a1f9eb4b783796,direct_only|constant|rotation_shear,direct_only,constant,rotation_shear,full,exact_null,151,0.0,1,0.045454545454545456,16.21295000821584,16.21295000821584,9.47039218283417,3,4,0.4359565073869673
E2_20260824T221722Z_2ba66f02,2ba66f0209fe1cdec97b8cf5862494c22fb94704318f9601a7a1f9eb4b783796,direct_only|constant|rotation_shear,direct_only,constant,rotation_shear,full,exact_null,152,0.0,4,0.18181818181818182,24.0,24.0,0.0,0,1,1.0
E2_20260824T221722Z_2ba66f02,2ba66f0209fe1cdec97b8cf5862494c22fb94704318f9601a7a1f9eb4b783796,direct_only|constant|rotation_shear,direct_only,constant,rotation_shear,full,exact_null,153,0.0,0,0.0,25.0,25.0,0.0,0,1,1.0
E2_20260824T221722Z_2ba66f02,2ba66f0209fe1cdec97b8cf5862494c22fb94704318f9601a7a1f9eb4b783796,direct_only|constant|rotation_shear,direct_only,constant,rotation_shear,full,exact_null,154,0.0,0,0.0,26.0,26.0,0.0,0,1,1.0
E2_20260824T221722Z_2ba66f02,2ba66f0209fe1cdec97b8cf5862494c22fb94704318f9601a7a1f9eb4b783796,direct_only|constant|rotation_shear,direct_only,constant,rotation_shear,full,exact_null,155,0.0,5,0.22727272727272727,27.0,27.0,0.0,0,1,1.0
E2_20260824T221722Z_2ba66f02,2ba66f0209fe1cdec97b8cf5862494c22fb94704318f9601a7a1f9eb4b783796,direct_only|constant|rotation_shear,direct_only,constant,rotation_shear,full,exact_null,156,0.0,5,0.22727272727272727,28.0,28.0,0.0,0,1,1.0
E2_20260824T221722Z_2ba66f02,2ba66f0209fe1cdec97b8cf5862494c22fb94704318f9601a7a1f9eb4b783796,direct_only|constant|rotation_shear,direct_only,constant,rotation_shear,full,exact_null,157,0.0,2,0.09090909090909091,29.0,29.0,0.0,0,1,1.0
E2_20260824T221722Z_2ba66f02,2ba66f0209fe1cdec97b8cf5862494c22fb94704318f9601a7a1f9eb4b783796,direct_only|constant|rotation_shear,direct_only,constant,rotation_shear,full,exact_null,158,0.0,2,0.09090909090909091,30.0,30.0,0.0,0,1,1.0
E2_20260824T221722Z_2ba66f02,2ba66f0209fe1cdec97b8cf5862494c22fb94704318f9601a7a1f9eb4b783796,direct_only|constant|rotation_shear,direct_only,constant,rotation_shear,full,exact_null,159,0.0,4,0.18181818181818182,31.0,31.0,0.0,0,1,1.0
E2_20260824T221722Z_2ba66f02,2ba66f0209fe1cdec97b8cf5862494c22fb94704318f9601a7a1f9eb4b783796,direct_only|constant|rotation_shear,direct_only,constant,rotation_shear,full,exact_null,160,0.0,3,0.13636363636363635,32.0,32.0,0.0,0,1,1.0
E2_20260824T221722Z_2ba66f02,2ba66f0209fe1cdec97b8cf5862494c22fb94704318f9601a7a1f9eb4b783796,direct_only|constant|rotation_shear,direct_only,constant,rotation_shear,full,exact_null,161,0.0,0,0.0,33.0,33.0,0.0,0,1,1.0
E2_20260824T221722Z_2ba66f02,2ba66f0209fe1cdec97b8cf5862494c22fb94704318f9601a7a1f9eb4b783796,direct_only|constant|rotation_shear,direct_only,constant,rotation_shear,full,exact_null,162,0.0,3,0.13636363636363635,34.0,34.0,0.0,0,1,1.0
E2_20260824T221722Z_2ba66f02,2ba66f0209fe1cdec97b8cf5862494c22fb94704318f9601a7a1f9eb4b783796,direct_only|constant|rotation_shear,direct_only,constant,rotation_shear,full,exact_null,163,0.0,3,0.13636363636363635,35.0,35.0,0.0,0,1,1.0
E2_20260824T221722Z_2ba66f02,2ba66f0209fe1cdec97b8cf5862494c22fb94704318f9601a7a1f9eb4b783796,direct_only|constant|rotation_shear,direct_only,constant,rotation_shear,full,exact_null,164,0.0,1,0.045454545454545456,36.0,36.0,0.0,0,1,1.0
E2_20260824T221722Z_2ba66f02,2ba66f0209fe1cdec97b8cf5862494c22fb94704318f9601a7a1f9eb4b783796,direct_only|constant|rotation_shear,direct_only,constant,rotation_shear,full,exact_null,165,0.0,4,0.18181818181818182,37.0,37.0,0.0,0,1,1.0
E2_20260824T221722Z_2ba66f02,2ba66f0209fe1cdec97b8cf5862494c22fb94704318f9601a7a1f9eb4b783796,direct_only|constant|rotation_shear,direct_only,constant,rotation_shear,full,exact_null,166,0.0,5,0.22727272727272727,38.0,38.0,0.0,0,1,1.0
E2_20260824T221722Z_2ba66f02,2ba66f0209fe1cdec97b8cf5862494c22fb94704318f9601a7a1f9eb4b783796,direct_only|constant|rotation_shear,direct_only,constant,rotation_shear,full,exact_null,167,0.0,5,0.22727272727272727,39.0,39.0,0.0,0,1,1.0
E2_20260824T221722Z_2ba66f02,2ba66f0209fe1cdec97b8cf5862494c22fb94704318f9601a7a1f9eb4b783796,direct_only|constant|rotation_shear,direct_only,constant,rotation_shear,full,exact_null,168,0.0,2,0.09090909090909091,40.0,40.0,0.0,0,1,1.0
E2_20260824T221722Z_2ba66f02,2ba66f0209fe1cdec97b8cf5862494c22fb94704318f9601a7a1f9eb4b783796,direct_only|constant|rotation_shear,direct_only,constant,rotation_shear,full,exact_null,169,0.0,0,0.0,41.0,41.0,0.0,0,1,1.0
E2_20260824T221722Z_2ba66f02,2ba66f0209fe1cdec97b8cf5862494c22fb94704318f9601a7a1f9eb4b783796,direct_only|constant|rotation_shear,direct_only,constant,rotation_shear,full,exact_null,170,0.0,4,0.18181818181818182,42.0,42.0,0.0,0,1,1.0
E2_20260824T221722Z_2ba66f02,2ba66f0209fe1cdec97b8cf5862494c22fb94704318f9601a7a1f9eb4b783796,direct_only|constant|rotation_shear,direct_only,constant,rotation_shear,full,exact_null,171,0.0,3,0.13636363636363635,43.0,43.0,0.0,0,1,1.0
E2_20260824T221722Z_2ba66f02,2ba66f0209fe1cdec97b8cf5862494c22fb94704318f9601a7a1f9eb4b783796,direct_only|constant|rotation_shear,direct_only,constant,rotation_shear,full,exact_null,172,0.0,0,0.0,15.026371020044465,15.026371020044465,11.612109130086361,2,3,0.6261036913270893
E2_20260824T221722Z_2ba66f02,2ba66f0209fe1cdec97b8cf5862494c22fb94704318f9601a7a1f9eb4b783796,direct_only|constant|rotation_shear,direct_only,constant,rotation_shear,full,exact_null,173,0.0,0,0.0,16.026371020044465,16.026371020044465,11.612109130086361,2,3,0.6261036913270893
E2_20260824T221722Z_2ba66f02,2ba66f0209fe1cdec97b8cf5862494c22fb94704318f9601a7a1f9eb4b783796,direct_only|constant|rotation_shear,direct_only,constant,rotation_shear,full,exact_null,174,0.0,0,0.0,17.026371020044465,17.026371020044465,11.612109130086361,2,3,0.6261036913270893
E2_20260824T221722Z_2ba66f02,2ba66f0209fe1cdec97b8cf5862494c22fb94704318f9601a7a1f9eb4b783796,direct_only|constant|rotation_shear,direct_only,constant,rotation_shear,full,exact_null,175,0.0,0,0.0,18.02637102004447,18.02637102004447,11.612109130086361,2,3,0.6261036913270893
E2_20260824T221722Z_2ba66f02,2ba66f0209fe1cdec97b8cf5862494c22fb94704318f9601a7a1f9eb4b783796,direct_only|constant|rotation_shear,direct_only,constant,rotation_shear,full,exact_null,176,0.0,0,0.0,19.02637102004447,19.02637102004447,11.612109130086361,2,3,0.6261036913270893
E2_20260824T221722Z_2ba66f02,2ba66f0209fe1cdec97b8cf5862494c22fb94704318f9601a7a1f9eb4b783796,direct_only|constant|rotation_shear,direct_only,constant,rotation_shear,full,exact_null,177,0.0,0,0.0,20.026371020044465,20.026371020044465,11.612109130086361,2,3,0.6261036913270893
E2_20260824T221722Z_2ba66f02,2ba66f0209fe1cdec97b8cf5862494c22fb94704318f9601a7a1f9eb4b783796,direct_only|constant|rotation_shear,direct_only,constant,rotation_shear,full,exact_null,178,0.0,0,0.0,21.026371020044465,21.026371020044465,11.612109130086361,2,3,0.6261036913270893
E2_20260824T221722Z_2ba66f02,2ba66f0209fe1cdec97b8cf5862494c22fb94704318f9601a7a1f9eb4b783796,direct_only|constant|rotation_shear,direct_only,constant,rotation_shear,full,exact_null,179,0.0,0,0.0,22.026371020044465,22.026371020044465,11.612109130086361,2,3,0.6261036913270893
E2_20260824T221722Z_2ba66f02,2ba66f0209fe1cdec97b8cf5862494c22fb94704318f9601a7a1f9eb4b783796,direct_only|constant|rotation_shear,direct_only,constant,rotation_shear,full,exact_null,180,0.0,0,0.0,23.026371020044465,23.026371020044465,11.612109130086361,2,3,0.6261036913270893
E2_20260824T221722Z_2ba66f02,2ba66f0209fe1cdec97b8cf5862494c22fb94704318f9601a7a1f9eb4b783796,direct_only|constant|rotation_shear,direct_only,constant,rotation_shear,full,exact_null,181,0.0,0,0.0,24.02637102004447,24.02637102004447,11.612109130086361,2,3,0.6261036913270893
E2_20260824T221722Z_2ba66f02,2ba66f0209fe1cdec97b8cf5862494c22fb94704318f9601a7a1f9eb4b783796,direct_only|constant|rotation_shear,direct_only,constant,rotation_shear,full,exact_null,182,0.0,0,0.0,25.02637102004447,25.02637102004447,11.612109130086361,2,3,0.6261036913270893
E2_20260824T221722Z_2ba66f02,2ba66f0209fe1cdec97b8cf5862494c22fb94704318f9601a7a1f9eb4b783796,direct_only|constant|rotation_shear,direct_only,constant,rotation_shear,full,exact_null,183,0.0,0,0.0,26.02637102004447,26.02637102004447,11.612109130086361,2,3,0.6261036913270893
E2_20260824T221722Z_2ba66f02,2ba66f0209fe1cdec97b8cf5862494c22fb94704318f9601a7a1f9eb4b783796,direct_only|constant|rotation_shear,direct_only,constant,rotation_shear,full,exact_null,184,0.0,0,0.0,27.026371020044465,27.026371020044465,11.612109130086361,2,3,0.6261036913270893
E2_20260824T221722Z_2ba66f02,2ba66f0209fe1cdec97b8cf5862494c22fb94704318f9601a7a1f9eb4b783796,direct_only|constant|rotation_shear,direct_only,constant,rotation_shear,full,exact_null,185,0.0,0,0.0,28.026371020044465,28.026371020044465,11.612109130086361,2,3,0.6261036913270893
E2_20260824T221722Z_2ba66f02,2ba66f0209fe1cdec97b8cf5862494c22fb94704318f9601a7a1f9eb4b783796,direct_only|constant|rotation_shear,direct_only,constant,rotation_shear,full,exact_null,186,0.0,0,0.0,29.026371020044465,29.026371020044465,11.612109130086361,2,3,0.6261036913270893
E2_20260824T221722Z_2ba66f02,2ba66f0209fe1cdec97b8cf5862494c22fb94704318f9601a7a1f9eb4b783796,direct_only|constant|rotation_shear,direct_only,constant,rotation_shear,full,exact_null,187,0.0,0,0.0,30.02637102004447,30.02637102004447,11.612109130086361,2,3,0.6261036913270893
E2_20260824T221722Z_2ba66f02,2ba66f0209fe1cdec97b8cf5862494c22fb94704318f9601a7a1f9eb4b783796,direct_only|constant|rotation_shear,direct_only,constant,rotation_shear,full,exact_null,188,0.0,0,0.0,31.02637102004447,31.02637102004447,11.612109130086361,2,3,0.6261036913270893
E2_20260824T221722Z_2ba66f02,2ba66f0209fe1cdec97b8cf5862494c22fb94704318f9601a7a1f9eb4b783796,direct_only|constant|rotation_shear,direct_only,constant,rotation_shear,full,exact_null,189,0.0,0,0.0,32.02637102004447,32.02637102004447,11.612109130086361,2,3,0.6261036913270893
E2_20260824T221722Z_2ba66f02,2ba66f0209fe1cdec97b8cf5862494c22fb94704318f9601a7a1f9eb4b783796,direct_only|constant|rotation_shear,direct_only,constant,rotation_shear,full,exact_null,190,0.0,0,0.0,33.026371020044465,33.026371020044465,11.612109130086361,2,3,0.6261036913270893
E2_20260824T221722Z_2ba66f02,2ba66f0209fe1cdec97b8cf5862494c22fb94704318f9601a7a1f9eb4b783796,direct_only|constant|rotation_shear,direct_only,constant,rotation_shear,full,exact_null,191,0.0,0,0.0,34.026371020044465,34.026371020044465,11.612109130086361,2,3,0.6261036913270893
E2_20260824T221722Z_2ba66f02,2ba66f0209fe1cdec97b8cf5862494c22fb94704318f9601a7a1f9eb4b783796,direct_only|constant|rotation_shear,direct_only,constant,rotation_shear,full,exact_null,192,0.0,1,0.045454545454545456,7.483269008893181,7.483269008893181,9.679206814306813,3,4,0.4042312235676871
E2_20260824T221722Z_2ba66f02,2ba66f0209fe1cdec97b8cf5862494c22fb94704318f9601a7a1f9eb4b783796,direct_only|constant|rotation_shear,direct_only,constant,rotation_shear,full,exact_null,193,0.0,1,0.045454545454545456,8.483269008893181,8.483269008893181,9.679206814306813,3,4,0.4042312235676871
E2_20260824T221722Z_2ba66f02,2ba66f0209fe1cdec97b8cf5862494c22fb94704318f9601a7a1f9eb4b783796,direct_only|constant|rotation_shear,direct_only,constant,rotation_shear,full,exact_null,194,0.0,1,0.045454545454545456,9.483269008893181,9.483269008893181,9.679206814306813,3,4,0.4042312235676871
E2_20260824T221722Z_2ba66f02,2ba66f0209fe1cdec97b8cf5862494c22fb94704318f9601a7a1f9eb4b783796,direct_only|constant|rotation_shear,direct_only,constant,rotation_shear,full,exact_null,195,0.0,1,0.045454545454545456,10.483269008893181,10.483269008893181,9.679206814306813,3,4,0.4042312235676871
E2_20260824T221722Z_2ba66f02,2ba66f0209fe1cdec97b8cf5862494c22fb94704318f9601a7a1f9eb4b783796,direct_only|constant|rotation_shear,direct_only,constant,rotation_shear,full,exact_null,196,0.0,4,0.18181818181818182,24.0,24.0,0.0,0,1,1.0
E2_20260824T221722Z_2ba66f02,2ba66f0209fe1cdec97b8cf5862494c22fb94704318f9601a7a1f9eb4b783796,direct_only|constant|rotation_shear,direct_only,constant,rotation_shear,full,exact_null,197,0.0,0,0.0,25.0,25.0,0.0,0,1,1.0
E2_20260824T221722Z_2ba66f02,2ba66f0209fe1cdec97b8cf5862494c22fb94704318f9601a7a1f9eb4b783796,direct_only|constant|rotation_shear,direct_only,constant,rotation_shear,full,exact_null,198,0.0,0,0.0,26.0,26.0,0.0,0,1,1.0
E2_20260824T221722Z_2ba66f02,2ba66f0209fe1cdec97b8cf5862494c22fb94704318f9601a7a1f9eb4b783796,direct_only|constant|rotation_shear,direct_only,constant,rotation_shear,full,exact_null,199,0.0,5,0.22727272727272727,27.0,27.0,0.0,0,1,1.0
E2_20260824T221722Z_2ba66f02,2ba66f0209fe1cdec97b8cf5862494c22fb94704318f9601a7a1f9eb4b783796,direct_only|constant|rotation_shear,direct_only,constant,rotation_shear,full,exact_null,200,0.0,5,0.22727272727272727,28.0,28.0,0.0,0,1,1.0
E2_20260824T221722Z_2ba66f02,2ba66f0209fe1cdec97b8cf5862494c22fb94704318f9601a7a1f9eb4b783796,direct_only|constant|rotation_shear,direct_only,constant,rotation_shear,full,exact_null,201,0.0,2,0.09090909090909091,29.0,29.0,0.0,0,1,1.0
E2_20260824T221722Z_2ba66f02,2ba66f0209fe1cdec97b8cf5862494c22fb94704318f9601a7a1f9eb4b783796,direct_only|constant|rotation_shear,direct_only,constant,rotation_shear,full,exact_null,202,0.0,2,0.09090909090909091,30.0,30.0,0.0,0,1,1.0
E2_20260824T221722Z_2ba66f02,2ba66f0209fe1cdec97b8cf5862494c22fb94704318f9601a7a1f9eb4b783796,direct_only|constant|rotation_shear,direct_only,constant,rotation_shear,full,exact_null,203,0.0,4,0.18181818181818182,31.0,31.0,0.0,0,1,1.0
E2_20260824T221722Z_2ba66f02,2ba66f0209fe1cdec97b8cf5862494c22fb94704318f9601a7a1f9eb4b783796,direct_only|constant|rotation_shear,direct_only,constant,rotation_shear,full,exact_null,204,0.0,3,0.13636363636363635,32.0,32.0,0.0,0,1,1.0
E2_20260824T221722Z_2ba66f02,2ba66f0209fe1cdec97b8cf5862494c22fb94704318f9601a7a1f9eb4b783796,direct_only|constant|rotation_shear,direct_only,constant,rotation_shear,full,exact_null,205,0.0,0,0.0,33.0,33.0,0.0,0,1,1.0
E2_20260824T221722Z_2ba66f02,2ba66f0209fe1cdec97b8cf5862494c22fb94704318f9601a7a1f9eb4b783796,direct_only|constant|rotation_shear,direct_only,constant,rotation_shear,full,exact_null,206,0.0,3,0.13636363636363635,34.0,34.0,0.0,0,1,1.0
E2_20260824T221722Z_2ba66f02,2ba66f0209fe1cdec97b8cf5862494c22fb94704318f9601a7a1f9eb4b783796,direct_only|constant|rotation_shear,direct_only,constant,rotation_shear,full,exact_null,207,0.0,3,0.13636363636363635,35.0,35.0,0.0,0,1,1.0
E2_20260824T221722Z_2ba66f02,2ba66f0209fe1cdec97b8cf5862494c22fb94704318f9601a7a1f9eb4b783796,direct_only|constant|rotation_shear,direct_only,constant,rotation_shear,full,exact_null,208,0.0,1,0.045454545454545456,36.0,36.0,0.0,0,1,1.0
E2_20260824T221722Z_2ba66f02,2ba66f0209fe1cdec97b8cf5862494c22fb94704318f9601a7a1f9eb4b783796,direct_only|constant|rotation_shear,direct_only,constant,rotation_shear,full,exact_null,209,0.0,4,0.18181818181818182,37.0,37.0,0.0,0,1,1.0
E2_20260824T221722Z_2ba66f02,2ba66f0209fe1cdec97b8cf5862494c22fb94704318f9601a7a1f9eb4b783796,direct_only|constant|rotation_shear,direct_only,constant,rotation_shear,full,exact_null,210,0.0,5,0.22727272727272727,38.0,38.0,0.0,0,1,1.0
E2_20260824T221722Z_2ba66f02,2ba66f0209fe1cdec97b8cf5862494c22fb94704318f9601a7a1f9eb4b783796,direct_only|constant|rotation_shear,direct_only,constant,rotation_shear,full,exact_null,211,0.0,5,0.22727272727272727,39.0,39.0,0.0,0,1,1.0
E2_20260824T221722Z_2ba66f02,2ba66f0209fe1cdec97b8cf5862494c22fb94704318f9601a7a1f9eb4b783796,direct_only|constant|rotation_shear,direct_only,constant,rotation_shear,full,exact_null,212,0.0,2,0.09090909090909091,40.0,40.0,0.0,0,1,1.0
E2_20260824T221722Z_2ba66f02,2ba66f0209fe1cdec97b8cf5862494c22fb94704318f9601a7a1f9eb4b783796,direct_only|constant|rotation_shear,direct_only,constant,rotation_shear,full,exact_null,213,0.0,0,0.0,41.0,41.0,0.0,0,1,1.0
E2_20260824T221722Z_2ba66f02,2ba66f0209fe1cdec97b8cf5862494c22fb94704318f9601a7a1f9eb4b783796,direct_only|constant|rotation_shear,direct_only,constant,rotation_shear,full,exact_null,214,0.0,4,0.18181818181818182,42.0,42.0,0.0,0,1,1.0
E2_20260824T221722Z_2ba66f02,2ba66f0209fe1cdec97b8cf5862494c22fb94704318f9601a7a1f9eb4b783796,direct_only|constant|rotation_shear,direct_only,constant,rotation_shear,full,exact_null,215,0.0,3,0.13636363636363635,43.0,43.0,0.0,0,1,1.0
E2_20260824T221722Z_2ba66f02,2ba66f0209fe1cdec97b8cf5862494c22fb94704318f9601a7a1f9eb4b783796,direct_only|constant|rotation_shear,direct_only,constant,rotation_shear,full,near_null,0,0.9435380046691119,0,0.0,5.0,5.0,0.0,1,4,0.3182516760606269
E2_20260824T221722Z_2ba66f02,2ba66f0209fe1cdec97b8cf5862494c22fb94704318f9601a7a1f9eb4b783796,direct_only|constant|rotation_shear,direct_only,constant,rotation_shear,full,near_null,1,0.9435380046691119,0,0.0,14.0,14.0,0.0,1,4,0.3182516760606269
E2_20260824T221722Z_2ba66f02,2ba66f0209fe1cdec97b8cf5862494c22fb94704318f9601a7a1f9eb4b783796,direct_only|constant|rotation_shear,direct_only,constant,rotation_shear,full,near_null,2,0.9435380046691119,2,0.09090909090909091,7.0,7.0,0.0,1,4,0.3182516760606269
E2_20260824T221722Z_2ba66f02,2ba66f0209fe1cdec97b8cf5862494c22fb94704318f9601a7a1f9eb4b783796,direct_only|constant|rotation_shear,direct_only,constant,rotation_shear,full,near_null,3,0.9435380046691119,0,0.0,0.0,0.0,0.0,1,4,0.3182516760606269
E2_20260824T221722Z_2ba66f02,2ba66f0209fe1cdec97b8cf5862494c22fb94704318f9601a7a1f9eb4b783796,direct_only|constant|rotation_shear,direct_only,constant,rotation_shear,full,near_null,4,0.9435380046691119,4,0.18181818181818182,9.0,9.0,0.0,1,4,0.3182516760606269
E2_20260824T221722Z_2ba66f02,2ba66f0209fe1cdec97b8cf5862494c22fb94704318f9601a7a1f9eb4b783796,direct_only|constant|rotation_shear,direct_only,constant,rotation_shear,full,near_null,5,0.9435380046691119,5,0.22727272727272727,16.0,16.0,0.0,1,4,0.3182516760606269
E2_20260824T221722Z_2ba66f02,2ba66f0209fe1cdec97b8cf5862494c22fb94704318f9601a7a1f9eb4b783796,direct_only|constant|rotation_shear,direct_only,constant,rotation_shear,full,near_null,6,0.9435380046691119,1,0.045454545454545456,11.0,11.0,0.0,1,4,0.3182516760606269
E2_20260824T221722Z_2ba66f02,2ba66f0209fe1cdec97b8cf5862494c22fb94704318f9601a7a1f9eb4b783796,direct_only|constant|rotation_shear,direct_only,constant,rotation_shear,full,near_null,7,0.9435380046691119,1,0.045454545454545456,8.0,8.0,0.0,1,4,0.3182516760606269
E2_20260824T221722Z_2ba66f02,2ba66f0209fe1cdec97b8cf5862494c22fb94704318f9601a7a1f9eb4b783796,direct_only|constant|rotation_shear,direct_only,constant,rotation_shear,full,near_null,8,0.9435380046691119,0,0.0,13.0,13.0,0.0,1,4,0.3182516760606269
E2_20260824T221722Z_2ba66f02,2ba66f0209fe1cdec97b8cf5862494c22fb94704318f9601a7a1f9eb4b783796,direct_only|constant|rotation_shear,direct_only,constant,rotation_shear,full,near_null,9,0.9435380046691119,2,0.09090909090909091,18.0,18.0,0.0,1,4,0.3182516760606269
E2_20260824T221722Z_2ba66f02,2ba66f0209fe1cdec97b8cf5862494c22fb94704318f9601a7a1f9eb4b783796,direct_only|constant|rotation_shear,direct_only,constant,rotation_shear,full,near_null,10,0.9435380046691119,0,0.0,15.0,15.0,0.0,1,4,0.3182516760606269
E2_20260824T221722Z_2ba66f02,2ba66f0209fe1cdec97b8cf5862494c22fb94704318f9601a7a1f9eb4b783796,direct_only|constant|rotation_shear,direct_only,constant,rotation_shear,full,near_null,11,0.9435380046691119,2,0.09090909090909091,4.0,4.0,0.0,1,4,0.3182516760606269
E2_20260824T221722Z_2ba66f02,2ba66f0209fe1cdec97b8cf5862494c22fb94704318f9601a7a1f9eb4b783796,direct_only|constant|rotation_shear,direct_only,constant,rotation_shear,full,near_null,12,0.9435380046691119,5,0.22727272727272727,17.0,17.0,0.0,1,4,0.3182516760606269
E2_20260824T221722Z_2ba66f02,2ba66f0209fe1cdec97b8cf5862494c22fb94704318f9601a7a1f9eb4b783796,direct_only|constant|rotation_shear,direct_only,constant,rotation_shear,full,near_null,13,0.9435380046691119,4,0.18181818181818182,20.0,20.0,0.0,1,4,0.3182516760606269
E2_20260824T221722Z_2ba66f02,2ba66f0209fe1cdec97b8cf5862494c22fb94704318f9601a7a1f9eb4b783796,direct_only|constant|rotation_shear,direct_only,constant,rotation_shear,full,near_null,14,0.9435380046691119,0,0.0,19.0,19.0,0.0,1,4,0.3182516760606269
E2_20260824T221722Z_2ba66f02,2ba66f0209fe1cdec97b8cf5862494c22fb94704318f9601a7a1f9eb4b783796,direct_only|constant|rotation_shear,direct_only,constant,rotation_shear,full,near_null,15,0.9435380046691119,0,0.0,10.0,10.0,0.0,1,4,0.3182516760606269
E2_20260824T221722Z_2ba66f02,2ba66f0209fe1cdec97b8cf5862494c22fb94704318f9601a7a1f9eb4b783796,direct_only|constant|rotation_shear,direct_only,constant,rotation_shear,full,near_null,16,0.9435380046691119,0,0.0,21.0,21.0,0.0,1,4,0.3182516760606269
E2_20260824T221722Z_2ba66f02,2ba66f0209fe1cdec97b8cf5862494c22fb94704318f9601a7a1f9eb4b783796,direct_only|constant|rotation_shear,direct_only,constant,rotation_shear,full,near_null,17,0.9435380046691119,4,0.18181818181818182,22.0,22.0,0.0,1,4,0.3182516760606269
E2_20260824T221722Z_2ba66f02,2ba66f0209fe1cdec97b8cf5862494c22fb94704318f9601a7a1f9eb4b783796,direct_only|constant|rotation_shear,direct_only,constant,rotation_shear,full,near_null,18,0.9435380046691119,5,0.22727272727272727,23.0,23.0,0.0,1,4,0.3182516760606269
E2_20260824T221722Z_2ba66f02,2ba66f0209fe1cdec97b8cf5862494c22fb94704318f9601a7a1f9eb4b783796,direct_only|constant|rotation_shear,direct_only,constant,rotation_shear,full,near_null,19,0.9435380046691119,4,0.18181818181818182,2.0,2.0,0.0,1,4,0.3182516760606269
E2_20260824T221722Z_2ba66f02,2ba66f0209fe1cdec97b8cf5862494c22fb94704318f9601a7a1f9eb4b783796,resolved|constant|identical,resolved,constant,identical,restricted,exact_null,0,0.0,0,0.0,27.84100902702796,27.84100902702796,14.211173174180573,1,5,0.37160131803770635
E2_20260824T221722Z_2ba66f02,2ba66f0209fe1cdec97b8cf5862494c22fb94704318f9601a7a1f9eb4b783796,resolved|constant|identical,resolved,constant,identical,restricted,exact_null,1,0.0,1,0.045454545454545456,19.95034823352517,19.95034823352517,9.449736848232394,1,5,0.4348315430192857
E2_20260824T221722Z_2ba66f02,2ba66f0209fe1cdec97b8cf5862494c22fb94704318f9601a7a1f9eb4b783796,resolved|constant|identical,resolved,constant,identical,restricted,exact_null,2,0.0,2,0.09090909090909091,15.42148824096342,15.42148824096342,11.887282964664397,2,5,0.35065037031306256
E2_20260824T221722Z_2ba66f02,2ba66f0209fe1cdec97b8cf5862494c22fb94704318f9601a7a1f9eb4b783796,resolved|constant|identical,resolved,constant,identical,restricted,exact_null,3,0.0,2,0.09090909090909091,21.479837386861913,21.479837386861913,11.058500541594384,1,5,0.35107613123832265
E2_20260824T221722Z_2ba66f02,2ba66f0209fe1cdec97b8cf5862494c22fb94704318f9601a7a1f9eb4b783796,resolved|constant|identical,resolved,constant,identical,restricted,exact_null,4,0.0,2,0.09090909090909091,15.06097628305876,15.06097628305876,14.197539563413752,1,5,0.4205015021259755
E2_20260824T221722Z_2ba66f02,2ba66f0209fe1cdec97b8cf5862494c22fb94704318f9601a7a1f9eb4b783796,resolved|constant|identical,resolved,constant,identical,restricted,exact_null,5,0.0,2,0.09090909090909091,29.587081033868138,29.587081033868138,11.917476105549197,1,4,0.44696018578319197
E2_20260824T221722Z_2ba66f02,2ba66f0209fe1cdec97b8cf5862494c22fb94704318f9601a7a1f9eb4b783796,resolved|constant|identical,resolved,constant,identical,restricted,exact_null,6,0.0,2,0.09090909090909091,17.93706057836401,17.93706057836401,15.078216989767974,1,6,0.28853090651745583
E2_20260824T221722Z_2ba66f02,2ba66f0209fe1cdec97b8cf5862494c22fb94704318f9601a7a1f9eb4b783796,resolved|constant|identical,resolved,constant,identical,restricted,exact_null,7,0.0,1,0.045454545454545456,15.731694370506395,15.731694370506395,13.589333058040092,1,5,0.3573569166904233
E2_20260824T221722Z_2ba66f02,2ba66f0209fe1cdec97b8cf5862494c22fb94704318f9601a7a1f9eb4b783796,resolved|constant|identical,resolved,constant,identical,restricted,exact_null,8,0.0,0,0.0,33.63356292941705,33.63356292941705,11.252394868278776,2,6,0.24666999560777153
E2_20260824T221722Z_2ba66f02,2ba66f0209fe1cdec97b8cf5862494c22fb94704318f9601a7a1f9eb4b783796,resolved|constant|identical,resolved,constant,identical,restricted,exact_null,9,0.0,2,0.09090909090909091,19.971596111220403,19.971596111220403,13.30469370940268,1,5,0.4008120265017583
E2_20260824T221722Z_2ba66f02,2ba66f0209fe1cdec97b8cf5862494c22fb94704318f9601a7a1f9eb4b783796,resolved|constant|identical,resolved,constant,identical,restricted,exact_null,10,0.0,1,0.045454545454545456,22.07581469698847,22.07581469698847,9.472246617896403,2,5,0.37809472138074135
E2_20260824T221722Z_2ba66f02,2ba66f0209fe1cdec97b8cf5862494c22fb94704318f9601a7a1f9eb4b783796,resolved|constant|identical,resolved,constant,identical,restricted,exact_null,11,0.0,1,0.045454545454545456,19.309531108198307,19.309531108198307,11.416864942362997,2,6,0.23871707020307498
E2_20260824T221722Z_2ba66f02,2ba66f0209fe1cdec97b8cf5862494c22fb94704318f9601a7a1f9eb4b783796,resolved|constant|identical,resolved,constant,identical,restricted,near_null,0,1.2462894290188773,0,0.0,15.298981863071347,15.298981863071347,3.777754923681632,0,4,0.3333626039087944
E2_20260824T221722Z_2ba66f02,2ba66f0209fe1cdec97b8cf5862494c22fb94704318f9601a7a1f9eb4b783796,resolved|constant|identical,resolved,constant,identical,restricted,near_null,1,1.2227039171975378,2,0.09090909090909091,12.59384572104734,12.59384572104734,6.1909923448947595,0,4,0.33336260390879413
E2_20260824T221722Z_2ba66f02,2ba66f0209fe1cdec97b8cf5862494c22fb94704318f9601a7a1f9eb4b783796,resolved|constant|identical,resolved,constant,identical,restricted,near_null,2,1.1192149800162792,0,0.0,15.298981863071294,15.298981863071294,3.7777549236816412,1,4,0.32410960839036435
E2_20260824T221722Z_2ba66f02,2ba66f0209fe1cdec97b8cf5862494c22fb94704318f9601a7a1f9eb4b783796,resolved|constant|identical,resolved,constant,identical,restricted,near_null,3,1.0980342995682582,2,0.09090909090909091,12.593845721047426,12.593845721047426,6.190992344894776,1,4,0.3241096083903645
E2_20260824T221722Z_2ba66f02,2ba66f0209fe1cdec97b8cf5862494c22fb94704318f9601a7a1f9eb4b783796,resolved|constant|identical,resolved,constant,identical,restricted,near_null,4,1.0882486177484187,2,0.09090909090909091,2.919916852240772,2.919916852240772,4.285363512577464,0,4,0.3333626039087941
E2_20260824T221722Z_2ba66f02,2ba66f0209fe1cdec97b8cf5862494c22fb94704318f9601a7a1f9eb4b783796,resolved|constant|identical,resolved,constant,identical,restricted,near_null,5,0.9772883622425332,2,0.09090909090909091,2.9199168522407617,2.9199168522407617,4.285363512577436,1,4,0.32410960839036457
E2_20260824T221722Z_2ba66f02,2ba66f0209fe1cdec97b8cf5862494c22fb94704318f9601a7a1f9eb4b783796,resolved|constant|identical,resolved,constant,identical,restricted,near_null,6,0.8084953894438297,2,0.09090909090909091,24.85408041913767,24.85408041913767,7.468870161060011,0,4,0.33336260390879396
E2_20260824T221722Z_2ba66f02,2ba66f0209fe1cdec97b8cf5862494c22fb94704318f9601a7a1f9eb4b783796,resolved|constant|identical,resolved,constant,identical,restricted,near_null,7,0.7260593968545336,2,0.09090909090909091,24.85408041913765,24.85408041913765,7.468870161060048,1,4,0.32410960839036473
E2_20260824T221722Z_2ba66f02,2ba66f0209fe1cdec97b8cf5862494c22fb94704318f9601a7a1f9eb4b783796,resolved|constant|identical,resolved,constant,identical,restricted,near_null,8,0.3014968598935165,1,0.045454545454545456,32.95101161717942,32.95101161717942,4.077552557549457,0,4,0.3333626039087948
E2_20260824T221722Z_2ba66f02,2ba66f0209fe1cdec97b8cf5862494c22fb94704318f9601a7a1f9eb4b783796,resolved|constant|identical,resolved,constant,identical,restricted,near_null,9,0.27075556781889465,1,0.045454545454545456,32.95101161717943,32.95101161717943,4.077552557549461,1,4,0.32410960839036407
E2_20260824T221722Z_2ba66f02,2ba66f0209fe1cdec97b8cf5862494c22fb94704318f9601a7a1f9eb4b783796,resolved|constant|identical,resolved,constant,identical,restricted,near_null,10,0.08458514118756062,0,0.0,40.38216352732344,40.38216352732344,2.312241813033738,0,4,0.33336260390879313
E2_20260824T221722Z_2ba66f02,2ba66f0209fe1cdec97b8cf5862494c22fb94704318f9601a7a1f9eb4b783796,resolved|constant|identical,resolved,constant,identical,restricted,near_null,11,0.07596065159473939,0,0.0,40.38216352732344,40.38216352732344,2.3122418130337388,1,4,0.3241096083903655
E2_20260824T221722Z_2ba66f02,2ba66f0209fe1cdec97b8cf5862494c22fb94704318f9601a7a1f9eb4b783796,resolved|constant|identical,resolved,constant,identical,full,exact_null,0,0.0,4,0.18181818181818182,15.018948260356844,15.018948260356844,10.773120749204113,3,4,0.42867348788919063
E2_20260824T221722Z_2ba66f02,2ba66f0209fe1cdec97b8cf5862494c22fb94704318f9601a7a1f9eb4b783796,resolved|constant|identical,resolved,constant,identical,full,exact_null,1,0.0,8,0.36363636363636365,18.038747299973128,18.038747299973128,11.249737930617243,3,5,0.24920535341392594
E2_20260824T221722Z_2ba66f02,2ba66f0209fe1cdec97b8cf5862494c22fb94704318f9601a7a1f9eb4b783796,resolved|constant|identical,resolved,constant,identical,full,exact_null,2,0.0,0,0.0,18.074486335972168,18.074486335972168,10.023787055380994,3,3,0.5357730996093534
E2_20260824T221722Z_2ba66f02,2ba66f0209fe1cdec97b8cf5862494c22fb94704318f9601a7a1f9eb4b783796,resolved|constant|identical,resolved,constant,identical,full,exact_null,3,0.0,22,1.0,17.457829417019475,17.457829417019475,10.448918315533788,3,4,0.4983182895450416
E2_20260824T221722Z_2ba66f02,2ba66f0209fe1cdec97b8cf5862494c22fb94704318f9601a7a1f9eb4b783796,resolved|constant|identical,resolved,constant,identical,full,exact_null,4,0.0,14,0.6363636363636364,17.72633640652413,17.72633640652413,10.4981723870244,3,3,0.5260885587210018
E2_20260824T221722Z_2ba66f02,2ba66f0209fe1cdec97b8cf5862494c22fb94704318f9601a7a1f9eb4b783796,resolved|constant|identical,resolved,constant,identical,full,exact_null,5,0.0,15,0.6818181818181818,18.75427395773732,18.75427395773732,11.191140245931903,2,4,0.4516444783702962
E2_20260824T221722Z_2ba66f02,2ba66f0209fe1cdec97b8cf5862494c22fb94704318f9601a7a1f9eb4b783796,resolved|constant|identical,resolved,constant,identical,full,exact_null,6,0.0,9,0.4090909090909091,14.447790948448768,14.447790948448768,9.960488801028001,2,4,0.4977500211558108
E2_20260824T221722Z_2ba66f02,2ba66f0209fe1cdec97b8cf5862494c22fb94704318f9601a7a1f9eb4b783796,resolved|constant|identical,resolved,constant,identical,full,exact_null,7,0.0,15,0.6818181818181818,18.03788661022269,18.03788661022269,9.527000954276126,3,4,0.49586570917292483
E2_20260824T221722Z_2ba66f02,2ba66f0209fe1cdec97b8cf5862494c22fb94704318f9601a7a1f9eb4b783796,resolved|constant|identical,resolved,constant,identical,full,exact_null,8,0.0,11,0.5,18.524939497853143,18.524939497853143,11.571123006677116,2,4,0.40968102772707965
E2_20260824T221722Z_2ba66f02,2ba66f0209fe1cdec97b8cf5862494c22fb94704318f9601a7a1f9eb4b783796,resolved|constant|identical,resolved,constant,identical,full,exact_null,9,0.0,12,0.5454545454545454,5.8959102661070695,5.8959102661070695,5.297744901304743,2,5,0.33480493415207135
E2_20260824T221722Z_2ba66f02,2ba66f0209fe1cdec97b8cf5862494c22fb94704318f9601a7a1f9eb4b783796,resolved|constant|identical,resolved,constant,identical,full,exact_null,10,0.0,22,1.0,17.768501410894245,17.768501410894245,10.517957913889129,3,4,0.46057906960620193
E2_20260824T221722Z_2ba66f02,2ba66f0209fe1cdec97b8cf5862494c22fb94704318f9601a7a1f9eb4b783796,resolved|constant|identical,resolved,constant,identical,full,exact_null,11,0.0,10,0.45454545454545453,20.888743817678368,20.888743817678368,12.821841218728315,3,4,0.4419200350223812
E2_20260824T221722Z_2ba66f02,2ba66f0209fe1cdec97b8cf5862494c22fb94704318f9601a7a1f9eb4b783796,resolved|constant|identical,resolved,constant,identical,full,exact_null,12,0.0,19,0.8636363636363636,16.142512704607825,16.142512704607825,11.854761383617761,3,4,0.4372106708461133
E2_20260824T221722Z_2ba66f02,2ba66f0209fe1cdec97b8cf5862494c22fb94704318f9601a7a1f9eb4b783796,resolved|constant|identical,resolved,constant,identical,full,exact_null,13,0.0,18,0.8181818181818182,19.26427151625181,19.26427151625181,10.52261680124396,2,5,0.407208742536703
E2_20260824T221722Z_2ba66f02,2ba66f0209fe1cdec97b8cf5862494c22fb94704318f9601a7a1f9eb4b783796,resolved|constant|identical,resolved,constant,identical,full,exact_null,14,0.0,21,0.9545454545454546,19.20894415684034,19.20894415684034,11.358242164589642,3,4,0.4903522634897479
E2_20260824T221722Z_2ba66f02,2ba66f0209fe1cdec97b8cf5862494c22fb94704318f9601a7a1f9eb4b783796,resolved|constant|identical,resolved,constant,identical,full,exact_null,15,0.0,14,0.6363636363636364,16.98905872789335,16.98905872789335,9.990486195960306,2,4,0.4154475362796786
E2_20260824T221722Z_2ba66f02,2ba66f0209fe1cdec97b8cf5862494c22fb94704318f9601a7a1f9eb4b783796,resolved|constant|identical,resolved,constant,identical,full,exact_null,16,0.0,17,0.7727272727272727,20.46572787930528,20.46572787930528,11.23433711955237,3,4,0.46307295896014117
E2_20260824T221722Z_2ba66f02,2ba66f0209fe1cdec97b8cf5862494c22fb94704318f9601a7a1f9eb4b783796,resolved|constant|identical,resolved,constant,identical,full,exact_null,17,0.0,3,0.13636363636363635,17.047470798742207,17.047470798742207,10.381731516690383,3,5,0.4456056212865941
E2_20260824T221722Z_2ba66f02,2ba66f0209fe1cdec97b8cf5862494c22fb94704318f9601a7a1f9eb4b783796,resolved|constant|identical,resolved,constant,identical,full,exact_null,18,0.0,3,0.13636363636363635,15.653341218563398,15.653341218563398,11.913123362818473,3,5,0.3153224987765283
E2_20260824T221722Z_2ba66f02,2ba66f0209fe1cdec97b8cf5862494c22fb94704318f9601a7a1f9eb4b783796,resolved|constant|identical,resolved,constant,identical,full,exact_null,19,0.0,7,0.3181818181818182,17.71128799144706,17.71128799144706,10.206233983051826,3,5,0.3640497472801349
E2_20260824T221722Z_2ba66f02,2ba66f0209fe1cdec97b8cf5862494c22fb94704318f9601a7a1f9eb4b783796,resolved|constant|identical,resolved,constant,identical,full,exact_null,20,0.0,6,0.2727272727272727,19.367426746850622,19.367426746850622,11.22330427806434,3,5,0.38583666624542734
E2_20260824T221722Z_2ba66f02,2ba66f0209fe1cdec97b8cf5862494c22fb94704318f9601a7a1f9eb4b783796,resolved|constant|identical,resolved,constant,identical,full,exact_null,21,0.0,12,0.5454545454545454,19.24646760904688,19.24646760904688,10.603874588187004,3,4,0.39260377760443504
E2_20260824T221722Z_2ba66f02,2ba66f0209fe1cdec97b8cf5862494c22fb94704318f9601a7a1f9eb4b783796,resolved|constant|identical,resolved,constant,identical,full,exact_null,22,0.0,15,0.6818181818181818,18.517386854847498,18.517386854847498,10.347111210485158,3,5,0.3214054690636073
E2_20260824T221722Z_2ba66f02,2ba66f0209fe1cdec97b8cf5862494c22fb94704318f9601a7a1f9eb4b783796,resolved|constant|identical,resolved,constant,identical,full,exact_null,23,0.0,16,0.7272727272727273,21.95762070310104,21.95762070310104,11.924434146193631,2,5,0.34509389874030294
E2_20260824T221722Z_2ba66f02,2ba66f0209fe1cdec97b8cf5862494c22fb94704318f9601a7a1f9eb4b783796,resolved|constant|identical,resolved,constant,identical,full,exact_null,24,0.0,2,0.09090909090909091,19.058946560357676,19.058946560357676,11.94721043762343,3,5,0.3360378039572246
E2_20260824T221722Z_2ba66f02,2ba66f0209fe1cdec97b8cf5862494c22fb94704318f9601a7a1f9eb4b783796,resolved|constant|identical,resolved,constant,identical,full,exact_null,25,0.0,4,0.18181818181818182,19.559426784772903,19.559426784772903,10.791607423240285,2,4,0.4152136730195096
E2_20260824T221722Z_2ba66f02,2ba66f0209fe1cdec97b8cf5862494c22fb94704318f9601a7a1f9eb4b783796,resolved|constant|identical,resolved,constant,identical,full,exact_null,26,0.0,1,0.045454545454545456,18.954625531119643,18.954625531119643,11.044576927314528,3,5,0.3612197287663147
E2_20260824T221722Z_2ba66f02,2ba66f0209fe1cdec97b8cf5862494c22fb94704318f9601a7a1f9eb4b783796,resolved|constant|identical,resolved,constant,identical,full,exact_null,27,0.0,3,0.13636363636363635,18.207105663541075,18.207105663541075,10.64480944577765,2,4,0.297526371789441
E2_20260824T221722Z_2ba66f02,2ba66f0209fe1cdec97b8cf5862494c22fb94704318f9601a7a1f9eb4b783796,resolved|constant|identical,resolved,constant,identical,full,exact_null,28,0.0,15,0.6818181818181818,17.390840351753393,17.390840351753393,10.088065701045926,3,5,0.3239223601423042
E2_20260824T221722Z_2ba66f02,2ba66f0209fe1cdec97b8cf5862494c22fb94704318f9601a7a1f9eb4b783796,resolved|constant|identical,resolved,constant,identical,full,exact_null,29,0.0,21,0.9545454545454546,16.16228373320889,16.16228373320889,10.177385486183583,3,5,0.3145602467379589
E2_20260824T221722Z_2ba66f02,2ba66f0209fe1cdec97b8cf5862494c22fb94704318f9601a7a1f9eb4b783796,resolved|constant|identical,resolved,constant,identical,full,exact_null,30,0.0,7,0.3181818181818182,17.191923910236856,17.191923910236856,10.087173418247694,3,5,0.2494291236797766
E2_20260824T221722Z_2ba66f02,2ba66f0209fe1cdec97b8cf5862494c22fb94704318f9601a7a1f9eb4b783796,resolved|constant|identical,resolved,constant,identical,full,exact_null,31,0.0,19,0.8636363636363636,16.271893434110808,16.271893434110808,9.44129043774011,3,5,0.30571129951007664
E2_20260824T221722Z_2ba66f02,2ba66f0209fe1cdec97b8cf5862494c22fb94704318f9601a7a1f9eb4b783796,resolved|constant|identical,resolved,constant,identical,full,exact_null,32,0.0,9,0.4090909090909091,20.79721657724077,20.79721657724077,11.41237532859828,3,5,0.25292284633661316
E2_20260824T221722Z_2ba66f02,2ba66f0209fe1cdec97b8cf5862494c22fb94704318f9601a7a1f9eb4b783796,resolved|constant|identical,resolved,constant,identical,full,exact_null,33,0.0,12,0.5454545454545454,16.882176937135863,16.882176937135863,10.681405978913888,3,5,0.3041282108226807
E2_20260824T221722Z_2ba66f02,2ba66f0209fe1cdec97b8cf5862494c22fb94704318f9601a7a1f9eb4b783796,resolved|constant|identical,resolved,constant,identical,full,exact_null,34,0.0,10,0.45454545454545453,18.48086256089483,18.48086256089483,10.31337226736196,2,5,0.2818088724438811
E2_20260824T221722Z_2ba66f02,2ba66f0209fe1cdec97b8cf5862494c22fb94704318f9601a7a1f9eb4b783796,resolved|constant|identical,resolved,constant,identical,full,exact_null,35,0.0,21,0.9545454545454546,17.413920045007455,17.413920045007455,11.671917524511596,2,5,0.26503389925512505
E2_20260824T221722Z_2ba66f02,2ba66f0209fe1cdec97b8cf5862494c22fb94704318f9601a7a1f9eb4b783796,resolved|constant|identical,resolved,constant,identical,full,exact_null,36,0.0,19,0.8636363636363636,18.415263885504952,18.415263885504952,11.515915022916333,3,4,0.4098090277444702
E2_20260824T221722Z_2ba66f02,2ba66f0209fe1cdec97b8cf5862494c22fb94704318f9601a7a1f9eb4b783796,resolved|constant|identical,resolved,constant,identical,full,exact_null,37,0.0,2,0.09090909090909091,19.468491412985664,19.468491412985664,10.439803642831054,2,6,0.2721800375018714
E2_20260824T221722Z_2ba66f02,2ba66f0209fe1cdec97b8cf5862494c22fb94704318f9601a7a1f9eb4b783796,resolved|constant|identical,resolved,constant,identical,full,exact_null,38,0.0,18,0.8181818181818182,18.350329006115906,18.350329006115906,11.873964554281155,3,5,0.25315988419580127
E2_20260824T221722Z_2ba66f02,2ba66f0209fe1cdec97b8cf5862494c22fb94704318f9601a7a1f9eb4b783796,resolved|constant|identical,resolved,constant,identical,full,exact_null,39,0.0,0,0.0,4.292096915592419,4.292096915592419,2.01909686820708,2,5,0.4075548442659755
E2_20260824T221722Z_2ba66f02,2ba66f0209fe1cdec97b8cf5862494c22fb94704318f9601a7a1f9eb4b783796,resolved|constant|identical,resolved,constant,identical,full,exact_null,40,0.0,19,0.8636363636363636,18.49908245507125,18.49908245507125,11.039824385149112,3,5,0.24864801797410996
E2_20260824T221722Z_2ba66f02,2ba66f0209fe1cdec97b8cf5862494c22fb94704318f9601a7a1f9eb4b783796,resolved|constant|identical,resolved,constant,identical,full,exact_null,41,0.0,0,0.0,20.121354980425775,20.121354980425775,13.349651331069316,2,5,0.26360213167387464
E2_20260824T221722Z_2ba66f02,2ba66f0209fe1cdec97b8cf5862494c22fb94704318f9601a7a1f9eb4b783796,resolved|constant|identical,resolved,constant,identical,full,exact_null,42,0.0,0,0.0,19.591717744462372,19.591717744462372,12.152216122801722,3,5,0.2637652693397905
E2_20260824T221722Z_2ba66f02,2ba66f0209fe1cdec97b8cf5862494c22fb94704318f9601a7a1f9eb4b783796,resolved|constant|identical,resolved,constant,identical,full,exact_null,43,0.0,15,0.6818181818181818,18.771094837494257,18.771094837494257,10.259021680793463,3,5,0.22480656368002058
E2_20260824T221722Z_2ba66f02,2ba66f0209fe1cdec97b8cf5862494c22fb94704318f9601a7a1f9eb4b783796,resolved|constant|identical,resolved,constant,identical,full,exact_null,44,0.0,9,0.4090909090909091,19.79541499971598,19.79541499971598,11.010309735085658,2,5,0.24392851256619377
E2_20260824T221722Z_2ba66f02,2ba66f0209fe1cdec97b8cf5862494c22fb94704318f9601a7a1f9eb4b783796,resolved|constant|identical,resolved,constant,identical,full,exact_null,45,0.0,8,0.36363636363636365,18.630382452607382,18.630382452607382,11.802211336976066,3,5,0.2796943654729622
E2_20260824T221722Z_2ba66f02,2ba66f0209fe1cdec97b8cf5862494c22fb94704318f9601a7a1f9eb4b783796,resolved|constant|identical,resolved,constant,identical,full,exact_null,46,0.0,22,1.0,17.020752310736956,17.020752310736956,12.549537615017098,2,5,0.2433063005694551
E2_20260824T221722Z_2ba66f02,2ba66f0209fe1cdec97b8cf5862494c22fb94704318f9601a7a1f9eb4b783796,resolved|constant|identical,resolved,constant,identical,full,exact_null,47,0.0,22,1.0,19.187013654879173,19.187013654879173,12.840130563130346,2,6,0.2392519175794224
E2_20260824T221722Z_2ba66f02,2ba66f0209fe1cdec97b8cf5862494c22fb94704318f9601a7a1f9eb4b783796,resolved|constant|identical,resolved,constant,identical,full,exact_null,48,0.0,22,1.0,19.82423255047411,19.82423255047411,11.143347760455933,3,6,0.2953301030112815
E2_20260824T221722Z_2ba66f02,2ba66f0209fe1cdec97b8cf5862494c22fb94704318f9601a7a1f9eb4b783796,resolved|constant|identical,resolved,constant,identical,full,exact_null,49,0.0,16,0.7272727272727273,19.666094368400003,19.666094368400003,11.72586958158912,3,6,0.2350055547743681
E2_20260824T221722Z_2ba66f02,2ba66f0209fe1cdec97b8cf5862494c22fb94704318f9601a7a1f9eb4b783796,resolved|constant|identical,resolved,constant,identical,full,exact_null,50,0.0,10,0.45454545454545453,17.842698541567238,17.842698541567238,10.49080324701469,3,5,0.2581657027413431
E2_20260824T221722Z_2ba66f02,2ba66f0209fe1cdec97b8cf5862494c22fb94704318f9601a7a1f9eb4b783796,resolved|constant|identical,resolved,constant,identical,full,exact_null,51,0.0,12,0.5454545454545454,19.909843049394865,19.909843049394865,10.832131205604574,3,5,0.24620126345773738
E2_20260824T221722Z_2ba66f02,2ba66f0209fe1cdec97b8cf5862494c22fb94704318f9601a7a1f9eb4b783796,resolved|constant|identical,resolved,constant,identical,full,exact_null,52,0.0,5,0.22727272727272727,19.62813686074704,19.62813686074704,11.951441508841757,2,5,0.23162313233956966
E2_20260824T221722Z_2ba66f02,2ba66f0209fe1cdec97b8cf5862494c22fb94704318f9601a7a1f9eb4b783796,resolved|constant|identical,resolved,constant,identical,full,exact_null,53,0.0,8,0.36363636363636365,18.406329585655467,18.406329585655467,10.468428349390901,3,5,0.24023781171334505
E2_20260824T221722Z_2ba66f02,2ba66f0209fe1cdec97b8cf5862494c22fb94704318f9601a7a1f9eb4b783796,resolved|constant|identical,resolved,constant,identical,full,exact_null,54,0.0,15,0.6818181818181818,19.654523158384485,19.654523158384485,9.860143635420119,3,5,0.2573152555808041
E2_20260824T221722Z_2ba66f02,2ba66f0209fe1cdec97b8cf5862494c22fb94704318f9601a7a1f9eb4b783796,resolved|constant|identical,resolved,constant,identical,full,exact_null,55,0.0,2,0.09090909090909091,18.289193242355758,18.289193242355758,11.806757838213354,3,6,0.25052494181678214
E2_20260824T221722Z_2ba66f02,2ba66f0209fe1cdec97b8cf5862494c22fb94704318f9601a7a1f9eb4b783796,resolved|constant|identical,resolved,constant,identical,full,exact_null,56,0.0,19,0.8636363636363636,19.8707469295627,19.8707469295627,11.207594176663338,3,5,0.28632030000099973
E2_20260824T221722Z_2ba66f02,2ba66f0209fe1cdec97b8cf5862494c22fb94704318f9601a7a1f9eb4b783796,resolved|constant|identical,resolved,constant,identical,full,exact_null,57,0.0,16,0.7272727272727273,20.700467957730865,20.700467957730865,11.675832128309414,3,6,0.25583442730499145
E2_20260824T221722Z_2ba66f02,2ba66f0209fe1cdec97b8cf5862494c22fb94704318f9601a7a1f9eb4b783796,resolved|constant|identical,resolved,constant,identical,full,exact_null,58,0.0,8,0.36363636363636365,17.76954492372525,17.76954492372525,10.092837716830712,2,5,0.23540255090049803
E2_20260824T221722Z_2ba66f02,2ba66f0209fe1cdec97b8cf5862494c22fb94704318f9601a7a1f9eb4b783796,resolved|constant|identical,resolved,constant,identical,full,exact_null,59,0.0,17,0.7727272727272727,16.87724607258926,16.87724607258926,11.103776215935486,2,5,0.28162457889738324
E2_20260824T221722Z_2ba66f02,2ba66f0209fe1cdec97b8cf5862494c22fb94704318f9601a7a1f9eb4b783796,resolved|constant|identical,resolved,constant,identical,full,exact_null,60,0.0,12,0.5454545454545454,18.16276899933069,18.16276899933069,12.317905470572702,2,5,0.26576553542160447
E2_20260824T221722Z_2ba66f02,2ba66f0209fe1cdec97b8cf5862494c22fb94704318f9601a7a1f9eb4b783796,resolved|constant|identical,resolved,constant,identical,full,exact_null,61,0.0,0,0.0,18.230266156550087,18.230266156550087,12.565119392814116,2,5,0.3137256708299814
E2_20260824T221722Z_2ba66f02,2ba66f0209fe1cdec97b8cf5862494c22fb94704318f9601a7a1f9eb4b783796,resolved|constant|identical,resolved,constant,identical,full,exact_null,62,0.0,20,0.9090909090909091,20.72440538542238,20.72440538542238,11.519654616893732,3,5,0.25901601908315586
E2_20260824T221722Z_2ba66f02,2ba66f0209fe1cdec97b8cf5862494c22fb94704318f9601a7a1f9eb4b783796,resolved|constant|identical,resolved,constant,identical,full,exact_null,63,0.0,2,0.09090909090909091,20.470702541227386,20.470702541227386,10.787733020357033,3,6,0.2563205457481877
E2_20260824T221722Z_2ba66f02,2ba66f0209fe1cdec97b8cf5862494c22fb94704318f9601a7a1f9eb4b783796,resolved|constant|identical,resolved,constant,identical,full,exact_null,64,0.0,6,0.2727272727272727,19.525000875106656,19.525000875106656,12.410234097595039,3,6,0.2535350377905368
E2_20260824T221722Z_2ba66f02,2ba66f0209fe1cdec97b8cf5862494c22fb94704318f9601a7a1f9eb4b783796,resolved|constant|identical,resolved,constant,identical,full,exact_null,65,0.0,21,0.9545454545454546,19.525003026308728,19.525003026308728,11.755873707283635,2,6,0.24939450856246112
E2_20260824T221722Z_2ba66f02,2ba66f0209fe1cdec97b8cf5862494c22fb94704318f9601a7a1f9eb4b783796,resolved|constant|identical,resolved,constant,identical,full,exact_null,66,0.0,18,0.8181818181818182,21.203369875979217,21.203369875979217,11.62675118427019,3,6,0.23272109895439166
E2_20260824T221722Z_2ba66f02,2ba66f0209fe1cdec97b8cf5862494c22fb94704318f9601a7a1f9eb4b783796,resolved|constant|identical,resolved,constant,identical,full,exact_null,67,0.0,16,0.7272727272727273,20.733840245584464,20.733840245584464,12.537889976218558,2,5,0.21439163856845053
E2_20260824T221722Z_2ba66f02,2ba66f0209fe1cdec97b8cf5862494c22fb94704318f9601a7a1f9eb4b783796,resolved|constant|identical,resolved,constant,identical,full,exact_null,68,0.0,21,0.9545454545454546,19.57573326721845,19.57573326721845,12.446858978029287,3,6,0.23089810974521452
E2_20260824T221722Z_2ba66f02,2ba66f0209fe1cdec97b8cf5862494c22fb94704318f9601a7a1f9eb4b783796,resolved|constant|identical,resolved,constant,identical,full,exact_null,69,0.0,11,0.5,20.442436201551494,20.442436201551494,12.526170512064866,3,5,0.31549189637432995
E2_20260824T221722Z_2ba66f02,2ba66f0209fe1cdec97b8cf5862494c22fb94704318f9601a7a1f9eb4b783796,resolved|constant|identical,resolved,constant,identical,full,exact_null,70,0.0,8,0.36363636363636365,18.582206405949517,18.582206405949517,11.690336356940646,3,5,0.3963064920135594
E2_20260824T221722Z_2ba66f02,2ba66f0209fe1cdec97b8cf5862494c22fb94704318f9601a7a1f9eb4b783796,resolved|constant|identical,resolved,constant,identical,full,exact_null,71,0.0,10,0.45454545454545453,20.383439486572456,20.383439486572456,11.46819819597865,2,5,0.24554187147714018
E2_20260824T221722Z_2ba66f02,2ba66f0209fe1cdec97b8cf5862494c22fb94704318f9601a7a1f9eb4b783796,resolved|constant|identical,resolved,constant,identical,full,exact_null,72,0.0,13,0.5909090909090909,19.983840838227646,19.983840838227646,12.161194538079512,2,6,0.30397815202999745
E2_20260824T221722Z_2ba66f02,2ba66f0209fe1cdec97b8cf5862494c22fb94704318f9601a7a1f9eb4b783796,resolved|constant|identical,resolved,constant,identical,full,exact_null,73,0.0,7,0.3181818181818182,20.23028900167649,20.23028900167649,12.424666010937493,2,5,0.26373489160652885
E2_20260824T221722Z_2ba66f02,2ba66f0209fe1cdec97b8cf5862494c22fb94704318f9601a7a1f9eb4b783796,resolved|constant|identical,resolved,constant,identical,full,exact_null,74,0.0,17,0.7727272727272727,19.863898074565384,19.863898074565384,12.349184933133268,3,5,0.3577295620180464
E2_20260824T221722Z_2ba66f02,2ba66f0209fe1cdec97b8cf5862494c22fb94704318f9601a7a1f9eb4b783796,resolved|constant|identical,resolved,constant,identical,full,exact_null,75,0.0,3,0.13636363636363635,20.621052027242087,20.621052027242087,12.35987128841347,2,5,0.2765163627068588
E2_20260824T221722Z_2ba66f02,2ba66f0209fe1cdec97b8cf5862494c22fb94704318f9601a7a1f9eb4b783796,resolved|constant|identical,resolved,constant,identical,full,exact_null,76,0.0,22,1.0,20.676867338429602,20.676867338429602,10.830252341229972,2,5,0.25507694234956674
E2_20260824T221722Z_2ba66f02,2ba66f0209fe1cdec97b8cf5862494c22fb94704318f9601a7a1f9eb4b783796,resolved|constant|identical,resolved,constant,identical,full,exact_null,77,0.0,22,1.0,20.44410455888542,20.44410455888542,10.744666742769622,3,5,0.2521882757316569
E2_20260824T221722Z_2ba66f02,2ba66f0209fe1cdec97b8cf5862494c22fb94704318f9601a7a1f9eb4b783796,resolved|constant|identical,resolved,constant,identical,full,exact_null,78,0.0,6,0.2727272727272727,19.176785910972306,19.176785910972306,11.4901313087822,3,5,0.2891758011980968
E2_20260824T221722Z_2ba66f02,2ba66f0209fe1cdec97b8cf5862494c22fb94704318f9601a7a1f9eb4b783796,resolved|constant|identical,resolved,constant,identical,full,exact_null,79,0.0,17,0.7727272727272727,19.72458147062107,19.72458147062107,11.80214366396782,2,5,0.274695592362704
E2_20260824T221722Z_2ba66f02,2ba66f0209fe1cdec97b8cf5862494c22fb94704318f9601a7a1f9eb4b783796,resolved|constant|identical,resolved,constant,identical,full,exact_null,80,0.0,22,1.0,20.195343318473107,20.195343318473107,11.541998188840786,3,5,0.23291009122079792
E2_20260824T221722Z_2ba66f02,2ba66f0209fe1cdec97b8cf5862494c22fb94704318f9601a7a1f9eb4b783796,resolved|constant|identical,resolved,constant,identical,full,exact_null,81,0.0,12,0.5454545454545454,20.252818426305357,20.252818426305357,12.034730187078363,3,5,0.24882380748317345
E2_20260824T221722Z_2ba66f02,2ba66f0209fe1cdec97b8cf5862494c22fb94704318f9601a7a1f9eb4b783796,resolved|constant|identical,resolved,constant,identical,full,exact_null,82,0.0,4,0.18181818181818182,20.878520562091918,20.878520562091918,11.096575442829753,2,5,0.26292047799173235
E2_20260824T221722Z_2ba66f02,2ba66f0209fe1cdec97b8cf5862494c22fb94704318f9601a7a1f9eb4b783796,resolved|constant|identical,resolved,constant,identical,full,exact_null,83,0.0,11,0.5,20.504619523230666,20.504619523230666,11.873438270097274,3,5,0.30637371992628143
E2_20260824T221722Z_2ba66f02,2ba66f0209fe1cdec97b8cf5862494c22fb94704318f9601a7a1f9eb4b783796,resolved|constant|identical,resolved,constant,identical,full,exact_null,84,0.0,12,0.5454545454545454,20.08919384468463,20.08919384468463,11.149286503794302,2,5,0.28908251549969083
E2_20260824T221722Z_2ba66f02,2ba66f0209fe1cdec97b8cf5862494c22fb94704318f9601a7a1f9eb4b783796,resolved|constant|identical,resolved,constant,identical,full,exact_null,85,0.0,0,0.0,21.377581430039292,21.377581430039292,12.27774661367641,3,5,0.2385200817317828
E2_20260824T221722Z_2ba66f02,2ba66f0209fe1cdec97b8cf5862494c22fb94704318f9601a7a1f9eb4b783796,resolved|constant|identical,resolved,constant,identical,full,exact_null,86,0.0,8,0.36363636363636365,19.06301180805496,19.06301180805496,12.944656365705436,2,5,0.2373014127260598
E2_20260824T221722Z_2ba66f02,2ba66f0209fe1cdec97b8cf5862494c22fb94704318f9601a7a1f9eb4b783796,resolved|constant|identical,resolved,constant,identical,full,exact_null,87,0.0,16,0.7272727272727273,20.147937088804742,20.147937088804742,12.327996887720648,3,5,0.4078574243008939
E2_20260824T221722Z_2ba66f02,2ba66f0209fe1cdec97b8cf5862494c22fb94704318f9601a7a1f9eb4b783796,resolved|constant|identical,resolved,constant,identical,full,exact_null,88,0.0,4,0.18181818181818182,21.67872621040217,21.67872621040217,12.461012201525548,2,5,0.33164781616892813
E2_20260824T221722Z_2ba66f02,2ba66f0209fe1cdec97b8cf5862494c22fb94704318f9601a7a1f9eb4b783796,resolved|constant|identical,resolved,constant,identical,full,exact_null,89,0.0,14,0.6363636363636364,20.919067915031363,20.919067915031363,11.75990600070489,2,5,0.3983836317630911
E2_20260824T221722Z_2ba66f02,2ba66f0209fe1cdec97b8cf5862494c22fb94704318f9601a7a1f9eb4b783796,resolved|constant|identical,resolved,constant,identical,full,exact_null,90,0.0,13,0.5909090909090909,20.465097725453358,20.465097725453358,12.620419524887371,2,5,0.35482365563008283
E2_20260824T221722Z_2ba66f02,2ba66f0209fe1cdec97b8cf5862494c22fb94704318f9601a7a1f9eb4b783796,resolved|constant|identical,resolved,constant,identical,full,exact_null,91,0.0,16,0.7272727272727273,17.77446454336393,17.77446454336393,12.360767761845647,2,5,0.39288849660334735
E2_20260824T221722Z_2ba66f02,2ba66f0209fe1cdec97b8cf5862494c22fb94704318f9601a7a1f9eb4b783796,resolved|constant|identical,resolved,constant,identical,full,exact_null,92,0.0,22,1.0,19.45947042711456,19.45947042711456,12.258174272103076,3,5,0.30950573802993187
E2_20260824T221722Z_2ba66f02,2ba66f0209fe1cdec97b8cf5862494c22fb94704318f9601a7a1f9eb4b783796,resolved|constant|identical,resolved,constant,identical,full,exact_null,93,0.0,5,0.22727272727272727,22.846380452134564,22.846380452134564,12.524745924848212,3,5,0.40287332368713574
E2_20260824T221722Z_2ba66f02,2ba66f0209fe1cdec97b8cf5862494c22fb94704318f9601a7a1f9eb4b783796,resolved|constant|identical,resolved,constant,identical,full,exact_null,94,0.0,1,0.045454545454545456,22.075407702702275,22.075407702702275,12.840831359848586,3,5,0.4011576774389077
E2_20260824T221722Z_2ba66f02,2ba66f0209fe1cdec97b8cf5862494c22fb94704318f9601a7a1f9eb4b783796,resolved|constant|identical,resolved,constant,identical,full,exact_null,95,0.0,7,0.3181818181818182,21.95867026983678,21.95867026983678,12.141786255903739,2,5,0.35689204279410014
E2_20260824T221722Z_2ba66f02,2ba66f0209fe1cdec97b8cf5862494c22fb94704318f9601a7a1f9eb4b783796,resolved|constant|identical,resolved,constant,identical,full,exact_null,96,0.0,0,0.0,22.72088677445779,22.72088677445779,13.306286123523776,2,5,0.29073157514465514
E2_20260824T221722Z_2ba66f02,2ba66f0209fe1cdec97b8cf5862494c22fb94704318f9601a7a1f9eb4b783796,resolved|constant|identical,resolved,constant,identical,full,exact_null,97,0.0,15,0.6818181818181818,21.89830687752002,21.89830687752002,13.408743491411556,2,4,0.3896725345765535
E2_20260824T221722Z_2ba66f02,2ba66f0209fe1cdec97b8cf5862494c22fb94704318f9601a7a1f9eb4b783796,resolved|constant|identical,resolved,constant,identical,full,exact_null,98,0.0,20,0.9090909090909091,23.23586151034462,23.23586151034462,12.754891353395125,3,5,0.26934373814946677
E2_20260824T221722Z_2ba66f02,2ba66f0209fe1cdec97b8cf5862494c22fb94704318f9601a7a1f9eb4b783796,resolved|constant|identical,resolved,constant,identical,full,exact_null,99,0.0,10,0.45454545454545453,22.730838726560933,22.730838726560933,11.376370584128871,2,4,0.3776230774001996
E2_20260824T221722Z_2ba66f02,2ba66f0209fe1cdec97b8cf5862494c22fb94704318f9601a7a1f9eb4b783796,resolved|constant|identical,resolved,constant,identical,full,exact_null,100,0.0,22,1.0,21.131992025120464,21.131992025120464,12.388694554618823,3,5,0.3210447319742018
E2_20260824T221722Z_2ba66f02,2ba66f0209fe1cdec97b8cf5862494c22fb94704318f9601a7a1f9eb4b783796,resolved|constant|identical,resolved,constant,identical,full,exact_null,101,0.0,15,0.6818181818181818,23.862687859514057,23.862687859514057,12.697320603942842,2,5,0.3761782625202838
E2_20260824T221722Z_2ba66f02,2ba66f0209fe1cdec97b8cf5862494c22fb94704318f9601a7a1f9eb4b783796,resolved|constant|identical,resolved,constant,identical,full,exact_null,102,0.0,12,0.5454545454545454,22.862538803383476,22.862538803383476,12.822401905262751,2,5,0.3638405905851221
E2_20260824T221722Z_2ba66f02,2ba66f0209fe1cdec97b8cf5862494c22fb94704318f9601a7a1f9eb4b783796,resolved|constant|identical,resolved,constant,identical,full,exact_null,103,0.0,18,0.8181818181818182,21.905260607695563,21.905260607695563,13.814116060751875,3,4,0.34843666457978784
E2_20260824T221722Z_2ba66f02,2ba66f0209fe1cdec97b8cf5862494c22fb94704318f9601a7a1f9eb4b783796,resolved|constant|identical,resolved,constant,identical,full,exact_null,104,0.0,6,0.2727272727272727,22.693698227226786,22.693698227226786,12.488805922679042,2,5,0.2920983115639983
E2_20260824T221722Z_2ba66f02,2ba66f0209fe1cdec97b8cf5862494c22fb94704318f9601a7a1f9eb4b783796,resolved|constant|identical,resolved,constant,identical,full,exact_null,105,0.0,21,0.9545454545454546,20.0622481176572,20.0622481176572,13.363708152470787,3,4,0.37835289310731757
E2_20260824T221722Z_2ba66f02,2ba66f0209fe1cdec97b8cf5862494c22fb94704318f9601a7a1f9eb4b783796,resolved|constant|identical,resolved,constant,identical,full,exact_null,106,0.0,12,0.5454545454545454,21.549583448606658,21.549583448606658,12.71551097497907,3,5,0.3775755112329273
E2_20260824T221722Z_2ba66f02,2ba66f0209fe1cdec97b8cf5862494c22fb94704318f9601a7a1f9eb4b783796,resolved|constant|identical,resolved,constant,identical,full,exact_null,107,0.0,2,0.09090909090909091,21.004107699723317,21.004107699723317,12.966685411462729,3,5,0.40485668374748607
E2_20260824T221722Z_2ba66f02,2ba66f0209fe1cdec97b8cf5862494c22fb94704318f9601a7a1f9eb4b783796,resolved|constant|identical,resolved,constant,identical,full,exact_null,108,0.0,4,0.18181818181818182,21.111342716513754,21.111342716513754,12.465921855040392,3,5,0.41292671383689233
E2_20260824T221722Z_2ba66f02,2ba66f0209fe1cdec97b8cf5862494c22fb94704318f9601a7a1f9eb4b783796,resolved|constant|identical,resolved,constant,identical,full,exact_null,109,0.0,1,0.045454545454545456,22.650282114350198,22.650282114350198,13.610454583340038,2,4,0.3644886279556876
E2_20260824T221722Z_2ba66f02,2ba66f0209fe1cdec97b8cf5862494c22fb94704318f9601a7a1f9eb4b783796,resolved|constant|identical,resolved,constant,identical,full,exact_null,110,0.0,22,1.0,23.52443248499256,23.52443248499256,12.441826677416188,3,5,0.3004660116707933
E2_20260824T221722Z_2ba66f02,2ba66f0209fe1cdec97b8cf5862494c22fb94704318f9601a7a1f9eb4b783796,resolved|constant|identical,resolved,constant,identical,full,exact_null,111,0.0,21,0.9545454545454546,24.614613657481755,24.614613657481755,12.722761052002163,2,5,0.37925091132201716
E2_20260824T221722Z_2ba66f02,2ba66f0209fe1cdec97b8cf5862494c22fb94704318f9601a7a1f9eb4b783796,resolved|constant|identical,resolved,constant,identical,full,exact_null,112,0.0,10,0.45454545454545453,23.457820707618065,23.457820707618065,12.661729755847336,2,4,0.41189479317416977
E2_20260824T221722Z_2ba66f02,2ba66f0209fe1cdec97b8cf5862494c22fb94704318f9601a7a1f9eb4b783796,resolved|constant|identical,resolved,constant,identical,full,exact_null,113,0.0,2,0.09090909090909091,23.699168721929706,23.699168721929706,12.721945493974372,2,4,0.4065755912485462
E2_20260824T221722Z_2ba66f02,2ba66f0209fe1cdec97b8cf5862494c22fb94704318f9601a7a1f9eb4b783796,resolved|constant|identical,resolved,constant,identical,full,exact_null,114,0.0,16,0.7272727272727273,23.106738669316826,23.106738669316826,12.744872283092365,2,4,0.3644805401006153
E2_20260824T221722Z_2ba66f02,2ba66f0209fe1cdec97b8cf5862494c22fb94704318f9601a7a1f9eb4b783796,resolved|constant|identical,resolved,constant,identical,full,exact_null,115,0.0,14,0.6363636363636364,23.421657997161642,23.421657997161642,12.252526533483165,2,4,0.3779713239592508
E2_20260824T221722Z_2ba66f02,2ba66f0209fe1cdec97b8cf5862494c22fb94704318f9601a7a1f9eb4b783796,resolved|constant|identical,resolved,constant,identical,full,exact_null,116,0.0,0,0.0,24.27369722622242,24.27369722622242,12.447248806450274,3,4,0.35418319180534547
E2_20260824T221722Z_2ba66f02,2ba66f0209fe1cdec97b8cf5862494c22fb94704318f9601a7a1f9eb4b783796,resolved|constant|identical,resolved,constant,identical,full,exact_null,117,0.0,4,0.18181818181818182,24.859742311052177,24.859742311052177,11.884918275070161,3,4,0.3828615563807904
E2_20260824T221722Z_2ba66f02,2ba66f0209fe1cdec97b8cf5862494c22fb94704318f9601a7a1f9eb4b783796,resolved|constant|identical,resolved,constant,identical,full,exact_null,118,0.0,22,1.0,22.40137148719493,22.40137148719493,13.156466021136023,3,4,0.3823871425832701
E2_20260824T221722Z_2ba66f02,2ba66f0209fe1cdec97b8cf5862494c22fb94704318f9601a7a1f9eb4b783796,resolved|constant|identical,resolved,constant,identical,full,exact_null,119,0.0,21,0.9545454545454546,24.12802041070497,24.12802041070497,12.017549213836025,3,4,0.38847906961642603
E2_20260824T221722Z_2ba66f02,2ba66f0209fe1cdec97b8cf5862494c22fb94704318f9601a7a1f9eb4b783796,resolved|constant|identical,resolved,constant,identical,full,exact_null,120,0.0,0,0.0,25.09108342174654,25.09108342174654,13.642033555084597,2,4,0.4171188821915312
E2_20260824T221722Z_2ba66f02,2ba66f0209fe1cdec97b8cf5862494c22fb94704318f9601a7a1f9eb4b783796,resolved|constant|identical,resolved,constant,identical,full,exact_null,121,0.0,0,0.0,23.590306139518358,23.590306139518358,11.456820597859107,2,4,0.4635741828466148
E2_20260824T221722Z_2ba66f02,2ba66f0209fe1cdec97b8cf5862494c22fb94704318f9601a7a1f9eb4b783796,resolved|constant|identical,resolved,constant,identical,full,exact_null,122,0.0,22,1.0,22.67430458469273,22.67430458469273,13.971423446598502,2,4,0.35303167317542844
E2_20260824T221722Z_2ba66f02,2ba66f0209fe1cdec97b8cf5862494c22fb94704318f9601a7a1f9eb4b783796,resolved|constant|identical,resolved,constant,identical,full,exact_null,123,0.0,0,0.0,26.69965214962987,26.69965214962987,12.302434811851183,3,4,0.44624550475259483
E2_20260824T221722Z_2ba66f02,2ba66f0209fe1cdec97b8cf5862494c22fb94704318f9601a7a1f9eb4b783796,resolved|constant|identical,resolved,constant,identical,full,exact_null,124,0.0,19,0.8636363636363636,23.095523209306457,23.095523209306457,14.00597366187433,3,4,0.442113535424209
E2_20260824T221722Z_2ba66f02,2ba66f0209fe1cdec97b8cf5862494c22fb94704318f9601a7a1f9eb4b783796,resolved|constant|identical,resolved,constant,identical,full,exact_null,125,0.0,12,0.5454545454545454,17.899349452965183,17.899349452965183,14.159266408752448,3,4,0.48239690289460296
E2_20260824T221722Z_2ba66f02,2ba66f0209fe1cdec97b8cf5862494c22fb94704318f9601a7a1f9eb4b783796,resolved|constant|identical,resolved,constant,identical,full,exact_null,126,0.0,12,0.5454545454545454,23.325826516187554,23.325826516187554,13.600463632823764,2,4,0.4575810773271108
E2_20260824T221722Z_2ba66f02,2ba66f0209fe1cdec97b8cf5862494c22fb94704318f9601a7a1f9eb4b783796,resolved|constant|identical,resolved,constant,identical,full,exact_null,127,0.0,19,0.8636363636363636,25.43546946191342,25.43546946191342,12.260173812676301,3,4,0.3882789312544753
E2_20260824T221722Z_2ba66f02,2ba66f0209fe1cdec97b8cf5862494c22fb94704318f9601a7a1f9eb4b783796,resolved|constant|identical,resolved,constant,identical,full,exact_null,128,0.0,15,0.6818181818181818,22.995237354080096,22.995237354080096,12.979196470522943,3,4,0.41009996369418666
E2_20260824T221722Z_2ba66f02,2ba66f0209fe1cdec97b8cf5862494c22fb94704318f9601a7a1f9eb4b783796,resolved|constant|identical,resolved,constant,identical,full,exact_null,129,0.0,0,0.0,23.211805236975643,23.211805236975643,13.854930221343425,2,4,0.4653622405336528
E2_20260824T221722Z_2ba66f02,2ba66f0209fe1cdec97b8cf5862494c22fb94704318f9601a7a1f9eb4b783796,resolved|constant|identical,resolved,constant,identical,full,exact_null,130,0.0,20,0.9090909090909091,25.619720410049386,25.619720410049386,12.513939091913569,2,4,0.36914874299573547
E2_20260824T221722Z_2ba66f02,2ba66f0209fe1cdec97b8cf5862494c22fb94704318f9601a7a1f9eb4b783796,resolved|constant|identical,resolved,constant,identical,full,exact_null,131,0.0,22,1.0,26.60064949203639,26.60064949203639,11.956411614971488,2,4,0.4252005592045706
E2_20260824T221722Z_2ba66f02,2ba66f0209fe1cdec97b8cf5862494c22fb94704318f9601a7a1f9eb4b783796,resolved|constant|identical,resolved,constant,identical,full,exact_null,132,0.0,1,0.045454545454545456,22.98010724656961,22.98010724656961,13.72928788507146,2,4,0.4787462707260995
E2_20260824T221722Z_2ba66f02,2ba66f0209fe1cdec97b8cf5862494c22fb94704318f9601a7a1f9eb4b783796,resolved|constant|identical,resolved,constant,identical,full,exact_null,133,0.0,13,0.5909090909090909,24.5110466635573,24.5110466635573,12.822347276940778,2,4,0.43869121533984157
E2_20260824T221722Z_2ba66f02,2ba66f0209fe1cdec97b8cf5862494c22fb94704318f9601a7a1f9eb4b783796,resolved|constant|identical,resolved,constant,identical,full,exact_null,134,0.0,16,0.7272727272727273,27.89763313801307,27.89763313801307,11.431928274762878,2,4,0.4589801850252196
E2_20260824T221722Z_2ba66f02,2ba66f0209fe1cdec97b8cf5862494c22fb94704318f9601a7a1f9eb4b783796,resolved|constant|identical,resolved,constant,identical,full,exact_null,135,0.0,6,0.2727272727272727,25.937000887211163,25.937000887211163,12.749890841702785,2,4,0.37739148327343996
E2_20260824T221722Z_2ba66f02,2ba66f0209fe1cdec97b8cf5862494c22fb94704318f9601a7a1f9eb4b783796,resolved|constant|identical,resolved,constant,identical,full,exact_null,136,0.0,8,0.36363636363636365,24.655485476440834,24.655485476440834,12.598014576229511,2,4,0.4564902920420462
E2_20260824T221722Z_2ba66f02,2ba66f0209fe1cdec97b8cf5862494c22fb94704318f9601a7a1f9eb4b783796,resolved|constant|identical,resolved,constant,identical,full,exact_null,137,0.0,5,0.22727272727272727,26.191404354035054,26.191404354035054,13.12716664884258,2,4,0.43526892612737156
E2_20260824T221722Z_2ba66f02,2ba66f0209fe1cdec97b8cf5862494c22fb94704318f9601a7a1f9eb4b783796,resolved|constant|identical,resolved,constant,identical,full,exact_null,138,0.0,11,0.5,22.930760358544315,22.930760358544315,12.156161659640496,3,4,0.41690547774280984
E2_20260824T221722Z_2ba66f02,2ba66f0209fe1cdec97b8cf5862494c22fb94704318f9601a7a1f9eb4b783796,resolved|constant|identical,resolved,constant,identical,full,exact_null,139,0.0,5,0.22727272727272727,28.557309587582917,28.557309587582917,11.259075207360237,2,4,0.42760511003307394
E2_20260824T221722Z_2ba66f02,2ba66f0209fe1cdec97b8cf5862494c22fb94704318f9601a7a1f9eb4b783796,resolved|constant|identical,resolved,constant,identical,full,exact_null,140,0.0,14,0.6363636363636364,26.554474132962767,26.554474132962767,12.5134650885986,3,4,0.46623321677356133
E2_20260824T221722Z_2ba66f02,2ba66f0209fe1cdec97b8cf5862494c22fb94704318f9601a7a1f9eb4b783796,resolved|constant|identical,resolved,constant,identical,full,exact_null,141,0.0,3,0.13636363636363635,24.420541020738355,24.420541020738355,13.282474610461684,2,4,0.5029784308227135
E2_20260824T221722Z_2ba66f02,2ba66f0209fe1cdec97b8cf5862494c22fb94704318f9601a7a1f9eb4b783796,resolved|constant|identical,resolved,constant,identical,full,exact_null,142,0.0,3,0.13636363636363635,25.38672256657481,25.38672256657481,12.99241352969649,2,4,0.4170815342310145
E2_20260824T221722Z_2ba66f02,2ba66f0209fe1cdec97b8cf5862494c22fb94704318f9601a7a1f9eb4b783796,resolved|constant|identical,resolved,constant,identical,full,exact_null,143,0.0,4,0.18181818181818182,27.831540446607296,27.831540446607296,12.594195796224687,2,4,0.5606351752788667
E2_20260824T221722Z_2ba66f02,2ba66f0209fe1cdec97b8cf5862494c22fb94704318f9601a7a1f9eb4b783796,resolved|constant|identical,resolved,constant,identical,full,exact_null,144,0.0,0,0.0,27.99032641608707,27.99032641608707,12.073076026275416,2,4,0.4080033403234789
E2_20260824T221722Z_2ba66f02,2ba66f0209fe1cdec97b8cf5862494c22fb94704318f9601a7a1f9eb4b783796,resolved|constant|identical,resolved,constant,identical,full,exact_null,145,0.0,6,0.2727272727272727,26.194289990833955,26.194289990833955,12.26700484101175,3,3,0.5041599795887481
E2_20260824T221722Z_2ba66f02,2ba66f0209fe1cdec97b8cf5862494c22fb94704318f9601a7a1f9eb4b783796,resolved|constant|identical,resolved,constant,identical,full,exact_null,146,0.0,8,0.36363636363636365,30.39351165033705,30.39351165033705,11.067770795685679,2,3,0.5893336678243899
E2_20260824T221722Z_2ba66f02,2ba66f0209fe1cdec97b8cf5862494c22fb94704318f9601a7a1f9eb4b783796,resolved|constant|identical,resolved,constant,identical,full,exact_null,147,0.0,9,0.4090909090909091,28.991096842367135,28.991096842367135,11.46961089224013,3,4,0.4632316653221179
E2_20260824T221722Z_2ba66f02,2ba66f0209fe1cdec97b8cf5862494c22fb94704318f9601a7a1f9eb4b783796,resolved|constant|identical,resolved,constant,identical,full,exact_null,148,0.0,21,0.9545454545454546,28.90388662165296,28.90388662165296,12.052448017672003,2,4,0.5191618387078756
E2_20260824T221722Z_2ba66f02,2ba66f0209fe1cdec97b8cf5862494c22fb94704318f9601a7a1f9eb4b783796,resolved|constant|identical,resolved,constant,identical,full,exact_null,149,0.0,16,0.7272727272727273,30.1272306378962,30.1272306378962,11.448881028943475,2,4,0.411833368411457
E2_20260824T221722Z_2ba66f02,2ba66f0209fe1cdec97b8cf5862494c22fb94704318f9601a7a1f9eb4b783796,resolved|constant|identical,resolved,constant,identical,full,exact_null,150,0.0,9,0.4090909090909091,28.53303274805026,28.53303274805026,12.633596714855653,2,4,0.5123459616085145
E2_20260824T221722Z_2ba66f02,2ba66f0209fe1cdec97b8cf5862494c22fb94704318f9601a7a1f9eb4b783796,resolved|constant|identical,resolved,constant,identical,full,exact_null,151,0.0,6,0.2727272727272727,27.805415520675936,27.805415520675936,12.683955983299226,2,4,0.5110243471025514
E2_20260824T221722Z_2ba66f02,2ba66f0209fe1cdec97b8cf5862494c22fb94704318f9601a7a1f9eb4b783796,resolved|constant|identical,resolved,constant,identical,full,exact_null,152,0.0,7,0.3181818181818182,28.129307602936695,28.129307602936695,12.445425843596505,2,4,0.5850584315401415
E2_20260824T221722Z_2ba66f02,2ba66f0209fe1cdec97b8cf5862494c22fb94704318f9601a7a1f9eb4b783796,resolved|constant|identical,resolved,constant,identical,full,exact_null,153,0.0,0,0.0,28.811109438592194,28.811109438592194,13.780624262672289,2,4,0.49946329702100717
E2_20260824T221722Z_2ba66f02,2ba66f0209fe1cdec97b8cf5862494c22fb94704318f9601a7a1f9eb4b783796,resolved|constant|identical,resolved,constant,identical,full,exact_null,154,0.0,8,0.36363636363636365,30.640391193756127,30.640391193756127,12.130910561630218,2,4,0.42334557704009795
E2_20260824T221722Z_2ba66f02,2ba66f0209fe1cdec97b8cf5862494c22fb94704318f9601a7a1f9eb4b783796,resolved|constant|identical,resolved,constant,identical,full,exact_null,155,0.0,10,0.45454545454545453,27.26263610712989,27.26263610712989,11.790962541736468,2,4,0.5690096859041751
E2_20260824T221722Z_2ba66f02,2ba66f0209fe1cdec97b8cf5862494c22fb94704318f9601a7a1f9eb4b783796,resolved|constant|identical,resolved,constant,identical,full,exact_null,156,0.0,10,0.45454545454545453,28.564675733551905,28.564675733551905,11.543487673893033,2,4,0.5575658798722232
E2_20260824T221722Z_2ba66f02,2ba66f0209fe1cdec97b8cf5862494c22fb94704318f9601a7a1f9eb4b783796,resolved|constant|identical,resolved,constant,identical,full,exact_null,157,0.0,1,0.045454545454545456,29.611987582453047,29.611987582453047,11.396194974824487,3,3,0.5506089546051535
E2_20260824T221722Z_2ba66f02,2ba66f0209fe1cdec97b8cf5862494c22fb94704318f9601a7a1f9eb4b783796,resolved|constant|identical,resolved,constant,identical,full,exact_null,158,0.0,0,0.0,30.53043502138192,30.53043502138192,10.292481351338221,3,3,0.5663142023399446
E2_20260824T221722Z_2ba66f02,2ba66f0209fe1cdec97b8cf5862494c22fb94704318f9601a7a1f9eb4b783796,resolved|constant|identical,resolved,constant,identical,full,exact_null,159,0.0,19,0.8636363636363636,28.72909633856647,28.72909633856647,12.789201598862501,3,4,0.3973822943792557
E2_20260824T221722Z_2ba66f02,2ba66f0209fe1cdec97b8cf5862494c22fb94704318f9601a7a1f9eb4b783796,resolved|constant|identical,resolved,constant,identical,full,exact_null,160,0.0,14,0.6363636363636364,30.04242063434168,30.04242063434168,11.361844286585733,1,4,0.5691639573701448
E2_20260824T221722Z_2ba66f02,2ba66f0209fe1cdec97b8cf5862494c22fb94704318f9601a7a1f9eb4b783796,resolved|constant|identical,resolved,constant,identical,full,exact_null,161,0.0,22,1.0,28.75517733574725,28.75517733574725,12.166722034886147,3,3,0.6171349809188954
E2_20260824T221722Z_2ba66f02,2ba66f0209fe1cdec97b8cf5862494c22fb94704318f9601a7a1f9eb4b783796,resolved|constant|identical,resolved,constant,identical,full,exact_null,162,0.0,2,0.09090909090909091,30.315929612004645,30.315929612004645,12.262269603687622,3,3,0.6570213365377237
E2_20260824T221722Z_2ba66f02,2ba66f0209fe1cdec97b8cf5862494c22fb94704318f9601a7a1f9eb4b783796,resolved|constant|identical,resolved,constant,identical,full,exact_null,163,0.0,10,0.45454545454545453,31.97066811712556,31.97066811712556,11.262095142422329,2,3,0.6277783663652506
E2_20260824T221722Z_2ba66f02,2ba66f0209fe1cdec97b8cf5862494c22fb94704318f9601a7a1f9eb4b783796,resolved|constant|identical,resolved,constant,identical,full,exact_null,164,0.0,6,0.2727272727272727,29.92876520092663,29.92876520092663,13.062072614216165,2,4,0.4724527869198801
E2_20260824T221722Z_2ba66f02,2ba66f0209fe1cdec97b8cf5862494c22fb94704318f9601a7a1f9eb4b783796,resolved|constant|identical,resolved,constant,identical,full,exact_null,165,0.0,20,0.9090909090909091,32.93749356646167,32.93749356646167,11.083750254945716,3,3,0.7539025577702813
E2_20260824T221722Z_2ba66f02,2ba66f0209fe1cdec97b8cf5862494c22fb94704318f9601a7a1f9eb4b783796,resolved|constant|identical,resolved,constant,identical,full,exact_null,166,0.0,13,0.5909090909090909,33.28106122292617,33.28106122292617,8.279941398751872,3,3,0.6938383724384062
E2_20260824T221722Z_2ba66f02,2ba66f0209fe1cdec97b8cf5862494c22fb94704318f9601a7a1f9eb4b783796,resolved|constant|identical,resolved,constant,identical,full,exact_null,167,0.0,5,0.22727272727272727,18.299583704527915,18.299583704527915,10.98443674573924,3,5,0.3021475427280823
E2_20260824T221722Z_2ba66f02,2ba66f0209fe1cdec97b8cf5862494c22fb94704318f9601a7a1f9eb4b783796,resolved|constant|identical,resolved,constant,identical,full,exact_null,168,0.0,22,1.0,18.63996664337747,18.63996664337747,12.025807753444631,3,5,0.2621056344495258
E2_20260824T221722Z_2ba66f02,2ba66f0209fe1cdec97b8cf5862494c22fb94704318f9601a7a1f9eb4b783796,resolved|constant|identical,resolved,constant,identical,full,exact_null,169,0.0,21,0.9545454545454546,20.21420098664681,20.21420098664681,11.907540845306423,3,5,0.2793243061543463
E2_20260824T221722Z_2ba66f02,2ba66f0209fe1cdec97b8cf5862494c22fb94704318f9601a7a1f9eb4b783796,resolved|constant|identical,resolved,constant,identical,full,exact_null,170,0.0,5,0.22727272727272727,19.05224067754719,19.05224067754719,12.327654358345736,2,5,0.34512467249651796
E2_20260824T221722Z_2ba66f02,2ba66f0209fe1cdec97b8cf5862494c22fb94704318f9601a7a1f9eb4b783796,resolved|constant|identical,resolved,constant,identical,full,exact_null,171,0.0,8,0.36363636363636365,19.223428298675127,19.223428298675127,12.139425196968388,3,5,0.34070392446986664
E2_20260824T221722Z_2ba66f02,2ba66f0209fe1cdec97b8cf5862494c22fb94704318f9601a7a1f9eb4b783796,resolved|constant|identical,resolved,constant,identical,full,exact_null,172,0.0,0,0.0,19.475908145805107,19.475908145805107,13.139368236876853,3,5,0.29746166387447254
E2_20260824T221722Z_2ba66f02,2ba66f0209fe1cdec97b8cf5862494c22fb94704318f9601a7a1f9eb4b783796,resolved|constant|identical,resolved,constant,identical,full,exact_null,173,0.0,5,0.22727272727272727,19.222920295466345,19.222920295466345,11.269008677219706,3,5,0.4487414280460151
E2_20260824T221722Z_2ba66f02,2ba66f0209fe1cdec97b8cf5862494c22fb94704318f9601a7a1f9eb4b783796,resolved|constant|identical,resolved,constant,identical,full,exact_null,174,0.0,6,0.2727272727272727,23.295865564873502,23.295865564873502,12.83064891087985,3,4,0.3914979571212985
E2_20260824T221722Z_2ba66f02,2ba66f0209fe1cdec97b8cf5862494c22fb94704318f9601a7a1f9eb4b783796,resolved|constant|identical,resolved,constant,identical,full,exact_null,175,0.0,12,0.5454545454545454,1.2194365770278446e-24,1.2194365770278446e-24,5.266682798553612e-12,2,2,0.525806478721565
E2_20260824T221722Z_2ba66f02,2ba66f0209fe1cdec97b8cf5862494c22fb94704318f9601a7a1f9eb4b783796,resolved|constant|identical,resolved,constant,identical,full,near_null,0,0.18400738167822106,10,0.45454545454545453,32.090908451593826,32.090908451593826,0.42560401846681906,1,4,0.31825167606062854
E2_20260824T221722Z_2ba66f02,2ba66f0209fe1cdec97b8cf5862494c22fb94704318f9601a7a1f9eb4b783796,resolved|constant|identical,resolved,constant,identical,full,near_null,1,0.184007381678221,0,0.0,33.64596035379153,33.64596035379153,0.648406733306313,1,4,0.31825167606062815
E2_20260824T221722Z_2ba66f02,2ba66f0209fe1cdec97b8cf5862494c22fb94704318f9601a7a1f9eb4b783796,resolved|constant|identical,resolved,constant,identical,full,near_null,2,0.18400738167822095,15,0.6818181818181818,34.92020263726046,34.92020263726046,0.3120491066420895,1,4,0.31825167606062676
E2_20260824T221722Z_2ba66f02,2ba66f0209fe1cdec97b8cf5862494c22fb94704318f9601a7a1f9eb4b783796,resolved|constant|identical,resolved,constant,identical,full,near_null,3,0.18400738167822087,22,1.0,33.34292855735419,33.34292855735419,0.5025583519022845,1,4,0.31825167606062743
E2_20260824T221722Z_2ba66f02,2ba66f0209fe1cdec97b8cf5862494c22fb94704318f9601a7a1f9eb4b783796,resolved|constant|identical,resolved,constant,identical,full,near_null,4,0.10901196016068589,15,0.6818181818181818,37.34709317945508,37.34709317945508,0.5358804455080984,0,4,0.3077668870567044
E2_20260824T221722Z_2ba66f02,2ba66f0209fe1cdec97b8cf5862494c22fb94704318f9601a7a1f9eb4b783796,resolved|constant|identical,resolved,constant,identical,full,near_null,5,0.10901196016068586,0,0.0,38.86541830483327,38.86541830483327,0.46878533509561165,0,4,0.3077668870567094
E2_20260824T221722Z_2ba66f02,2ba66f0209fe1cdec97b8cf5862494c22fb94704318f9601a7a1f9eb4b783796,resolved|constant|identical,resolved,constant,identical,full,near_null,6,0.10901196016068573,22,1.0,36.11903733663343,36.11903733663343,0.4728148940063703,0,4,0.30776688705671207
E2_20260824T221722Z_2ba66f02,2ba66f0209fe1cdec97b8cf5862494c22fb94704318f9601a7a1f9eb4b783796,resolved|constant|identical,resolved,constant,identical,full,near_null,7,0.10901196016068572,11,0.5,37.668451179078225,37.668451179078225,0.668084735223639,0,4,0.30776688705671085
E2_20260824T221722Z_2ba66f02,2ba66f0209fe1cdec97b8cf5862494c22fb94704318f9601a7a1f9eb4b783796,resolved|constant|identical,resolved,constant,identical,full,near_null,8,0.0976390853772087,18,0.8181818181818182,38.02294546279131,38.02294546279131,0.8411732051193668,1,4,0.31825167606063126
E2_20260824T221722Z_2ba66f02,2ba66f0209fe1cdec97b8cf5862494c22fb94704318f9601a7a1f9eb4b783796,resolved|constant|identical,resolved,constant,identical,full,near_null,9,0.09763908537720867,22,1.0,36.1749977894535,36.1749977894535,0.5626481720710738,1,4,0.31825167606062466
E2_20260824T221722Z_2ba66f02,2ba66f0209fe1cdec97b8cf5862494c22fb94704318f9601a7a1f9eb4b783796,resolved|constant|identical,resolved,constant,identical,full,near_null,10,0.09763908537720864,8,0.36363636363636365,38.60828158754533,38.60828158754533,0.6731806270100292,1,4,0.3182516760606274
E2_20260824T221722Z_2ba66f02,2ba66f0209fe1cdec97b8cf5862494c22fb94704318f9601a7a1f9eb4b783796,resolved|constant|identical,resolved,constant,identical,full,near_null,11,0.09763908537720864,0,0.0,37.19377516020986,37.19377516020986,0.414147283063737,1,4,0.3182516760606264
E2_20260824T221722Z_2ba66f02,2ba66f0209fe1cdec97b8cf5862494c22fb94704318f9601a7a1f9eb4b783796,resolved|constant|identical,resolved,constant,identical,full,near_null,12,0.052447694031011384,19,0.8636363636363636,41.76572618852352,41.76572618852352,0.6709551624015581,0,4,0.307766887056708
E2_20260824T221722Z_2ba66f02,2ba66f0209fe1cdec97b8cf5862494c22fb94704318f9601a7a1f9eb4b783796,resolved|constant|identical,resolved,constant,identical,full,near_null,13,0.052447694031011356,9,0.4090909090909091,41.531237423091916,41.531237423091916,0.845365174631995,0,4,0.3077668870567097
E2_20260824T221722Z_2ba66f02,2ba66f0209fe1cdec97b8cf5862494c22fb94704318f9601a7a1f9eb4b783796,resolved|constant|identical,resolved,constant,identical,full,near_null,14,0.052447694031011356,22,1.0,40.41772967643088,40.41772967643088,0.9368391814742423,0,4,0.30776688705670924
E2_20260824T221722Z_2ba66f02,2ba66f0209fe1cdec97b8cf5862494c22fb94704318f9601a7a1f9eb4b783796,resolved|constant|identical,resolved,constant,identical,full,near_null,15,0.05244769403101135,0,0.0,42.28530671195367,42.28530671195367,1.047810751345016,0,4,0.3077668870567104
E2_20260824T221722Z_2ba66f02,2ba66f0209fe1cdec97b8cf5862494c22fb94704318f9601a7a1f9eb4b783796,resolved|constant|identical,resolved,constant,identical,full,near_null,16,0.04697599114613903,13,0.5909090909090909,41.56022517521514,41.56022517521514,0.6139985874243831,1,4,0.31825167606062854
E2_20260824T221722Z_2ba66f02,2ba66f0209fe1cdec97b8cf5862494c22fb94704318f9601a7a1f9eb4b783796,resolved|constant|identical,resolved,constant,identical,full,near_null,17,0.04697599114613902,0,0.0,41.56506234500308,41.56506234500308,0.7352769227600332,1,4,0.31825167606062715
E2_20260824T221722Z_2ba66f02,2ba66f0209fe1cdec97b8cf5862494c22fb94704318f9601a7a1f9eb4b783796,resolved|constant|identical,resolved,constant,identical,full,near_null,18,0.04697599114613901,14,0.6363636363636364,42.401915932124076,42.401915932124076,1.0696718645114789,1,4,0.31825167606062527
E2_20260824T221722Z_2ba66f02,2ba66f0209fe1cdec97b8cf5862494c22fb94704318f9601a7a1f9eb4b783796,resolved|constant|identical,resolved,constant,identical,full,near_null,19,0.04697599114613899,22,1.0,40.472796547657715,40.472796547657715,1.0303961481778712,1,4,0.31825167606062804
E2_20260824T221722Z_2ba66f02,2ba66f0209fe1cdec97b8cf5862494c22fb94704318f9601a7a1f9eb4b783796,resolved|none|rotation_shear,resolved,none,rotation_shear,restricted,near_null,0,1.1375162821431486,1,0.045454545454545456,10.582121104536801,10.582121104536801,5.099058307789774,1,4,0.3918493118055277
E2_20260824T221722Z_2ba66f02,2ba66f0209fe1cdec97b8cf5862494c22fb94704318f9601a7a1f9eb4b783796,resolved|none|rotation_shear,resolved,none,rotation_shear,restricted,near_null,1,1.1163565793543222,2,0.09090909090909091,15.994949219597391,15.994949219597391,6.662340808647178,1,4,0.3918493118055283
E2_20260824T221722Z_2ba66f02,2ba66f0209fe1cdec97b8cf5862494c22fb94704318f9601a7a1f9eb4b783796,resolved|none|rotation_shear,resolved,none,rotation_shear,restricted,near_null,2,0.6848257782261188,2,0.09090909090909091,25.985623183340053,25.985623183340053,7.369524120728308,0,4,0.502509811211557
E2_20260824T221722Z_2ba66f02,2ba66f0209fe1cdec97b8cf5862494c22fb94704318f9601a7a1f9eb4b783796,resolved|none|rotation_shear,resolved,none,rotation_shear,restricted,near_null,3,0.5911132010349129,2,0.09090909090909091,25.985623183340056,25.985623183340056,7.369524120728312,1,4,0.3918493118055277
E2_20260824T221722Z_2ba66f02,2ba66f0209fe1cdec97b8cf5862494c22fb94704318f9601a7a1f9eb4b783796,resolved|none|rotation_shear,resolved,none,rotation_shear,restricted,near_null,4,0.4538073765110617,0,0.0,3.759119955070307,3.759119955070307,3.146514814499617,1,4,0.4905099553799358
E2_20260824T221722Z_2ba66f02,2ba66f0209fe1cdec97b8cf5862494c22fb94704318f9601a7a1f9eb4b783796,resolved|none|rotation_shear,resolved,none,rotation_shear,restricted,near_null,5,0.45379077739297347,1,0.045454545454545456,10.58212110420706,10.58212110420706,5.099058308074372,1,4,0.49050995537993597
E2_20260824T221722Z_2ba66f02,2ba66f0209fe1cdec97b8cf5862494c22fb94704318f9601a7a1f9eb4b783796,resolved|none|rotation_shear,resolved,none,rotation_shear,restricted,near_null,6,0.44534951098766584,2,0.09090909090909091,15.994949219597466,15.994949219597466,6.662340808647175,1,4,0.49050995537993575
E2_20260824T221722Z_2ba66f02,2ba66f0209fe1cdec97b8cf5862494c22fb94704318f9601a7a1f9eb4b783796,resolved|none|rotation_shear,resolved,none,rotation_shear,restricted,near_null,7,0.23627465455355148,0,0.0,3.7591199551393353,3.7591199551393353,3.146514814552678,2,5,0.2614368010048194
E2_20260824T221722Z_2ba66f02,2ba66f0209fe1cdec97b8cf5862494c22fb94704318f9601a7a1f9eb4b783796,resolved|none|rotation_shear,resolved,none,rotation_shear,restricted,near_null,8,0.2362660122284259,1,0.045454545454545456,10.582121104138013,10.582121104138013,5.099058308133954,2,5,0.2614368010048196
E2_20260824T221722Z_2ba66f02,2ba66f0209fe1cdec97b8cf5862494c22fb94704318f9601a7a1f9eb4b783796,resolved|none|rotation_shear,resolved,none,rotation_shear,restricted,near_null,9,0.23581352041792206,2,0.09090909090909091,25.985623183340046,25.985623183340046,7.369524120728307,1,4,0.4905099553799358
E2_20260824T221722Z_2ba66f02,2ba66f0209fe1cdec97b8cf5862494c22fb94704318f9601a7a1f9eb4b783796,resolved|none|rotation_shear,resolved,none,rotation_shear,restricted,near_null,10,0.23187106977675803,2,0.09090909090909091,15.994949219597473,15.994949219597473,6.662340808647207,2,5,0.2614368010048195
E2_20260824T221722Z_2ba66f02,2ba66f0209fe1cdec97b8cf5862494c22fb94704318f9601a7a1f9eb4b783796,resolved|none|rotation_shear,resolved,none,rotation_shear,restricted,near_null,11,0.1227762283287682,2,0.09090909090909091,25.98562318334006,25.98562318334006,7.369524120728307,2,5,0.26143680100481964
E2_20260824T221722Z_2ba66f02,2ba66f0209fe1cdec97b8cf5862494c22fb94704318f9601a7a1f9eb4b783796,resolved|none|rotation_shear,resolved,none,rotation_shear,restricted,near_null,12,0.06042619769293008,1,0.045454545454545456,33.142192490601154,33.142192490601154,4.725485692017375,0,4,0.5025098112115557
E2_20260824T221722Z_2ba66f02,2ba66f0209fe1cdec97b8cf5862494c22fb94704318f9601a7a1f9eb4b783796,resolved|none|rotation_shear,resolved,none,rotation_shear,restricted,near_null,13,0.05215738700309645,1,0.045454545454545456,33.14219249060114,33.14219249060114,4.725485692017373,1,4,0.39184931180552607
E2_20260824T221722Z_2ba66f02,2ba66f0209fe1cdec97b8cf5862494c22fb94704318f9601a7a1f9eb4b783796,resolved|none|rotation_shear,resolved,none,rotation_shear,restricted,near_null,14,0.020807210908953683,1,0.045454545454545456,33.142192490601154,33.142192490601154,4.725485692017374,1,4,0.49050995537993447
E2_20260824T221722Z_2ba66f02,2ba66f0209fe1cdec97b8cf5862494c22fb94704318f9601a7a1f9eb4b783796,resolved|none|rotation_shear,resolved,none,rotation_shear,restricted,near_null,15,0.010833267205862763,1,0.045454545454545456,33.14219249060113,33.14219249060113,4.725485692017366,2,5,0.26143680100481786
E2_20260824T221722Z_2ba66f02,2ba66f0209fe1cdec97b8cf5862494c22fb94704318f9601a7a1f9eb4b783796,resolved|none|rotation_shear,resolved,none,rotation_shear,restricted,near_null,16,0.0010710350044811582,0,0.0,39.53599404718396,39.53599404718396,2.914366346298152,0,4,0.5025098112116431
E2_20260824T221722Z_2ba66f02,2ba66f0209fe1cdec97b8cf5862494c22fb94704318f9601a7a1f9eb4b783796,resolved|none|rotation_shear,resolved,none,rotation_shear,restricted,near_null,17,0.0009244729828355044,0,0.0,39.535994047183976,39.535994047183976,2.9143663462981535,1,4,0.3918493118055998
E2_20260824T221722Z_2ba66f02,2ba66f0209fe1cdec97b8cf5862494c22fb94704318f9601a7a1f9eb4b783796,resolved|none|rotation_shear,resolved,none,rotation_shear,restricted,near_null,18,0.0003688011504937005,0,0.0,39.535994047183976,39.535994047183976,2.914366346298154,1,4,0.49050995537993575
E2_20260824T221722Z_2ba66f02,2ba66f0209fe1cdec97b8cf5862494c22fb94704318f9601a7a1f9eb4b783796,resolved|none|rotation_shear,resolved,none,rotation_shear,restricted,near_null,19,0.00019201619220423426,0,0.0,39.535994047183976,39.535994047183976,2.914366346298147,2,5,0.2614368010048248
E2_20260824T221722Z_2ba66f02,2ba66f0209fe1cdec97b8cf5862494c22fb94704318f9601a7a1f9eb4b783796,resolved|none|rotation_shear,resolved,none,rotation_shear,full,exact_null,0,0.0,3,0.13636363636363635,33.14519837104611,33.14519837104611,5.092439284167467,3,2,0.570469268923937
E2_20260824T221722Z_2ba66f02,2ba66f0209fe1cdec97b8cf5862494c22fb94704318f9601a7a1f9eb4b783796,resolved|none|rotation_shear,resolved,none,rotation_shear,full,exact_null,1,0.0,0,0.0,32.61117928473735,32.61117928473735,5.6616235397926244,3,3,0.5505659447815249
E2_20260824T221722Z_2ba66f02,2ba66f0209fe1cdec97b8cf5862494c22fb94704318f9601a7a1f9eb4b783796,resolved|none|rotation_shear,resolved,none,rotation_shear,full,exact_null,2,0.0,7,0.3181818181818182,30.673532710962704,30.673532710962704,4.759778273682277,0,1,0.9282518398777801
E2_20260824T221722Z_2ba66f02,2ba66f0209fe1cdec97b8cf5862494c22fb94704318f9601a7a1f9eb4b783796,resolved|none|rotation_shear,resolved,none,rotation_shear,full,exact_null,3,0.0,10,0.45454545454545453,33.13768616151032,33.13768616151032,5.4287950967697025,0,2,0.6794227399933725
E2_20260824T221722Z_2ba66f02,2ba66f0209fe1cdec97b8cf5862494c22fb94704318f9601a7a1f9eb4b783796,resolved|none|rotation_shear,resolved,none,rotation_shear,full,exact_null,4,0.0,15,0.6818181818181818,33.18758803810011,33.18758803810011,5.022360311322435,1,2,0.5293789292730143
E2_20260824T221722Z_2ba66f02,2ba66f0209fe1cdec97b8cf5862494c22fb94704318f9601a7a1f9eb4b783796,resolved|none|rotation_shear,resolved,none,rotation_shear,full,exact_null,5,0.0,4,0.18181818181818182,31.998822323407936,31.998822323407936,4.231407260279663,3,2,0.6045853046954568
E2_20260824T221722Z_2ba66f02,2ba66f0209fe1cdec97b8cf5862494c22fb94704318f9601a7a1f9eb4b783796,resolved|none|rotation_shear,resolved,none,rotation_shear,full,exact_null,6,0.0,19,0.8636363636363636,32.0128495310226,32.0128495310226,4.812330934586292,3,2,0.5562501512915144
E2_20260824T221722Z_2ba66f02,2ba66f0209fe1cdec97b8cf5862494c22fb94704318f9601a7a1f9eb4b783796,resolved|none|rotation_shear,resolved,none,rotation_shear,full,exact_null,7,0.0,11,0.5,32.65511449791229,32.65511449791229,4.535611006123181,1,2,0.49488995968618527
E2_20260824T221722Z_2ba66f02,2ba66f0209fe1cdec97b8cf5862494c22fb94704318f9601a7a1f9eb4b783796,resolved|none|rotation_shear,resolved,none,rotation_shear,full,exact_null,8,0.0,5,0.22727272727272727,33.468372044898175,33.468372044898175,6.060655840739521,3,2,0.4794412040005483
E2_20260824T221722Z_2ba66f02,2ba66f0209fe1cdec97b8cf5862494c22fb94704318f9601a7a1f9eb4b783796,resolved|none|rotation_shear,resolved,none,rotation_shear,full,exact_null,9,0.0,12,0.5454545454545454,32.71963377140726,32.71963377140726,4.498312929237704,0,3,0.43256126978346915
E2_20260824T221722Z_2ba66f02,2ba66f0209fe1cdec97b8cf5862494c22fb94704318f9601a7a1f9eb4b783796,resolved|none|rotation_shear,resolved,none,rotation_shear,full,exact_null,10,0.0,22,1.0,32.59387125365491,32.59387125365491,4.985388018064304,0,2,0.5388823535634973
E2_20260824T221722Z_2ba66f02,2ba66f0209fe1cdec97b8cf5862494c22fb94704318f9601a7a1f9eb4b783796,resolved|none|rotation_shear,resolved,none,rotation_shear,full,exact_null,11,0.0,0,0.0,34.200988575653206,34.200988575653206,4.852429931838888,3,2,0.6125632043845467
E2_20260824T221722Z_2ba66f02,2ba66f0209fe1cdec97b8cf5862494c22fb94704318f9601a7a1f9eb4b783796,resolved|none|rotation_shear,resolved,none,rotation_shear,full,exact_null,12,0.0,15,0.6818181818181818,32.008534225766354,32.008534225766354,5.6558147323027,3,3,0.4891910670080799
E2_20260824T221722Z_2ba66f02,2ba66f0209fe1cdec97b8cf5862494c22fb94704318f9601a7a1f9eb4b783796,resolved|none|rotation_shear,resolved,none,rotation_shear,full,exact_null,13,0.0,22,1.0,33.918335268497295,33.918335268497295,5.432118639037005,0,2,0.47100829960811813
E2_20260824T221722Z_2ba66f02,2ba66f0209fe1cdec97b8cf5862494c22fb94704318f9601a7a1f9eb4b783796,resolved|none|rotation_shear,resolved,none,rotation_shear,full,exact_null,14,0.0,6,0.2727272727272727,33.23801823861564,33.23801823861564,5.577628172148346,0,3,0.445502152397489
E2_20260824T221722Z_2ba66f02,2ba66f0209fe1cdec97b8cf5862494c22fb94704318f9601a7a1f9eb4b783796,resolved|none|rotation_shear,resolved,none,rotation_shear,full,exact_null,15,0.0,16,0.7272727272727273,34.38373011076056,34.38373011076056,5.063253542332418,2,3,0.42963645919878296
E2_20260824T221722Z_2ba66f02,2ba66f0209fe1cdec97b8cf5862494c22fb94704318f9601a7a1f9eb4b783796,resolved|none|rotation_shear,resolved,none,rotation_shear,full,exact_null,16,0.0,8,0.36363636363636365,32.93733060333475,32.93733060333475,5.42650353257489,3,3,0.48326047877113854
E2_20260824T221722Z_2ba66f02,2ba66f0209fe1cdec97b8cf5862494c22fb94704318f9601a7a1f9eb4b783796,resolved|none|rotation_shear,resolved,none,rotation_shear,full,exact_null,17,0.0,14,0.6363636363636364,32.53234670220809,32.53234670220809,5.487904819419383,0,3,0.3658994387445241
E2_20260824T221722Z_2ba66f02,2ba66f0209fe1cdec97b8cf5862494c22fb94704318f9601a7a1f9eb4b783796,resolved|none|rotation_shear,resolved,none,rotation_shear,full,exact_null,18,0.0,8,0.36363636363636365,33.77795540402759,33.77795540402759,6.2043030536833355,1,3,0.34221679890203127
E2_20260824T221722Z_2ba66f02,2ba66f0209fe1cdec97b8cf5862494c22fb94704318f9601a7a1f9eb4b783796,resolved|none|rotation_shear,resolved,none,rotation_shear,full,exact_null,19,0.0,6,0.2727272727272727,31.983315267104658,31.983315267104658,5.006388279746769,2,3,0.4530282207581548
E2_20260824T221722Z_2ba66f02,2ba66f0209fe1cdec97b8cf5862494c22fb94704318f9601a7a1f9eb4b783796,resolved|none|rotation_shear,resolved,none,rotation_shear,full,exact_null,20,0.0,21,0.9545454545454546,31.248417434011053,31.248417434011053,5.215924092768746,0,3,0.40427695301216565
E2_20260824T221722Z_2ba66f02,2ba66f0209fe1cdec97b8cf5862494c22fb94704318f9601a7a1f9eb4b783796,resolved|none|rotation_shear,resolved,none,rotation_shear,full,exact_null,21,0.0,19,0.8636363636363636,32.20161533807061,32.20161533807061,5.794778960666898,3,3,0.36677948540140953
E2_20260824T221722Z_2ba66f02,2ba66f0209fe1cdec97b8cf5862494c22fb94704318f9601a7a1f9eb4b783796,resolved|none|rotation_shear,resolved,none,rotation_shear,full,exact_null,22,0.0,12,0.5454545454545454,33.19539017790079,33.19539017790079,4.848855523210122,3,3,0.4423012044066441
E2_20260824T221722Z_2ba66f02,2ba66f0209fe1cdec97b8cf5862494c22fb94704318f9601a7a1f9eb4b783796,resolved|none|rotation_shear,resolved,none,rotation_shear,full,exact_null,23,0.0,12,0.5454545454545454,33.21792033648917,33.21792033648917,5.654528446060656,2,3,0.35005313904759994
E2_20260824T221722Z_2ba66f02,2ba66f0209fe1cdec97b8cf5862494c22fb94704318f9601a7a1f9eb4b783796,resolved|none|rotation_shear,resolved,none,rotation_shear,full,exact_null,24,0.0,15,0.6818181818181818,32.93687146079024,32.93687146079024,4.700968550343173,0,3,0.584197778218536
E2_20260824T221722Z_2ba66f02,2ba66f0209fe1cdec97b8cf5862494c22fb94704318f9601a7a1f9eb4b783796,resolved|none|rotation_shear,resolved,none,rotation_shear,full,exact_null,25,0.0,0,0.0,33.46953392542016,33.46953392542016,5.254063449244764,1,3,0.3738827502142344
E2_20260824T221722Z_2ba66f02,2ba66f0209fe1cdec97b8cf5862494c22fb94704318f9601a7a1f9eb4b783796,resolved|none|rotation_shear,resolved,none,rotation_shear,full,exact_null,26,0.0,6,0.2727272727272727,33.918376065856435,33.918376065856435,6.151600619772332,1,3,0.4997794925846541
E2_20260824T221722Z_2ba66f02,2ba66f0209fe1cdec97b8cf5862494c22fb94704318f9601a7a1f9eb4b783796,resolved|none|rotation_shear,resolved,none,rotation_shear,full,exact_null,27,0.0,0,0.0,33.141713794837436,33.141713794837436,5.3655185973116,2,3,0.5815760249999915
E2_20260824T221722Z_2ba66f02,2ba66f0209fe1cdec97b8cf5862494c22fb94704318f9601a7a1f9eb4b783796,resolved|none|rotation_shear,resolved,none,rotation_shear,full,exact_null,28,0.0,19,0.8636363636363636,34.02463901947358,34.02463901947358,5.852205669820864,3,3,0.5716237189033179
E2_20260824T221722Z_2ba66f02,2ba66f0209fe1cdec97b8cf5862494c22fb94704318f9601a7a1f9eb4b783796,resolved|none|rotation_shear,resolved,none,rotation_shear,full,exact_null,29,0.0,10,0.45454545454545453,31.48075100419911,31.48075100419911,5.42282649351675,2,3,0.4649599942452741
E2_20260824T221722Z_2ba66f02,2ba66f0209fe1cdec97b8cf5862494c22fb94704318f9601a7a1f9eb4b783796,resolved|none|rotation_shear,resolved,none,rotation_shear,full,exact_null,30,0.0,15,0.6818181818181818,33.86699671249755,33.86699671249755,6.261044496928923,0,3,0.4418532691145662
E2_20260824T221722Z_2ba66f02,2ba66f0209fe1cdec97b8cf5862494c22fb94704318f9601a7a1f9eb4b783796,resolved|none|rotation_shear,resolved,none,rotation_shear,full,exact_null,31,0.0,22,1.0,30.95330882571022,30.95330882571022,6.286302448904346,3,2,0.8945394607198023
E2_20260824T221722Z_2ba66f02,2ba66f0209fe1cdec97b8cf5862494c22fb94704318f9601a7a1f9eb4b783796,resolved|none|rotation_shear,resolved,none,rotation_shear,full,exact_null,32,0.0,8,0.36363636363636365,35.91520969012027,35.91520969012027,6.871477190384096,2,2,0.8271809291600392
E2_20260824T221722Z_2ba66f02,2ba66f0209fe1cdec97b8cf5862494c22fb94704318f9601a7a1f9eb4b783796,resolved|none|rotation_shear,resolved,none,rotation_shear,full,exact_null,33,0.0,9,0.4090909090909091,33.34942676335754,33.34942676335754,5.413930387288523,0,3,0.38486388323803916
E2_20260824T221722Z_2ba66f02,2ba66f0209fe1cdec97b8cf5862494c22fb94704318f9601a7a1f9eb4b783796,resolved|none|rotation_shear,resolved,none,rotation_shear,full,exact_null,34,0.0,10,0.45454545454545453,34.0294505456042,34.0294505456042,6.417227211423434,0,3,0.5932919535712441
E2_20260824T221722Z_2ba66f02,2ba66f0209fe1cdec97b8cf5862494c22fb94704318f9601a7a1f9eb4b783796,resolved|none|rotation_shear,resolved,none,rotation_shear,full,exact_null,35,0.0,16,0.7272727272727273,36.09494330931191,36.09494330931191,5.782292875436854,3,3,0.3341647754567398
E2_20260824T221722Z_2ba66f02,2ba66f0209fe1cdec97b8cf5862494c22fb94704318f9601a7a1f9eb4b783796,resolved|none|rotation_shear,resolved,none,rotation_shear,full,exact_null,36,0.0,19,0.8636363636363636,32.93660819716055,32.93660819716055,5.72178327246228,3,4,0.38110220496899694
E2_20260824T221722Z_2ba66f02,2ba66f0209fe1cdec97b8cf5862494c22fb94704318f9601a7a1f9eb4b783796,resolved|none|rotation_shear,resolved,none,rotation_shear,full,exact_null,37,0.0,3,0.13636363636363635,35.40511557036872,35.40511557036872,5.3644039552655425,2,3,0.5443890260691562
E2_20260824T221722Z_2ba66f02,2ba66f0209fe1cdec97b8cf5862494c22fb94704318f9601a7a1f9eb4b783796,resolved|none|rotation_shear,resolved,none,rotation_shear,full,exact_null,38,0.0,6,0.2727272727272727,35.11058507378242,35.11058507378242,6.1118951218862065,3,3,0.47600170692555005
E2_20260824T221722Z_2ba66f02,2ba66f0209fe1cdec97b8cf5862494c22fb94704318f9601a7a1f9eb4b783796,resolved|none|rotation_shear,resolved,none,rotation_shear,full,exact_null,39,0.0,11,0.5,34.20445414252256,34.20445414252256,6.2485297076374,3,3,0.38192718231720135
E2_20260824T221722Z_2ba66f02,2ba66f0209fe1cdec97b8cf5862494c22fb94704318f9601a7a1f9eb4b783796,resolved|none|rotation_shear,resolved,none,rotation_shear,full,exact_null,40,0.0,18,0.8181818181818182,34.21558333163646,34.21558333163646,5.636020201604858,0,4,0.42299658696224546
E2_20260824T221722Z_2ba66f02,2ba66f0209fe1cdec97b8cf5862494c22fb94704318f9601a7a1f9eb4b783796,resolved|none|rotation_shear,resolved,none,rotation_shear,full,exact_null,41,0.0,3,0.13636363636363635,34.62113272895785,34.62113272895785,6.176816233958454,3,3,0.43389381408977395
E2_20260824T221722Z_2ba66f02,2ba66f0209fe1cdec97b8cf5862494c22fb94704318f9601a7a1f9eb4b783796,resolved|none|rotation_shear,resolved,none,rotation_shear,full,exact_null,42,0.0,2,0.09090909090909091,35.2289077287191,35.2289077287191,5.91946287176902,0,3,0.6058105412912371
E2_20260824T221722Z_2ba66f02,2ba66f0209fe1cdec97b8cf5862494c22fb94704318f9601a7a1f9eb4b783796,resolved|none|rotation_shear,resolved,none,rotation_shear,full,exact_null,43,0.0,14,0.6363636363636364,32.42884741288829,32.42884741288829,6.577086448153144,3,3,0.5094265455399521
E2_20260824T221722Z_2ba66f02,2ba66f0209fe1cdec97b8cf5862494c22fb94704318f9601a7a1f9eb4b783796,resolved|none|rotation_shear,resolved,none,rotation_shear,full,exact_null,44,0.0,11,0.5,33.77966891985393,33.77966891985393,6.14616536945434,0,3,0.5167187232335645
E2_20260824T221722Z_2ba66f02,2ba66f0209fe1cdec97b8cf5862494c22fb94704318f9601a7a1f9eb4b783796,resolved|none|rotation_shear,resolved,none,rotation_shear,full,exact_null,45,0.0,3,0.13636363636363635,33.868981186009954,33.868981186009954,5.896322632242438,2,4,0.44182018078269253
E2_20260824T221722Z_2ba66f02,2ba66f0209fe1cdec97b8cf5862494c22fb94704318f9601a7a1f9eb4b783796,resolved|none|rotation_shear,resolved,none,rotation_shear,full,exact_null,46,0.0,5,0.22727272727272727,30.38321006422581,30.38321006422581,5.7739328652444115,1,3,0.4674466101605703
E2_20260824T221722Z_2ba66f02,2ba66f0209fe1cdec97b8cf5862494c22fb94704318f9601a7a1f9eb4b783796,resolved|none|rotation_shear,resolved,none,rotation_shear,full,exact_null,47,0.0,14,0.6363636363636364,31.588679252129417,31.588679252129417,5.381125066649226,1,4,0.2943744951558884
E2_20260824T221722Z_2ba66f02,2ba66f0209fe1cdec97b8cf5862494c22fb94704318f9601a7a1f9eb4b783796,resolved|none|rotation_shear,resolved,none,rotation_shear,full,exact_null,48,0.0,21,0.9545454545454546,34.00566070303162,34.00566070303162,5.3048110765601715,0,3,0.4101675330375588
E2_20260824T221722Z_2ba66f02,2ba66f0209fe1cdec97b8cf5862494c22fb94704318f9601a7a1f9eb4b783796,resolved|none|rotation_shear,resolved,none,rotation_shear,full,exact_null,49,0.0,4,0.18181818181818182,33.78659740080606,33.78659740080606,5.786527297665083,0,3,0.5706985511136182
E2_20260824T221722Z_2ba66f02,2ba66f0209fe1cdec97b8cf5862494c22fb94704318f9601a7a1f9eb4b783796,resolved|none|rotation_shear,resolved,none,rotation_shear,full,exact_null,50,0.0,2,0.09090909090909091,31.37940890296357,31.37940890296357,6.33866572500513,1,3,0.6602332461045236
E2_20260824T221722Z_2ba66f02,2ba66f0209fe1cdec97b8cf5862494c22fb94704318f9601a7a1f9eb4b783796,resolved|none|rotation_shear,resolved,none,rotation_shear,full,exact_null,51,0.0,18,0.8181818181818182,30.29835528378539,30.29835528378539,6.020128403626292,0,3,0.46731583777486096
E2_20260824T221722Z_2ba66f02,2ba66f0209fe1cdec97b8cf5862494c22fb94704318f9601a7a1f9eb4b783796,resolved|none|rotation_shear,resolved,none,rotation_shear,full,exact_null,52,0.0,5,0.22727272727272727,28.86323065773754,28.86323065773754,5.478709324052189,3,3,0.49831747731409176
E2_20260824T221722Z_2ba66f02,2ba66f0209fe1cdec97b8cf5862494c22fb94704318f9601a7a1f9eb4b783796,resolved|none|rotation_shear,resolved,none,rotation_shear,full,exact_null,53,0.0,11,0.5,32.98934351464958,32.98934351464958,5.444751769864816,0,3,0.4672377265918083
E2_20260824T221722Z_2ba66f02,2ba66f0209fe1cdec97b8cf5862494c22fb94704318f9601a7a1f9eb4b783796,resolved|none|rotation_shear,resolved,none,rotation_shear,full,exact_null,54,0.0,21,0.9545454545454546,32.95263582907788,32.95263582907788,6.288989571698207,1,2,0.7364490753395511
E2_20260824T221722Z_2ba66f02,2ba66f0209fe1cdec97b8cf5862494c22fb94704318f9601a7a1f9eb4b783796,resolved|none|rotation_shear,resolved,none,rotation_shear,full,exact_null,55,0.0,20,0.9090909090909091,33.12384402851256,33.12384402851256,7.118891986547925,2,2,0.5440273291074804
E2_20260824T221722Z_2ba66f02,2ba66f0209fe1cdec97b8cf5862494c22fb94704318f9601a7a1f9eb4b783796,resolved|none|rotation_shear,resolved,none,rotation_shear,full,exact_null,56,0.0,17,0.7727272727272727,36.324855635068964,36.324855635068964,3.63538824208086,3,1,0.9999971173074723
E2_20260824T221722Z_2ba66f02,2ba66f0209fe1cdec97b8cf5862494c22fb94704318f9601a7a1f9eb4b783796,resolved|none|rotation_shear,resolved,none,rotation_shear,full,exact_null,57,0.0,10,0.45454545454545453,32.489039934373814,32.489039934373814,3.6787789823549906,0,1,0.947463190608398
E2_20260824T221722Z_2ba66f02,2ba66f0209fe1cdec97b8cf5862494c22fb94704318f9601a7a1f9eb4b783796,resolved|none|rotation_shear,resolved,none,rotation_shear,full,exact_null,58,0.0,2,0.09090909090909091,33.46495579001172,33.46495579001172,5.304968864318938,3,2,0.8008656542545635
E2_20260824T221722Z_2ba66f02,2ba66f0209fe1cdec97b8cf5862494c22fb94704318f9601a7a1f9eb4b783796,resolved|none|rotation_shear,resolved,none,rotation_shear,full,exact_null,59,0.0,4,0.18181818181818182,31.21155326821739,31.21155326821739,3.9301799407994555,0,2,0.6269392102308686
E2_20260824T221722Z_2ba66f02,2ba66f0209fe1cdec97b8cf5862494c22fb94704318f9601a7a1f9eb4b783796,resolved|none|rotation_shear,resolved,none,rotation_shear,full,exact_null,60,0.0,6,0.2727272727272727,33.16770325721097,33.16770325721097,4.838950697927397,0,2,0.7369738596521898
E2_20260824T221722Z_2ba66f02,2ba66f0209fe1cdec97b8cf5862494c22fb94704318f9601a7a1f9eb4b783796,resolved|none|rotation_shear,resolved,none,rotation_shear,full,exact_null,61,0.0,0,0.0,34.329165445722175,34.329165445722175,3.954045022589201,3,1,0.9055282090402087
E2_20260824T221722Z_2ba66f02,2ba66f0209fe1cdec97b8cf5862494c22fb94704318f9601a7a1f9eb4b783796,resolved|none|rotation_shear,resolved,none,rotation_shear,full,exact_null,62,0.0,5,0.22727272727272727,33.22210059825011,33.22210059825011,3.604771731854982,0,1,0.9392663928750913
E2_20260824T221722Z_2ba66f02,2ba66f0209fe1cdec97b8cf5862494c22fb94704318f9601a7a1f9eb4b783796,resolved|none|rotation_shear,resolved,none,rotation_shear,full,exact_null,63,0.0,17,0.7727272727272727,33.75008298949403,33.75008298949403,4.640179869252805,3,2,0.7994128632968044
E2_20260824T221722Z_2ba66f02,2ba66f0209fe1cdec97b8cf5862494c22fb94704318f9601a7a1f9eb4b783796,resolved|none|rotation_shear,resolved,none,rotation_shear,full,exact_null,64,0.0,7,0.3181818181818182,32.41190275171102,32.41190275171102,5.1966002829901905,0,2,0.6137336588411628
E2_20260824T221722Z_2ba66f02,2ba66f0209fe1cdec97b8cf5862494c22fb94704318f9601a7a1f9eb4b783796,resolved|none|rotation_shear,resolved,none,rotation_shear,full,exact_null,65,0.0,11,0.5,34.80893011047984,34.80893011047984,6.287542336539769,0,2,0.6617898487952814
E2_20260824T221722Z_2ba66f02,2ba66f0209fe1cdec97b8cf5862494c22fb94704318f9601a7a1f9eb4b783796,resolved|none|rotation_shear,resolved,none,rotation_shear,full,exact_null,66,0.0,18,0.8181818181818182,35.06833938954366,35.06833938954366,4.361370258070787,0,1,0.933701076504781
E2_20260824T221722Z_2ba66f02,2ba66f0209fe1cdec97b8cf5862494c22fb94704318f9601a7a1f9eb4b783796,resolved|none|rotation_shear,resolved,none,rotation_shear,full,exact_null,67,0.0,20,0.9090909090909091,34.34869701064432,34.34869701064432,4.8146603136906485,3,2,0.8982949637977379
E2_20260824T221722Z_2ba66f02,2ba66f0209fe1cdec97b8cf5862494c22fb94704318f9601a7a1f9eb4b783796,resolved|none|rotation_shear,resolved,none,rotation_shear,full,exact_null,68,0.0,15,0.6818181818181818,32.24501018771938,32.24501018771938,6.2760534962822945,0,2,0.5250730588064295
E2_20260824T221722Z_2ba66f02,2ba66f0209fe1cdec97b8cf5862494c22fb94704318f9601a7a1f9eb4b783796,resolved|none|rotation_shear,resolved,none,rotation_shear,full,exact_null,69,0.0,9,0.4090909090909091,33.613838411282146,33.613838411282146,6.305730867886593,3,2,0.620310986286001
E2_20260824T221722Z_2ba66f02,2ba66f0209fe1cdec97b8cf5862494c22fb94704318f9601a7a1f9eb4b783796,resolved|none|rotation_shear,resolved,none,rotation_shear,full,exact_null,70,0.0,0,0.0,35.536664449778435,35.536664449778435,4.521532341229743,0,2,0.8666659641655474
E2_20260824T221722Z_2ba66f02,2ba66f0209fe1cdec97b8cf5862494c22fb94704318f9601a7a1f9eb4b783796,resolved|none|rotation_shear,resolved,none,rotation_shear,full,exact_null,71,0.0,22,1.0,34.218937853193914,34.218937853193914,5.05253220631629,3,2,0.6905522926010312
E2_20260824T221722Z_2ba66f02,2ba66f0209fe1cdec97b8cf5862494c22fb94704318f9601a7a1f9eb4b783796,resolved|none|rotation_shear,resolved,none,rotation_shear,full,exact_null,72,0.0,9,0.4090909090909091,32.89636119338639,32.89636119338639,5.7567799013361505,0,2,0.6010862458862251
E2_20260824T221722Z_2ba66f02,2ba66f0209fe1cdec97b8cf5862494c22fb94704318f9601a7a1f9eb4b783796,resolved|none|rotation_shear,resolved,none,rotation_shear,full,exact_null,73,0.0,10,0.45454545454545453,36.50553338035147,36.50553338035147,5.7786159861047715,3,2,0.7818786706807292
E2_20260824T221722Z_2ba66f02,2ba66f0209fe1cdec97b8cf5862494c22fb94704318f9601a7a1f9eb4b783796,resolved|none|rotation_shear,resolved,none,rotation_shear,full,exact_null,74,0.0,3,0.13636363636363635,30.954220740592785,30.954220740592785,5.51650547978047,0,2,0.7550161919690035
E2_20260824T221722Z_2ba66f02,2ba66f0209fe1cdec97b8cf5862494c22fb94704318f9601a7a1f9eb4b783796,resolved|none|rotation_shear,resolved,none,rotation_shear,full,exact_null,75,0.0,5,0.22727272727272727,38.702602879616165,38.702602879616165,4.4338786640629655,3,1,0.9328483703604897
E2_20260824T221722Z_2ba66f02,2ba66f0209fe1cdec97b8cf5862494c22fb94704318f9601a7a1f9eb4b783796,resolved|none|rotation_shear,resolved,none,rotation_shear,full,exact_null,76,0.0,0,0.0,27.873421163816438,27.873421163816438,3.0955095051320773,3,1,0.9542066026251852
E2_20260824T221722Z_2ba66f02,2ba66f0209fe1cdec97b8cf5862494c22fb94704318f9601a7a1f9eb4b783796,resolved|none|rotation_shear,resolved,none,rotation_shear,full,exact_null,77,0.0,6,0.2727272727272727,27.8042403559123,27.8042403559123,3.2660650015516706,0,1,0.9917382162492732
E2_20260824T221722Z_2ba66f02,2ba66f0209fe1cdec97b8cf5862494c22fb94704318f9601a7a1f9eb4b783796,resolved|none|rotation_shear,resolved,none,rotation_shear,full,exact_null,78,0.0,12,0.5454545454545454,28.997318273770865,28.997318273770865,1.794223464833849,0,1,0.988858738452928
E2_20260824T221722Z_2ba66f02,2ba66f0209fe1cdec97b8cf5862494c22fb94704318f9601a7a1f9eb4b783796,resolved|none|rotation_shear,resolved,none,rotation_shear,full,exact_null,79,0.0,22,1.0,28.05452492985171,28.05452492985171,1.9101417712168571,0,1,0.9903893929221731
E2_20260824T221722Z_2ba66f02,2ba66f0209fe1cdec97b8cf5862494c22fb94704318f9601a7a1f9eb4b783796,resolved|none|rotation_shear,resolved,none,rotation_shear,full,exact_null,80,0.0,13,0.5909090909090909,34.956402822870864,34.956402822870864,2.442782189860612,0,1,1.0
E2_20260824T221722Z_2ba66f02,2ba66f0209fe1cdec97b8cf5862494c22fb94704318f9601a7a1f9eb4b783796,resolved|none|rotation_shear,resolved,none,rotation_shear,full,exact_null,81,0.0,22,1.0,36.77646703903129,36.77646703903129,2.5269367948123125,0,1,1.0
E2_20260824T221722Z_2ba66f02,2ba66f0209fe1cdec97b8cf5862494c22fb94704318f9601a7a1f9eb4b783796,resolved|none|rotation_shear,resolved,none,rotation_shear,full,exact_null,82,0.0,19,0.8636363636363636,36.89152372944004,36.89152372944004,3.267193603863054,3,1,1.0
E2_20260824T221722Z_2ba66f02,2ba66f0209fe1cdec97b8cf5862494c22fb94704318f9601a7a1f9eb4b783796,resolved|none|rotation_shear,resolved,none,rotation_shear,full,exact_null,83,0.0,17,0.7727272727272727,37.218826872374756,37.218826872374756,2.865594541782642,3,1,1.0
E2_20260824T221722Z_2ba66f02,2ba66f0209fe1cdec97b8cf5862494c22fb94704318f9601a7a1f9eb4b783796,resolved|none|rotation_shear,resolved,none,rotation_shear,full,exact_null,84,0.0,15,0.6818181818181818,40.07849209635434,40.07849209635434,2.526271087608673,3,1,1.0
E2_20260824T221722Z_2ba66f02,2ba66f0209fe1cdec97b8cf5862494c22fb94704318f9601a7a1f9eb4b783796,resolved|none|rotation_shear,resolved,none,rotation_shear,full,exact_null,85,0.0,5,0.22727272727272727,39.68964526779731,39.68964526779731,2.852752166473215,0,1,1.0
E2_20260824T221722Z_2ba66f02,2ba66f0209fe1cdec97b8cf5862494c22fb94704318f9601a7a1f9eb4b783796,resolved|none|rotation_shear,resolved,none,rotation_shear,full,exact_null,86,0.0,13,0.5909090909090909,36.085778124623126,36.085778124623126,2.788050251334479,0,1,1.0
E2_20260824T221722Z_2ba66f02,2ba66f0209fe1cdec97b8cf5862494c22fb94704318f9601a7a1f9eb4b783796,resolved|none|rotation_shear,resolved,none,rotation_shear,full,exact_null,87,0.0,6,0.2727272727272727,38.14688091702579,38.14688091702579,2.160905359239119,2,1,1.0
E2_20260824T221722Z_2ba66f02,2ba66f0209fe1cdec97b8cf5862494c22fb94704318f9601a7a1f9eb4b783796,resolved|none|rotation_shear,resolved,none,rotation_shear,full,exact_null,88,0.0,9,0.4090909090909091,41.11877350451084,41.11877350451084,1.863519007340101,2,1,1.0
E2_20260824T221722Z_2ba66f02,2ba66f0209fe1cdec97b8cf5862494c22fb94704318f9601a7a1f9eb4b783796,resolved|none|rotation_shear,resolved,none,rotation_shear,full,exact_null,89,0.0,22,1.0,36.92931097335771,36.92931097335771,1.8980657357119255,3,1,1.0
E2_20260824T221722Z_2ba66f02,2ba66f0209fe1cdec97b8cf5862494c22fb94704318f9601a7a1f9eb4b783796,resolved|none|rotation_shear,resolved,none,rotation_shear,full,exact_null,90,0.0,3,0.13636363636363635,40.10789865261393,40.10789865261393,2.4384848897958977,0,1,1.0
E2_20260824T221722Z_2ba66f02,2ba66f0209fe1cdec97b8cf5862494c22fb94704318f9601a7a1f9eb4b783796,resolved|none|rotation_shear,resolved,none,rotation_shear,full,exact_null,91,0.0,4,0.18181818181818182,24.0,24.0,0.0,0,1,1.0
E2_20260824T221722Z_2ba66f02,2ba66f0209fe1cdec97b8cf5862494c22fb94704318f9601a7a1f9eb4b783796,resolved|none|rotation_shear,resolved,none,rotation_shear,full,exact_null,92,0.0,0,0.0,25.0,25.0,0.0,0,1,1.0
E2_20260824T221722Z_2ba66f02,2ba66f0209fe1cdec97b8cf5862494c22fb94704318f9601a7a1f9eb4b783796,resolved|none|rotation_shear,resolved,none,rotation_shear,full,exact_null,93,0.0,0,0.0,26.0,26.0,0.0,0,1,1.0
E2_20260824T221722Z_2ba66f02,2ba66f0209fe1cdec97b8cf5862494c22fb94704318f9601a7a1f9eb4b783796,resolved|none|rotation_shear,resolved,none,rotation_shear,full,exact_null,94,0.0,5,0.22727272727272727,27.0,27.0,0.0,0,1,1.0
E2_20260824T221722Z_2ba66f02,2ba66f0209fe1cdec97b8cf5862494c22fb94704318f9601a7a1f9eb4b783796,resolved|none|rotation_shear,resolved,none,rotation_shear,full,exact_null,95,0.0,5,0.22727272727272727,28.0,28.0,0.0,0,1,1.0
E2_20260824T221722Z_2ba66f02,2ba66f0209fe1cdec97b8cf5862494c22fb94704318f9601a7a1f9eb4b783796,resolved|none|rotation_shear,resolved,none,rotation_shear,full,exact_null,96,0.0,2,0.09090909090909091,29.0,29.0,0.0,0,1,1.0
E2_20260824T221722Z_2ba66f02,2ba66f0209fe1cdec97b8cf5862494c22fb94704318f9601a7a1f9eb4b783796,resolved|none|rotation_shear,resolved,none,rotation_shear,full,exact_null,97,0.0,2,0.09090909090909091,30.0,30.0,0.0,0,1,1.0
E2_20260824T221722Z_2ba66f02,2ba66f0209fe1cdec97b8cf5862494c22fb94704318f9601a7a1f9eb4b783796,resolved|none|rotation_shear,resolved,none,rotation_shear,full,exact_null,98,0.0,4,0.18181818181818182,31.0,31.0,0.0,0,1,1.0
E2_20260824T221722Z_2ba66f02,2ba66f0209fe1cdec97b8cf5862494c22fb94704318f9601a7a1f9eb4b783796,resolved|none|rotation_shear,resolved,none,rotation_shear,full,exact_null,99,0.0,3,0.13636363636363635,32.0,32.0,0.0,0,1,1.0
E2_20260824T221722Z_2ba66f02,2ba66f0209fe1cdec97b8cf5862494c22fb94704318f9601a7a1f9eb4b783796,resolved|none|rotation_shear,resolved,none,rotation_shear,full,exact_null,100,0.0,0,0.0,33.0,33.0,0.0,0,1,1.0
E2_20260824T221722Z_2ba66f02,2ba66f0209fe1cdec97b8cf5862494c22fb94704318f9601a7a1f9eb4b783796,resolved|none|rotation_shear,resolved,none,rotation_shear,full,exact_null,101,0.0,3,0.13636363636363635,34.0,34.0,0.0,0,1,1.0
E2_20260824T221722Z_2ba66f02,2ba66f0209fe1cdec97b8cf5862494c22fb94704318f9601a7a1f9eb4b783796,resolved|none|rotation_shear,resolved,none,rotation_shear,full,exact_null,102,0.0,3,0.13636363636363635,35.0,35.0,0.0,0,1,1.0
E2_20260824T221722Z_2ba66f02,2ba66f0209fe1cdec97b8cf5862494c22fb94704318f9601a7a1f9eb4b783796,resolved|none|rotation_shear,resolved,none,rotation_shear,full,exact_null,103,0.0,1,0.045454545454545456,36.0,36.0,0.0,0,1,1.0
E2_20260824T221722Z_2ba66f02,2ba66f0209fe1cdec97b8cf5862494c22fb94704318f9601a7a1f9eb4b783796,resolved|none|rotation_shear,resolved,none,rotation_shear,full,exact_null,104,0.0,4,0.18181818181818182,37.0,37.0,0.0,0,1,1.0
E2_20260824T221722Z_2ba66f02,2ba66f0209fe1cdec97b8cf5862494c22fb94704318f9601a7a1f9eb4b783796,resolved|none|rotation_shear,resolved,none,rotation_shear,full,exact_null,105,0.0,5,0.22727272727272727,38.0,38.0,0.0,0,1,1.0
E2_20260824T221722Z_2ba66f02,2ba66f0209fe1cdec97b8cf5862494c22fb94704318f9601a7a1f9eb4b783796,resolved|none|rotation_shear,resolved,none,rotation_shear,full,exact_null,106,0.0,5,0.22727272727272727,39.0,39.0,0.0,0,1,1.0
E2_20260824T221722Z_2ba66f02,2ba66f0209fe1cdec97b8cf5862494c22fb94704318f9601a7a1f9eb4b783796,resolved|none|rotation_shear,resolved,none,rotation_shear,full,exact_null,107,0.0,2,0.09090909090909091,40.0,40.0,0.0,0,1,1.0
E2_20260824T221722Z_2ba66f02,2ba66f0209fe1cdec97b8cf5862494c22fb94704318f9601a7a1f9eb4b783796,resolved|none|rotation_shear,resolved,none,rotation_shear,full,exact_null,108,0.0,0,0.0,41.0,41.0,0.0,0,1,1.0
E2_20260824T221722Z_2ba66f02,2ba66f0209fe1cdec97b8cf5862494c22fb94704318f9601a7a1f9eb4b783796,resolved|none|rotation_shear,resolved,none,rotation_shear,full,exact_null,109,0.0,4,0.18181818181818182,42.0,42.0,0.0,0,1,1.0
E2_20260824T221722Z_2ba66f02,2ba66f0209fe1cdec97b8cf5862494c22fb94704318f9601a7a1f9eb4b783796,resolved|none|rotation_shear,resolved,none,rotation_shear,full,exact_null,110,0.0,3,0.13636363636363635,43.0,43.0,0.0,0,1,1.0
E2_20260824T221722Z_2ba66f02,2ba66f0209fe1cdec97b8cf5862494c22fb94704318f9601a7a1f9eb4b783796,resolved|none|rotation_shear,resolved,none,rotation_shear,full,exact_null,111,0.0,6,0.2727272727272727,33.0651698155732,33.0651698155732,5.41302858405669,3,3,0.4906846016328638
E2_20260824T221722Z_2ba66f02,2ba66f0209fe1cdec97b8cf5862494c22fb94704318f9601a7a1f9eb4b783796,resolved|none|rotation_shear,resolved,none,rotation_shear,full,exact_null,112,0.0,5,0.22727272727272727,29.15630590488008,29.15630590488008,6.538037047108943,0,2,0.6778301394365546
E2_20260824T221722Z_2ba66f02,2ba66f0209fe1cdec97b8cf5862494c22fb94704318f9601a7a1f9eb4b783796,resolved|none|rotation_shear,resolved,none,rotation_shear,full,exact_null,113,0.0,14,0.6363636363636364,33.562596280487185,33.562596280487185,4.6915591732637125,1,3,0.4873773553516977
E2_20260824T221722Z_2ba66f02,2ba66f0209fe1cdec97b8cf5862494c22fb94704318f9601a7a1f9eb4b783796,resolved|none|rotation_shear,resolved,none,rotation_shear,full,exact_null,114,0.0,12,0.5454545454545454,35.73149854341868,35.73149854341868,5.631107281208946,2,2,0.8454212584179098
E2_20260824T221722Z_2ba66f02,2ba66f0209fe1cdec97b8cf5862494c22fb94704318f9601a7a1f9eb4b783796,resolved|none|rotation_shear,resolved,none,rotation_shear,full,exact_null,115,0.0,22,1.0,34.76676015581196,34.76676015581196,6.311322269620431,3,4,0.4991223741711126
E2_20260824T221722Z_2ba66f02,2ba66f0209fe1cdec97b8cf5862494c22fb94704318f9601a7a1f9eb4b783796,resolved|none|rotation_shear,resolved,none,rotation_shear,full,exact_null,116,0.0,19,0.8636363636363636,35.57347356579226,35.57347356579226,5.736150363042097,3,2,0.6599755440072651
E2_20260824T221722Z_2ba66f02,2ba66f0209fe1cdec97b8cf5862494c22fb94704318f9601a7a1f9eb4b783796,resolved|none|rotation_shear,resolved,none,rotation_shear,full,exact_null,117,0.0,11,0.5,30.60610392308847,30.60610392308847,5.744544992915987,0,4,0.4622264641049375
E2_20260824T221722Z_2ba66f02,2ba66f0209fe1cdec97b8cf5862494c22fb94704318f9601a7a1f9eb4b783796,resolved|none|rotation_shear,resolved,none,rotation_shear,full,exact_null,118,0.0,0,0.0,28.06249485732932,28.06249485732932,5.334000183380579,2,3,0.6498965309459066
E2_20260824T221722Z_2ba66f02,2ba66f0209fe1cdec97b8cf5862494c22fb94704318f9601a7a1f9eb4b783796,resolved|none|rotation_shear,resolved,none,rotation_shear,full,exact_null,119,0.0,22,1.0,28.075780236521407,28.075780236521407,5.651398351998242,1,2,0.8121595106379376
E2_20260824T221722Z_2ba66f02,2ba66f0209fe1cdec97b8cf5862494c22fb94704318f9601a7a1f9eb4b783796,resolved|none|rotation_shear,resolved,none,rotation_shear,full,near_null,0,0.012240814939991955,2,0.09090909090909091,12.412483877099215,12.412483877099215,4.781574920634568,3,3,0.49616130400233843
E2_20260824T221722Z_2ba66f02,2ba66f0209fe1cdec97b8cf5862494c22fb94704318f9601a7a1f9eb4b783796,resolved|none|rotation_shear,resolved,none,rotation_shear,full,near_null,1,0.012240814939991955,17,0.7727272727272727,4.802616941657176,4.802616941657176,3.1502711916009734,3,3,0.49616130400233827
E2_20260824T221722Z_2ba66f02,2ba66f0209fe1cdec97b8cf5862494c22fb94704318f9601a7a1f9eb4b783796,resolved|none|rotation_shear,resolved,none,rotation_shear,full,near_null,2,0.012240814939991945,22,1.0,3.162396155339676e-09,3.162396155339676e-09,8.044060055804775e-05,3,3,0.4961613040023382
E2_20260824T221722Z_2ba66f02,2ba66f0209fe1cdec97b8cf5862494c22fb94704318f9601a7a1f9eb4b783796,resolved|none|rotation_shear,resolved,none,rotation_shear,full,near_null,3,0.012240814939991938,10,0.45454545454545453,14.570727368943015,14.570727368943015,5.113069543311093,3,3,0.4961613040023383
E2_20260824T221722Z_2ba66f02,2ba66f0209fe1cdec97b8cf5862494c22fb94704318f9601a7a1f9eb4b783796,resolved|none|rotation_shear,resolved,none,rotation_shear,full,near_null,4,0.012240814939991936,0,0.0,13.82876756726789,13.82876756726789,5.981823147270094,3,3,0.49616130400233843
E2_20260824T221722Z_2ba66f02,2ba66f0209fe1cdec97b8cf5862494c22fb94704318f9601a7a1f9eb4b783796,resolved|none|rotation_shear,resolved,none,rotation_shear,full,near_null,5,0.012240814939991936,12,0.5454545454545454,3.9381891737829067,3.9381891737829067,3.605723322314762,3,3,0.49616130400233827
E2_20260824T221722Z_2ba66f02,2ba66f0209fe1cdec97b8cf5862494c22fb94704318f9601a7a1f9eb4b783796,resolved|none|rotation_shear,resolved,none,rotation_shear,full,near_null,6,0.012240814939991934,11,0.5,10.905712028245874,10.905712028245874,4.165961591580318,3,3,0.4961613040023386
E2_20260824T221722Z_2ba66f02,2ba66f0209fe1cdec97b8cf5862494c22fb94704318f9601a7a1f9eb4b783796,resolved|none|rotation_shear,resolved,none,rotation_shear,full,near_null,7,0.012240814939991934,3,0.13636363636363635,15.395685129969667,15.395685129969667,7.142876722362646,3,3,0.4961613040023386
E2_20260824T221722Z_2ba66f02,2ba66f0209fe1cdec97b8cf5862494c22fb94704318f9601a7a1f9eb4b783796,resolved|none|rotation_shear,resolved,none,rotation_shear,full,near_null,8,0.012240814939991932,0,0.0,15.533369314529045,15.533369314529045,3.6277387425202603,3,3,0.4961613040023384
E2_20260824T221722Z_2ba66f02,2ba66f0209fe1cdec97b8cf5862494c22fb94704318f9601a7a1f9eb4b783796,resolved|none|rotation_shear,resolved,none,rotation_shear,full,near_null,9,0.012240814939991932,8,0.36363636363636365,13.6112122040453,13.6112122040453,4.984683741981756,3,3,0.4961613040023385
E2_20260824T221722Z_2ba66f02,2ba66f0209fe1cdec97b8cf5862494c22fb94704318f9601a7a1f9eb4b783796,resolved|none|rotation_shear,resolved,none,rotation_shear,full,near_null,10,0.012240814939991927,20,0.9090909090909091,13.073582511794115,13.073582511794115,7.287268390007516,3,3,0.49616130400233827
E2_20260824T221722Z_2ba66f02,2ba66f0209fe1cdec97b8cf5862494c22fb94704318f9601a7a1f9eb4b783796,resolved|none|rotation_shear,resolved,none,rotation_shear,full,near_null,11,0.012240814939991919,1,0.045454545454545456,14.276637575551552,14.276637575551552,6.913845484187031,3,3,0.49616130400233827
E2_20260824T221722Z_2ba66f02,2ba66f0209fe1cdec97b8cf5862494c22fb94704318f9601a7a1f9eb4b783796,resolved|none|rotation_shear,resolved,none,rotation_shear,full,near_null,12,0.012240814939991915,16,0.7272727272727273,13.204990087351751,13.204990087351751,6.11632578382491,3,3,0.4961613040023384
E2_20260824T221722Z_2ba66f02,2ba66f0209fe1cdec97b8cf5862494c22fb94704318f9601a7a1f9eb4b783796,resolved|none|rotation_shear,resolved,none,rotation_shear,full,near_null,13,0.012240814939991913,13,0.5909090909090909,19.171319988831673,19.171319988831673,4.761346029363816,3,3,0.49616130400233827
E2_20260824T221722Z_2ba66f02,2ba66f0209fe1cdec97b8cf5862494c22fb94704318f9601a7a1f9eb4b783796,resolved|none|rotation_shear,resolved,none,rotation_shear,full,near_null,14,0.012240814939991913,19,0.8636363636363636,13.632587211077698,13.632587211077698,5.043308974210791,3,3,0.49616130400233843
E2_20260824T221722Z_2ba66f02,2ba66f0209fe1cdec97b8cf5862494c22fb94704318f9601a7a1f9eb4b783796,resolved|none|rotation_shear,resolved,none,rotation_shear,full,near_null,15,0.012240814939991912,11,0.5,5.239006815601726,5.239006815601726,3.41662272395872,3,3,0.49616130400233843
E2_20260824T221722Z_2ba66f02,2ba66f0209fe1cdec97b8cf5862494c22fb94704318f9601a7a1f9eb4b783796,resolved|none|rotation_shear,resolved,none,rotation_shear,full,near_null,16,0.012240814939991906,22,1.0,13.34324427646767,13.34324427646767,7.766130815237321,3,3,0.49616130400233865
E2_20260824T221722Z_2ba66f02,2ba66f0209fe1cdec97b8cf5862494c22fb94704318f9601a7a1f9eb4b783796,resolved|none|rotation_shear,resolved,none,rotation_shear,full,near_null,17,0.01224081493999189,12,0.5454545454545454,15.320388338261113,15.320388338261113,6.043298403060945,3,3,0.4961613040023385
E2_20260824T221722Z_2ba66f02,2ba66f0209fe1cdec97b8cf5862494c22fb94704318f9601a7a1f9eb4b783796,resolved|none|rotation_shear,resolved,none,rotation_shear,full,near_null,18,0.012240814939991842,8,0.36363636363636365,7.7050020356433535,7.7050020356433535,3.9278608262190904,3,3,0.4961613040023384
E2_20260824T221722Z_2ba66f02,2ba66f0209fe1cdec97b8cf5862494c22fb94704318f9601a7a1f9eb4b783796,resolved|none|rotation_shear,resolved,none,rotation_shear,full,near_null,19,0.012240814939991806,12,0.5454545454545454,14.061334585403314,14.061334585403314,4.6038609500909145,3,3,0.4961613040023385
E2_20260824T221722Z_2ba66f02,2ba66f0209fe1cdec97b8cf5862494c22fb94704318f9601a7a1f9eb4b783796,resolved|constant|rotation_shear,resolved,constant,rotation_shear,restricted,near_null,0,1.0993531265974372,2,0.09090909090909091,4.323265137354704,4.323265137354704,5.978876037196129,0,4,0.35709011630836157
E2_20260824T221722Z_2ba66f02,2ba66f0209fe1cdec97b8cf5862494c22fb94704318f9601a7a1f9eb4b783796,resolved|constant|rotation_shear,resolved,constant,rotation_shear,restricted,near_null,1,0.9812148088499858,2,0.09090909090909091,3.2671160358348197,3.2671160358348197,5.033460832118249,1,4,0.3454284588229772
E2_20260824T221722Z_2ba66f02,2ba66f0209fe1cdec97b8cf5862494c22fb94704318f9601a7a1f9eb4b783796,resolved|constant|rotation_shear,resolved,constant,rotation_shear,restricted,near_null,2,0.8909291476984292,2,0.09090909090909091,24.06814308938014,24.06814308938014,8.281492510023687,0,4,0.5973008137974641
E2_20260824T221722Z_2ba66f02,2ba66f0209fe1cdec97b8cf5862494c22fb94704318f9601a7a1f9eb4b783796,resolved|constant|rotation_shear,resolved,constant,rotation_shear,restricted,near_null,3,0.7575067366311793,2,0.09090909090909091,24.705893750669457,24.705893750669457,7.434629952508519,1,4,0.32700315185215656
E2_20260824T221722Z_2ba66f02,2ba66f0209fe1cdec97b8cf5862494c22fb94704318f9601a7a1f9eb4b783796,resolved|constant|rotation_shear,resolved,constant,rotation_shear,restricted,near_null,4,0.4434812338645785,0,0.0,17.88298156144283,17.88298156144283,3.453881921942739,1,4,0.48799159208144804
E2_20260824T221722Z_2ba66f02,2ba66f0209fe1cdec97b8cf5862494c22fb94704318f9601a7a1f9eb4b783796,resolved|constant|rotation_shear,resolved,constant,rotation_shear,restricted,near_null,5,0.4111379951935619,1,0.045454545454545456,28.340847624561057,28.340847624561057,5.791093167412181,1,5,0.3373758779089502
E2_20260824T221722Z_2ba66f02,2ba66f0209fe1cdec97b8cf5862494c22fb94704318f9601a7a1f9eb4b783796,resolved|constant|rotation_shear,resolved,constant,rotation_shear,restricted,near_null,6,0.3801498430379721,1,0.045454545454545456,30.62233606919229,30.62233606919229,6.787946653937303,0,5,0.49626967154451895
E2_20260824T221722Z_2ba66f02,2ba66f0209fe1cdec97b8cf5862494c22fb94704318f9601a7a1f9eb4b783796,resolved|constant|rotation_shear,resolved,constant,rotation_shear,restricted,near_null,7,0.36758869003635775,2,0.09090909090909091,16.56227315281245,16.56227315281245,10.469001951929373,1,4,0.43357366763815236
E2_20260824T221722Z_2ba66f02,2ba66f0209fe1cdec97b8cf5862494c22fb94704318f9601a7a1f9eb4b783796,resolved|constant|rotation_shear,resolved,constant,rotation_shear,restricted,near_null,8,0.30815903981583415,2,0.09090909090909091,25.57507951218505,25.57507951218505,11.780884905611934,1,5,0.4653694548462568
E2_20260824T221722Z_2ba66f02,2ba66f0209fe1cdec97b8cf5862494c22fb94704318f9601a7a1f9eb4b783796,resolved|constant|rotation_shear,resolved,constant,rotation_shear,restricted,near_null,9,0.22996169249898946,0,0.0,17.93132602258486,17.93132602258486,3.3541532594604244,2,5,0.25704586964389253
E2_20260824T221722Z_2ba66f02,2ba66f0209fe1cdec97b8cf5862494c22fb94704318f9601a7a1f9eb4b783796,resolved|constant|rotation_shear,resolved,constant,rotation_shear,restricted,near_null,10,0.19914010076050495,2,0.09090909090909091,19.48953392059874,19.48953392059874,9.491410772889065,2,5,0.2794936355409345
E2_20260824T221722Z_2ba66f02,2ba66f0209fe1cdec97b8cf5862494c22fb94704318f9601a7a1f9eb4b783796,resolved|constant|rotation_shear,resolved,constant,rotation_shear,restricted,near_null,11,0.1848884652920655,2,0.09090909090909091,20.35779463431449,20.35779463431449,12.22108929389383,2,5,0.31339964621318656
E2_20260824T221722Z_2ba66f02,2ba66f0209fe1cdec97b8cf5862494c22fb94704318f9601a7a1f9eb4b783796,resolved|constant|rotation_shear,resolved,constant,rotation_shear,restricted,near_null,12,0.1546369329689746,0,0.0,25.784398704592885,25.784398704592885,13.333554173248375,1,5,0.33786159438270225
E2_20260824T221722Z_2ba66f02,2ba66f0209fe1cdec97b8cf5862494c22fb94704318f9601a7a1f9eb4b783796,resolved|constant|rotation_shear,resolved,constant,rotation_shear,restricted,near_null,13,0.1255351174964827,0,0.0,35.04959297311948,35.04959297311948,10.989388400908833,0,5,0.31724410624258714
E2_20260824T221722Z_2ba66f02,2ba66f0209fe1cdec97b8cf5862494c22fb94704318f9601a7a1f9eb4b783796,resolved|constant|rotation_shear,resolved,constant,rotation_shear,restricted,near_null,14,0.12063587041034826,0,0.0,22.013286953755102,22.013286953755102,17.88650219949715,1,5,0.268459864731916
E2_20260824T221722Z_2ba66f02,2ba66f0209fe1cdec97b8cf5862494c22fb94704318f9601a7a1f9eb4b783796,resolved|constant|rotation_shear,resolved,constant,rotation_shear,restricted,near_null,15,0.11406200292511638,0,0.0,28.586415826262947,28.586415826262947,17.79129995458972,1,4,0.3361843017447765
E2_20260824T221722Z_2ba66f02,2ba66f0209fe1cdec97b8cf5862494c22fb94704318f9601a7a1f9eb4b783796,resolved|constant|rotation_shear,resolved,constant,rotation_shear,restricted,near_null,16,0.07700072816933358,0,0.0,32.5836743107193,32.5836743107193,9.079071631248313,1,4,0.3290471450483403
E2_20260824T221722Z_2ba66f02,2ba66f0209fe1cdec97b8cf5862494c22fb94704318f9601a7a1f9eb4b783796,resolved|constant|rotation_shear,resolved,constant,rotation_shear,restricted,near_null,17,0.07039234584797593,1,0.045454545454545456,5.380565571653923,5.380565571653923,9.672023922214205,2,6,0.22979250683653576
E2_20260824T221722Z_2ba66f02,2ba66f0209fe1cdec97b8cf5862494c22fb94704318f9601a7a1f9eb4b783796,resolved|constant|rotation_shear,resolved,constant,rotation_shear,restricted,near_null,18,0.04591783239988136,0,0.0,38.551375025642756,38.551375025642756,8.118350845861103,1,4,0.3049164766308158
E2_20260824T221722Z_2ba66f02,2ba66f0209fe1cdec97b8cf5862494c22fb94704318f9601a7a1f9eb4b783796,resolved|constant|rotation_shear,resolved,constant,rotation_shear,restricted,near_null,19,0.009879810742804003,0,0.0,40.08453474576535,40.08453474576535,2.610846898314974,1,4,0.3547782499934951
E2_20260824T221722Z_2ba66f02,2ba66f0209fe1cdec97b8cf5862494c22fb94704318f9601a7a1f9eb4b783796,resolved|constant|rotation_shear,resolved,constant,rotation_shear,full,exact_null,0,0.0,14,0.6363636363636364,6.614686483071733,6.614686483071733,10.649857495055976,2,5,0.3330529797529696
E2_20260824T221722Z_2ba66f02,2ba66f0209fe1cdec97b8cf5862494c22fb94704318f9601a7a1f9eb4b783796,resolved|constant|rotation_shear,resolved,constant,rotation_shear,full,exact_null,1,0.0,0,0.0,12.838770823209659,12.838770823209659,17.24613626217789,2,4,0.4146650183192679
E2_20260824T221722Z_2ba66f02,2ba66f0209fe1cdec97b8cf5862494c22fb94704318f9601a7a1f9eb4b783796,resolved|constant|rotation_shear,resolved,constant,rotation_shear,full,exact_null,2,0.0,22,1.0,6.007962380083169,6.007962380083169,10.676376549531364,3,3,0.3757094848601977
E2_20260824T221722Z_2ba66f02,2ba66f0209fe1cdec97b8cf5862494c22fb94704318f9601a7a1f9eb4b783796,resolved|constant|rotation_shear,resolved,constant,rotation_shear,full,exact_null,3,0.0,20,0.9090909090909091,12.815414142094646,12.815414142094646,15.951061757425972,3,4,0.4126626283229539
E2_20260824T221722Z_2ba66f02,2ba66f0209fe1cdec97b8cf5862494c22fb94704318f9601a7a1f9eb4b783796,resolved|constant|rotation_shear,resolved,constant,rotation_shear,full,exact_null,4,0.0,5,0.22727272727272727,8.096837771013458,8.096837771013458,13.51394654472838,2,5,0.39502908715984864
E2_20260824T221722Z_2ba66f02,2ba66f0209fe1cdec97b8cf5862494c22fb94704318f9601a7a1f9eb4b783796,resolved|constant|rotation_shear,resolved,constant,rotation_shear,full,exact_null,5,0.0,17,0.7727272727272727,15.973830057868202,15.973830057868202,16.938560264752947,3,5,0.32327172319253256
E2_20260824T221722Z_2ba66f02,2ba66f0209fe1cdec97b8cf5862494c22fb94704318f9601a7a1f9eb4b783796,resolved|constant|rotation_shear,resolved,constant,rotation_shear,full,exact_null,6,0.0,22,1.0,10.493220190459091,10.493220190459091,14.493826042225765,2,5,0.2784800210215832
E2_20260824T221722Z_2ba66f02,2ba66f0209fe1cdec97b8cf5862494c22fb94704318f9601a7a1f9eb4b783796,resolved|constant|rotation_shear,resolved,constant,rotation_shear,full,exact_null,7,0.0,22,1.0,20.612705381745563,20.612705381745563,19.110783057177784,2,4,0.34719084056767135
E2_20260824T221722Z_2ba66f02,2ba66f0209fe1cdec97b8cf5862494c22fb94704318f9601a7a1f9eb4b783796,resolved|constant|rotation_shear,resolved,constant,rotation_shear,full,exact_null,8,0.0,7,0.3181818181818182,13.08721487862839,13.08721487862839,17.075512151380277,3,5,0.3565842656859125
E2_20260824T221722Z_2ba66f02,2ba66f0209fe1cdec97b8cf5862494c22fb94704318f9601a7a1f9eb4b783796,resolved|constant|rotation_shear,resolved,constant,rotation_shear,full,exact_null,9,0.0,7,0.3181818181818182,11.028807799456967,11.028807799456967,16.387913958829504,2,5,0.3154220786087935
E2_20260824T221722Z_2ba66f02,2ba66f0209fe1cdec97b8cf5862494c22fb94704318f9601a7a1f9eb4b783796,resolved|constant|rotation_shear,resolved,constant,rotation_shear,full,exact_null,10,0.0,0,0.0,16.642257008273216,16.642257008273216,17.84456441565367,2,5,0.40213656288206573
E2_20260824T221722Z_2ba66f02,2ba66f0209fe1cdec97b8cf5862494c22fb94704318f9601a7a1f9eb4b783796,resolved|constant|rotation_shear,resolved,constant,rotation_shear,full,exact_null,11,0.0,13,0.5909090909090909,14.934842770778982,14.934842770778982,16.54237200392828,3,4,0.3490421083883538
E2_20260824T221722Z_2ba66f02,2ba66f0209fe1cdec97b8cf5862494c22fb94704318f9601a7a1f9eb4b783796,resolved|constant|rotation_shear,resolved,constant,rotation_shear,full,exact_null,12,0.0,5,0.22727272727272727,19.989612373118486,19.989612373118486,19.10012365238201,3,5,0.31659318677533316
E2_20260824T221722Z_2ba66f02,2ba66f0209fe1cdec97b8cf5862494c22fb94704318f9601a7a1f9eb4b783796,resolved|constant|rotation_shear,resolved,constant,rotation_shear,full,exact_null,13,0.0,15,0.6818181818181818,21.097192878638783,21.097192878638783,18.989059078375313,2,5,0.27972027139424
E2_20260824T221722Z_2ba66f02,2ba66f0209fe1cdec97b8cf5862494c22fb94704318f9601a7a1f9eb4b783796,resolved|constant|rotation_shear,resolved,constant,rotation_shear,full,exact_null,14,0.0,9,0.4090909090909091,14.924793516176749,14.924793516176749,17.33223325628774,3,5,0.32764705504705055
E2_20260824T221722Z_2ba66f02,2ba66f0209fe1cdec97b8cf5862494c22fb94704318f9601a7a1f9eb4b783796,resolved|constant|rotation_shear,resolved,constant,rotation_shear,full,exact_null,15,0.0,7,0.3181818181818182,18.119616617862434,18.119616617862434,18.655436162113617,1,5,0.42607961462295
E2_20260824T221722Z_2ba66f02,2ba66f0209fe1cdec97b8cf5862494c22fb94704318f9601a7a1f9eb4b783796,resolved|constant|rotation_shear,resolved,constant,rotation_shear,full,exact_null,16,0.0,9,0.4090909090909091,14.298942224826673,14.298942224826673,17.081186458117614,3,5,0.26608587068213674
E2_20260824T221722Z_2ba66f02,2ba66f0209fe1cdec97b8cf5862494c22fb94704318f9601a7a1f9eb4b783796,resolved|constant|rotation_shear,resolved,constant,rotation_shear,full,exact_null,17,0.0,11,0.5,23.568583957066597,23.568583957066597,19.43659763999236,1,6,0.28038556667331177
E2_20260824T221722Z_2ba66f02,2ba66f0209fe1cdec97b8cf5862494c22fb94704318f9601a7a1f9eb4b783796,resolved|constant|rotation_shear,resolved,constant,rotation_shear,full,exact_null,18,0.0,5,0.22727272727272727,18.832761808821672,18.832761808821672,18.443546224189127,3,5,0.32026985444141604
E2_20260824T221722Z_2ba66f02,2ba66f0209fe1cdec97b8cf5862494c22fb94704318f9601a7a1f9eb4b783796,resolved|constant|rotation_shear,resolved,constant,rotation_shear,full,exact_null,19,0.0,9,0.4090909090909091,21.40597028017865,21.40597028017865,18.103996358870273,3,5,0.2526649159125311
E2_20260824T221722Z_2ba66f02,2ba66f0209fe1cdec97b8cf5862494c22fb94704318f9601a7a1f9eb4b783796,resolved|constant|rotation_shear,resolved,constant,rotation_shear,full,exact_null,20,0.0,21,0.9545454545454546,21.43272440269095,21.43272440269095,19.119446591165065,3,5,0.2720844501074657
E2_20260824T221722Z_2ba66f02,2ba66f0209fe1cdec97b8cf5862494c22fb94704318f9601a7a1f9eb4b783796,resolved|constant|rotation_shear,resolved,constant,rotation_shear,full,exact_null,21,0.0,3,0.13636363636363635,23.351243515888314,23.351243515888314,18.075006575811454,2,5,0.39838996978383634
E2_20260824T221722Z_2ba66f02,2ba66f0209fe1cdec97b8cf5862494c22fb94704318f9601a7a1f9eb4b783796,resolved|constant|rotation_shear,resolved,constant,rotation_shear,full,exact_null,22,0.0,9,0.4090909090909091,23.241730599492076,23.241730599492076,18.592283659994177,3,5,0.3448001010777678
E2_20260824T221722Z_2ba66f02,2ba66f0209fe1cdec97b8cf5862494c22fb94704318f9601a7a1f9eb4b783796,resolved|constant|rotation_shear,resolved,constant,rotation_shear,full,exact_null,23,0.0,22,1.0,25.624765332702424,25.624765332702424,18.590501859671367,2,4,0.5024603131831256
E2_20260824T221722Z_2ba66f02,2ba66f0209fe1cdec97b8cf5862494c22fb94704318f9601a7a1f9eb4b783796,resolved|constant|rotation_shear,resolved,constant,rotation_shear,full,exact_null,24,0.0,14,0.6363636363636364,17.838065859095433,17.838065859095433,17.795676027376373,2,5,0.31558602492844295
E2_20260824T221722Z_2ba66f02,2ba66f0209fe1cdec97b8cf5862494c22fb94704318f9601a7a1f9eb4b783796,resolved|constant|rotation_shear,resolved,constant,rotation_shear,full,exact_null,25,0.0,19,0.8636363636363636,16.760223855942872,16.760223855942872,18.970739361480998,3,5,0.26572276548176943
E2_20260824T221722Z_2ba66f02,2ba66f0209fe1cdec97b8cf5862494c22fb94704318f9601a7a1f9eb4b783796,resolved|constant|rotation_shear,resolved,constant,rotation_shear,full,exact_null,26,0.0,15,0.6818181818181818,17.562815114294047,17.562815114294047,18.329059313726187,2,4,0.4445461838757405
E2_20260824T221722Z_2ba66f02,2ba66f0209fe1cdec97b8cf5862494c22fb94704318f9601a7a1f9eb4b783796,resolved|constant|rotation_shear,resolved,constant,rotation_shear,full,exact_null,27,0.0,16,0.7272727272727273,24.76336477502088,24.76336477502088,18.709053927909164,3,5,0.44120531278789193
E2_20260824T221722Z_2ba66f02,2ba66f0209fe1cdec97b8cf5862494c22fb94704318f9601a7a1f9eb4b783796,resolved|constant|rotation_shear,resolved,constant,rotation_shear,full,exact_null,28,0.0,18,0.8181818181818182,31.202502216022882,31.202502216022882,15.470154777717568,2,5,0.31262279272660815
E2_20260824T221722Z_2ba66f02,2ba66f0209fe1cdec97b8cf5862494c22fb94704318f9601a7a1f9eb4b783796,resolved|constant|rotation_shear,resolved,constant,rotation_shear,full,exact_null,29,0.0,15,0.6818181818181818,21.390841103578733,21.390841103578733,18.616741248277776,3,5,0.39335192554140413
E2_20260824T221722Z_2ba66f02,2ba66f0209fe1cdec97b8cf5862494c22fb94704318f9601a7a1f9eb4b783796,resolved|constant|rotation_shear,resolved,constant,rotation_shear,full,exact_null,30,0.0,19,0.8636363636363636,30.888095582104587,30.888095582104587,15.996447377413558,3,3,0.5335367848779137
E2_20260824T221722Z_2ba66f02,2ba66f0209fe1cdec97b8cf5862494c22fb94704318f9601a7a1f9eb4b783796,resolved|constant|rotation_shear,resolved,constant,rotation_shear,full,exact_null,31,0.0,2,0.09090909090909091,27.523341595148253,27.523341595148253,16.796722441684047,3,4,0.36306415362945915
E2_20260824T221722Z_2ba66f02,2ba66f0209fe1cdec97b8cf5862494c22fb94704318f9601a7a1f9eb4b783796,resolved|constant|rotation_shear,resolved,constant,rotation_shear,full,exact_null,32,0.0,0,0.0,21.661854050431206,21.661854050431206,18.87327610773727,3,4,0.42856039455326567
E2_20260824T221722Z_2ba66f02,2ba66f0209fe1cdec97b8cf5862494c22fb94704318f9601a7a1f9eb4b783796,resolved|constant|rotation_shear,resolved,constant,rotation_shear,full,exact_null,33,0.0,7,0.3181818181818182,32.00974030721194,32.00974030721194,16.037968805408077,2,4,0.4954385904665137
E2_20260824T221722Z_2ba66f02,2ba66f0209fe1cdec97b8cf5862494c22fb94704318f9601a7a1f9eb4b783796,resolved|constant|rotation_shear,resolved,constant,rotation_shear,full,exact_null,34,0.0,0,0.0,33.75004306123086,33.75004306123086,14.115168275026186,3,3,0.5448983624826087
E2_20260824T221722Z_2ba66f02,2ba66f0209fe1cdec97b8cf5862494c22fb94704318f9601a7a1f9eb4b783796,resolved|constant|rotation_shear,resolved,constant,rotation_shear,full,exact_null,35,0.0,10,0.45454545454545453,23.64891892242468,23.64891892242468,18.398403620214648,2,4,0.45281570420758754
E2_20260824T221722Z_2ba66f02,2ba66f0209fe1cdec97b8cf5862494c22fb94704318f9601a7a1f9eb4b783796,resolved|constant|rotation_shear,resolved,constant,rotation_shear,full,exact_null,36,0.0,17,0.7727272727272727,34.603614149345105,34.603614149345105,12.278442822144969,3,4,0.60166548341171
E2_20260824T221722Z_2ba66f02,2ba66f0209fe1cdec97b8cf5862494c22fb94704318f9601a7a1f9eb4b783796,resolved|constant|rotation_shear,resolved,constant,rotation_shear,full,exact_null,37,0.0,14,0.6363636363636364,30.59678635979511,30.59678635979511,16.242642143705876,2,3,0.5877796633982157
E2_20260824T221722Z_2ba66f02,2ba66f0209fe1cdec97b8cf5862494c22fb94704318f9601a7a1f9eb4b783796,resolved|constant|rotation_shear,resolved,constant,rotation_shear,full,exact_null,38,0.0,12,0.5454545454545454,38.59165923065736,38.59165923065736,10.300384810096178,3,3,0.6414640432188758
E2_20260824T221722Z_2ba66f02,2ba66f0209fe1cdec97b8cf5862494c22fb94704318f9601a7a1f9eb4b783796,resolved|constant|rotation_shear,resolved,constant,rotation_shear,full,exact_null,39,0.0,4,0.18181818181818182,31.195491638123382,31.195491638123382,17.03469865981451,2,4,0.4053202558971261
E2_20260824T221722Z_2ba66f02,2ba66f0209fe1cdec97b8cf5862494c22fb94704318f9601a7a1f9eb4b783796,resolved|constant|rotation_shear,resolved,constant,rotation_shear,full,exact_null,40,0.0,22,1.0,37.72769418164333,37.72769418164333,7.365766575851186,3,3,0.6835321866104758
E2_20260824T221722Z_2ba66f02,2ba66f0209fe1cdec97b8cf5862494c22fb94704318f9601a7a1f9eb4b783796,resolved|constant|rotation_shear,resolved,constant,rotation_shear,full,exact_null,41,0.0,4,0.18181818181818182,35.5419576100331,35.5419576100331,12.69976319043368,3,3,0.4467843491533204
E2_20260824T221722Z_2ba66f02,2ba66f0209fe1cdec97b8cf5862494c22fb94704318f9601a7a1f9eb4b783796,resolved|constant|rotation_shear,resolved,constant,rotation_shear,full,exact_null,42,0.0,0,0.0,36.78227141645157,36.78227141645157,11.851797708136276,3,3,0.6629765084221626
E2_20260824T221722Z_2ba66f02,2ba66f0209fe1cdec97b8cf5862494c22fb94704318f9601a7a1f9eb4b783796,resolved|constant|rotation_shear,resolved,constant,rotation_shear,full,exact_null,43,0.0,1,0.045454545454545456,21.952507898751936,21.952507898751936,18.797312834452292,3,6,0.22255766197557664
E2_20260824T221722Z_2ba66f02,2ba66f0209fe1cdec97b8cf5862494c22fb94704318f9601a7a1f9eb4b783796,resolved|constant|rotation_shear,resolved,constant,rotation_shear,full,exact_null,44,0.0,6,0.2727272727272727,23.110151294961238,23.110151294961238,17.87969542875285,3,5,0.4495301121822206
E2_20260824T221722Z_2ba66f02,2ba66f0209fe1cdec97b8cf5862494c22fb94704318f9601a7a1f9eb4b783796,resolved|constant|rotation_shear,resolved,constant,rotation_shear,full,exact_null,45,0.0,0,0.0,23.829078040580967,23.829078040580967,18.74213792497687,3,5,0.33328410261829616
E2_20260824T221722Z_2ba66f02,2ba66f0209fe1cdec97b8cf5862494c22fb94704318f9601a7a1f9eb4b783796,resolved|constant|rotation_shear,resolved,constant,rotation_shear,full,exact_null,46,0.0,4,0.18181818181818182,24.034494542882882,24.034494542882882,19.06975275247276,1,5,0.40397476526671644
E2_20260824T221722Z_2ba66f02,2ba66f0209fe1cdec97b8cf5862494c22fb94704318f9601a7a1f9eb4b783796,resolved|constant|rotation_shear,resolved,constant,rotation_shear,full,exact_null,47,0.0,18,0.8181818181818182,1.2068631533336663e-10,1.2068631533336663e-10,5.355057047903643e-05,2,2,0.5258062246450329
E2_20260824T221722Z_2ba66f02,2ba66f0209fe1cdec97b8cf5862494c22fb94704318f9601a7a1f9eb4b783796,resolved|constant|rotation_shear,resolved,constant,rotation_shear,full,near_null,0,0.009629228808027237,9,0.4090909090909091,17.562408015217077,17.562408015217077,0.9178648009832894,3,3,0.4945708480648444
E2_20260824T221722Z_2ba66f02,2ba66f0209fe1cdec97b8cf5862494c22fb94704318f9601a7a1f9eb4b783796,resolved|constant|rotation_shear,resolved,constant,rotation_shear,full,near_null,1,0.009629228808027194,3,0.13636363636363635,18.33098193413977,18.33098193413977,0.7334365306208853,3,3,0.4945708480648446
E2_20260824T221722Z_2ba66f02,2ba66f0209fe1cdec97b8cf5862494c22fb94704318f9601a7a1f9eb4b783796,resolved|constant|rotation_shear,resolved,constant,rotation_shear,full,near_null,2,0.009629228808027149,22,1.0,17.70059466122212,17.70059466122212,0.8264992462478257,3,3,0.4945708480648444
E2_20260824T221722Z_2ba66f02,2ba66f0209fe1cdec97b8cf5862494c22fb94704318f9601a7a1f9eb4b783796,resolved|constant|rotation_shear,resolved,constant,rotation_shear,full,near_null,3,0.009629228808027138,14,0.6363636363636364,16.406015389421036,16.406015389421036,1.0025107366477695,3,3,0.49457084806484475
E2_20260824T221722Z_2ba66f02,2ba66f0209fe1cdec97b8cf5862494c22fb94704318f9601a7a1f9eb4b783796,resolved|constant|rotation_shear,resolved,constant,rotation_shear,full,near_null,4,0.005616651038395452,22,1.0,14.724210022958388,14.724210022958388,0.8034374350695404,3,3,0.48723405027967565
E2_20260824T221722Z_2ba66f02,2ba66f0209fe1cdec97b8cf5862494c22fb94704318f9601a7a1f9eb4b783796,resolved|constant|rotation_shear,resolved,constant,rotation_shear,full,near_null,5,0.0056166510383953965,0,0.0,12.328087027854883,12.328087027854883,0.8365049951144515,3,3,0.4872340502796757
E2_20260824T221722Z_2ba66f02,2ba66f0209fe1cdec97b8cf5862494c22fb94704318f9601a7a1f9eb4b783796,resolved|constant|rotation_shear,resolved,constant,rotation_shear,full,near_null,6,0.00561665103839535,9,0.4090909090909091,13.453139094728641,13.453139094728641,0.651731956470696,3,3,0.48723405027967553
E2_20260824T221722Z_2ba66f02,2ba66f0209fe1cdec97b8cf5862494c22fb94704318f9601a7a1f9eb4b783796,resolved|constant|rotation_shear,resolved,constant,rotation_shear,full,near_null,7,0.005616651038395343,15,0.6818181818181818,13.494563854458084,13.494563854458084,0.5964037619577394,3,3,0.48723405027967565
E2_20260824T221722Z_2ba66f02,2ba66f0209fe1cdec97b8cf5862494c22fb94704318f9601a7a1f9eb4b783796,resolved|constant|rotation_shear,resolved,constant,rotation_shear,full,near_null,8,0.0025026100318849918,10,0.45454545454545453,29.537154301279802,29.537154301279802,0.7768975545608094,3,3,0.5305016492379322
E2_20260824T221722Z_2ba66f02,2ba66f0209fe1cdec97b8cf5862494c22fb94704318f9601a7a1f9eb4b783796,resolved|constant|rotation_shear,resolved,constant,rotation_shear,full,near_null,9,0.002502610031884971,22,1.0,29.154353417851954,29.154353417851954,1.3314900987146878,3,3,0.530501649237932
E2_20260824T221722Z_2ba66f02,2ba66f0209fe1cdec97b8cf5862494c22fb94704318f9601a7a1f9eb4b783796,resolved|constant|rotation_shear,resolved,constant,rotation_shear,full,near_null,10,0.002502610031884968,0,0.0,29.91150208846269,29.91150208846269,1.3972019013688606,3,3,0.5305016492379322
E2_20260824T221722Z_2ba66f02,2ba66f0209fe1cdec97b8cf5862494c22fb94704318f9601a7a1f9eb4b783796,resolved|constant|rotation_shear,resolved,constant,rotation_shear,full,near_null,11,0.0025026100318849415,10,0.45454545454545453,29.396990192405553,29.396990192405553,0.6087644556225371,3,3,0.5305016492379321
E2_20260824T221722Z_2ba66f02,2ba66f0209fe1cdec97b8cf5862494c22fb94704318f9601a7a1f9eb4b783796,resolved|constant|rotation_shear,resolved,constant,rotation_shear,full,near_null,12,0.0007342266511962622,22,1.0,9.57841107763365,9.57841107763365,0.5042840942247149,3,3,0.43766310690890875
E2_20260824T221722Z_2ba66f02,2ba66f0209fe1cdec97b8cf5862494c22fb94704318f9601a7a1f9eb4b783796,resolved|constant|rotation_shear,resolved,constant,rotation_shear,full,near_null,13,0.0007342266511961241,9,0.4090909090909091,10.925331091166761,10.925331091166761,0.4024900130990936,3,3,0.437663106908911
E2_20260824T221722Z_2ba66f02,2ba66f0209fe1cdec97b8cf5862494c22fb94704318f9601a7a1f9eb4b783796,resolved|constant|rotation_shear,resolved,constant,rotation_shear,full,near_null,14,0.0007342266511960974,7,0.3181818181818182,9.316505855668431,9.316505855668431,0.6609384900435753,3,3,0.4376631069089103
E2_20260824T221722Z_2ba66f02,2ba66f0209fe1cdec97b8cf5862494c22fb94704318f9601a7a1f9eb4b783796,resolved|constant|rotation_shear,resolved,constant,rotation_shear,full,near_null,15,0.0007342266511960807,0,0.0,8.17975197553116,8.17975197553116,0.5765567538293297,3,3,0.43766310690891014
E2_20260824T221722Z_2ba66f02,2ba66f0209fe1cdec97b8cf5862494c22fb94704318f9601a7a1f9eb4b783796,resolved|constant|rotation_shear,resolved,constant,rotation_shear,full,near_null,16,0.0002650723942058703,0,0.0,32.000306884134005,32.000306884134005,0.02818981058869108,3,3,0.5098544885230365
E2_20260824T221722Z_2ba66f02,2ba66f0209fe1cdec97b8cf5862494c22fb94704318f9601a7a1f9eb4b783796,resolved|constant|rotation_shear,resolved,constant,rotation_shear,full,near_null,17,0.00026507239420586726,0,0.0,34.40934982611925,34.40934982611925,0.5234519395624305,3,3,0.5098544885230369
E2_20260824T221722Z_2ba66f02,2ba66f0209fe1cdec97b8cf5862494c22fb94704318f9601a7a1f9eb4b783796,resolved|constant|rotation_shear,resolved,constant,rotation_shear,full,near_null,18,0.0002650723942058629,11,0.5,33.5527126037882,33.5527126037882,0.8478131010679499,3,3,0.5098544885230367
E2_20260824T221722Z_2ba66f02,2ba66f0209fe1cdec97b8cf5862494c22fb94704318f9601a7a1f9eb4b783796,resolved|constant|rotation_shear,resolved,constant,rotation_shear,full,near_null,19,0.00026507239420585875,22,1.0,34.03763068595855,34.03763068595855,0.7991210334382862,3,3,0.5098544885230367
E2_20260824T221722Z_2ba66f02,2ba66f0209fe1cdec97b8cf5862494c22fb94704318f9601a7a1f9eb4b783796,partial|constant|rotation_shear,partial,constant,rotation_shear,restricted,near_null,0,1.105952203448479,2,0.09090909090909091,3.8036798313091995,3.8036798313091995,5.768634567259531,0,4,0.3690168754122282
E2_20260824T221722Z_2ba66f02,2ba66f0209fe1cdec97b8cf5862494c22fb94704318f9601a7a1f9eb4b783796,partial|constant|rotation_shear,partial,constant,rotation_shear,restricted,near_null,1,0.9871562142872483,2,0.09090909090909091,3.6040816568321494,3.6040816568321494,5.593197407988526,1,4,0.34765008943163334
E2_20260824T221722Z_2ba66f02,2ba66f0209fe1cdec97b8cf5862494c22fb94704318f9601a7a1f9eb4b783796,partial|constant|rotation_shear,partial,constant,rotation_shear,restricted,near_null,2,0.8981050051527754,2,0.09090909090909091,23.739200126682334,23.739200126682334,8.546858825256388,0,4,0.5947792832938255
E2_20260824T221722Z_2ba66f02,2ba66f0209fe1cdec97b8cf5862494c22fb94704318f9601a7a1f9eb4b783796,partial|constant|rotation_shear,partial,constant,rotation_shear,restricted,near_null,3,0.7652426319298729,2,0.09090909090909091,24.463239830446863,24.463239830446863,7.714755889612899,1,4,0.32718654193616814
E2_20260824T221722Z_2ba66f02,2ba66f0209fe1cdec97b8cf5862494c22fb94704318f9601a7a1f9eb4b783796,partial|constant|rotation_shear,partial,constant,rotation_shear,restricted,near_null,4,0.4495665587583369,0,0.0,17.973618631064987,17.973618631064987,3.3742115355545312,1,4,0.48953933787577647
E2_20260824T221722Z_2ba66f02,2ba66f0209fe1cdec97b8cf5862494c22fb94704318f9601a7a1f9eb4b783796,partial|constant|rotation_shear,partial,constant,rotation_shear,restricted,near_null,5,0.4127023220677336,1,0.045454545454545456,28.085038159002252,28.085038159002252,5.957993587399227,1,5,0.3514896485315829
E2_20260824T221722Z_2ba66f02,2ba66f0209fe1cdec97b8cf5862494c22fb94704318f9601a7a1f9eb4b783796,partial|constant|rotation_shear,partial,constant,rotation_shear,restricted,near_null,6,0.3847999540017434,1,0.045454545454545456,29.934016702872665,29.934016702872665,7.708170061682736,0,5,0.5383183448061784
E2_20260824T221722Z_2ba66f02,2ba66f0209fe1cdec97b8cf5862494c22fb94704318f9601a7a1f9eb4b783796,partial|constant|rotation_shear,partial,constant,rotation_shear,restricted,near_null,7,0.37090973976953395,2,0.09090909090909091,17.977027323235333,17.977027323235333,11.099198394260624,0,5,0.4187548743553028
E2_20260824T221722Z_2ba66f02,2ba66f0209fe1cdec97b8cf5862494c22fb94704318f9601a7a1f9eb4b783796,partial|constant|rotation_shear,partial,constant,rotation_shear,restricted,near_null,8,0.3104801277779585,2,0.09090909090909091,24.992499860249847,24.992499860249847,11.976103307747433,1,5,0.46698212381342813
E2_20260824T221722Z_2ba66f02,2ba66f0209fe1cdec97b8cf5862494c22fb94704318f9601a7a1f9eb4b783796,partial|constant|rotation_shear,partial,constant,rotation_shear,restricted,near_null,9,0.23253751239251957,0,0.0,17.959713189721732,17.959713189721732,3.317456441516914,2,5,0.2586262472229027
E2_20260824T221722Z_2ba66f02,2ba66f0209fe1cdec97b8cf5862494c22fb94704318f9601a7a1f9eb4b783796,partial|constant|rotation_shear,partial,constant,rotation_shear,restricted,near_null,10,0.20050677359170685,2,0.09090909090909091,18.493891862699748,18.493891862699748,9.16703919061037,2,5,0.27227789912472244
E2_20260824T221722Z_2ba66f02,2ba66f0209fe1cdec97b8cf5862494c22fb94704318f9601a7a1f9eb4b783796,partial|constant|rotation_shear,partial,constant,rotation_shear,restricted,near_null,11,0.18467537393836672,2,0.09090909090909091,21.60968428857151,21.60968428857151,12.187474410334007,2,5,0.3285286792909953
E2_20260824T221722Z_2ba66f02,2ba66f0209fe1cdec97b8cf5862494c22fb94704318f9601a7a1f9eb4b783796,partial|constant|rotation_shear,partial,constant,rotation_shear,restricted,near_null,12,0.15790868174243056,0,0.0,26.68078118489695,26.68078118489695,12.89117349498435,1,5,0.34951511044668
E2_20260824T221722Z_2ba66f02,2ba66f0209fe1cdec97b8cf5862494c22fb94704318f9601a7a1f9eb4b783796,partial|constant|rotation_shear,partial,constant,rotation_shear,restricted,near_null,13,0.12582969863155355,0,0.0,34.27479492730789,34.27479492730789,11.864062743284128,0,5,0.3176783560888063
E2_20260824T221722Z_2ba66f02,2ba66f0209fe1cdec97b8cf5862494c22fb94704318f9601a7a1f9eb4b783796,partial|constant|rotation_shear,partial,constant,rotation_shear,restricted,near_null,14,0.12166937176941553,0,0.0,25.974722259871378,25.974722259871378,17.36610746994223,1,5,0.34002517534409477
E2_20260824T221722Z_2ba66f02,2ba66f0209fe1cdec97b8cf5862494c22fb94704318f9601a7a1f9eb4b783796,partial|constant|rotation_shear,partial,constant,rotation_shear,restricted,near_null,15,0.11502964203583957,0,0.0,24.2527008426654,24.2527008426654,19.064620889205496,1,4,0.31368797749595345
E2_20260824T221722Z_2ba66f02,2ba66f0209fe1cdec97b8cf5862494c22fb94704318f9601a7a1f9eb4b783796,partial|constant|rotation_shear,partial,constant,rotation_shear,restricted,near_null,16,0.07636430167636633,0,0.0,33.13821267790812,33.13821267790812,7.985832811640304,1,4,0.32232676645141817
E2_20260824T221722Z_2ba66f02,2ba66f0209fe1cdec97b8cf5862494c22fb94704318f9601a7a1f9eb4b783796,partial|constant|rotation_shear,partial,constant,rotation_shear,restricted,near_null,17,0.06999658809566818,1,0.045454545454545456,4.884163408036219,4.884163408036219,9.219819791064513,2,6,0.22887937684100249
E2_20260824T221722Z_2ba66f02,2ba66f0209fe1cdec97b8cf5862494c22fb94704318f9601a7a1f9eb4b783796,partial|constant|rotation_shear,partial,constant,rotation_shear,restricted,near_null,18,0.045649312016176405,0,0.0,38.505094021899986,38.505094021899986,8.326666089206702,1,4,0.3035490500125473
E2_20260824T221722Z_2ba66f02,2ba66f0209fe1cdec97b8cf5862494c22fb94704318f9601a7a1f9eb4b783796,partial|constant|rotation_shear,partial,constant,rotation_shear,restricted,near_null,19,0.00975781049671984,0,0.0,40.091238165757325,40.091238165757325,2.6011600794392735,1,4,0.3541294975995589
E2_20260824T221722Z_2ba66f02,2ba66f0209fe1cdec97b8cf5862494c22fb94704318f9601a7a1f9eb4b783796,partial|constant|rotation_shear,partial,constant,rotation_shear,full,exact_null,0,0.0,8,0.36363636363636365,9.106624692545287,9.106624692545287,13.217064622012023,2,5,0.25743143879635044
E2_20260824T221722Z_2ba66f02,2ba66f0209fe1cdec97b8cf5862494c22fb94704318f9601a7a1f9eb4b783796,partial|constant|rotation_shear,partial,constant,rotation_shear,full,exact_null,1,0.0,12,0.5454545454545454,18.564625027820114,18.564625027820114,19.44299457578658,2,4,0.49885753455878634
E2_20260824T221722Z_2ba66f02,2ba66f0209fe1cdec97b8cf5862494c22fb94704318f9601a7a1f9eb4b783796,partial|constant|rotation_shear,partial,constant,rotation_shear,full,exact_null,2,0.0,11,0.5,5.0204871852073705,5.0204871852073705,11.66765703688114,3,4,0.42262692748424885
E2_20260824T221722Z_2ba66f02,2ba66f0209fe1cdec97b8cf5862494c22fb94704318f9601a7a1f9eb4b783796,partial|constant|rotation_shear,partial,constant,rotation_shear,full,exact_null,3,0.0,5,0.22727272727272727,10.705179782116502,10.705179782116502,14.746496341928617,3,4,0.43797636689750197
E2_20260824T221722Z_2ba66f02,2ba66f0209fe1cdec97b8cf5862494c22fb94704318f9601a7a1f9eb4b783796,partial|constant|rotation_shear,partial,constant,rotation_shear,full,exact_null,4,0.0,21,0.9545454545454546,16.25458599296929,16.25458599296929,18.462133629002356,3,5,0.47725768997169876
E2_20260824T221722Z_2ba66f02,2ba66f0209fe1cdec97b8cf5862494c22fb94704318f9601a7a1f9eb4b783796,partial|constant|rotation_shear,partial,constant,rotation_shear,full,exact_null,5,0.0,12,0.5454545454545454,14.776364656247823,14.776364656247823,17.758079465853537,3,4,0.386151689548042
E2_20260824T221722Z_2ba66f02,2ba66f0209fe1cdec97b8cf5862494c22fb94704318f9601a7a1f9eb4b783796,partial|constant|rotation_shear,partial,constant,rotation_shear,full,exact_null,6,0.0,6,0.2727272727272727,8.630700506655689,8.630700506655689,14.297120429456433,3,4,0.3151296856846323
E2_20260824T221722Z_2ba66f02,2ba66f0209fe1cdec97b8cf5862494c22fb94704318f9601a7a1f9eb4b783796,partial|constant|rotation_shear,partial,constant,rotation_shear,full,exact_null,7,0.0,16,0.7272727272727273,18.042929521579236,18.042929521579236,17.646681369437157,2,5,0.4136998729524522
E2_20260824T221722Z_2ba66f02,2ba66f0209fe1cdec97b8cf5862494c22fb94704318f9601a7a1f9eb4b783796,partial|constant|rotation_shear,partial,constant,rotation_shear,full,exact_null,8,0.0,22,1.0,18.52751004197717,18.52751004197717,18.744924338412478,2,5,0.46093919862978977
E2_20260824T221722Z_2ba66f02,2ba66f0209fe1cdec97b8cf5862494c22fb94704318f9601a7a1f9eb4b783796,partial|constant|rotation_shear,partial,constant,rotation_shear,full,exact_null,9,0.0,22,1.0,20.19909250270342,20.19909250270342,18.764084937141167,2,6,0.31736374545600327
E2_20260824T221722Z_2ba66f02,2ba66f0209fe1cdec97b8cf5862494c22fb94704318f9601a7a1f9eb4b783796,partial|constant|rotation_shear,partial,constant,rotation_shear,full,exact_null,10,0.0,22,1.0,20.465968828356772,20.465968828356772,18.901886321454203,1,5,0.30690553642840035
E2_20260824T221722Z_2ba66f02,2ba66f0209fe1cdec97b8cf5862494c22fb94704318f9601a7a1f9eb4b783796,partial|constant|rotation_shear,partial,constant,rotation_shear,full,exact_null,11,0.0,14,0.6363636363636364,25.72681590323253,25.72681590323253,17.589786640112724,3,5,0.23740528820993095
E2_20260824T221722Z_2ba66f02,2ba66f0209fe1cdec97b8cf5862494c22fb94704318f9601a7a1f9eb4b783796,partial|constant|rotation_shear,partial,constant,rotation_shear,full,exact_null,12,0.0,6,0.2727272727272727,23.427372234650168,23.427372234650168,18.72519365150868,3,5,0.31734065845517617
E2_20260824T221722Z_2ba66f02,2ba66f0209fe1cdec97b8cf5862494c22fb94704318f9601a7a1f9eb4b783796,partial|constant|rotation_shear,partial,constant,rotation_shear,full,exact_null,13,0.0,14,0.6363636363636364,19.198493003817745,19.198493003817745,18.48186592614214,3,5,0.23835983253926987
E2_20260824T221722Z_2ba66f02,2ba66f0209fe1cdec97b8cf5862494c22fb94704318f9601a7a1f9eb4b783796,partial|constant|rotation_shear,partial,constant,rotation_shear,full,exact_null,14,0.0,12,0.5454545454545454,19.062896487239527,19.062896487239527,19.093762233363154,2,5,0.2546617832316742
E2_20260824T221722Z_2ba66f02,2ba66f0209fe1cdec97b8cf5862494c22fb94704318f9601a7a1f9eb4b783796,partial|constant|rotation_shear,partial,constant,rotation_shear,full,exact_null,15,0.0,22,1.0,19.734241051787265,19.734241051787265,18.71051977768498,3,5,0.3353057770221403
E2_20260824T221722Z_2ba66f02,2ba66f0209fe1cdec97b8cf5862494c22fb94704318f9601a7a1f9eb4b783796,partial|constant|rotation_shear,partial,constant,rotation_shear,full,exact_null,16,0.0,15,0.6818181818181818,16.9742571686504,16.9742571686504,18.06286412726085,3,5,0.3747552579145852
E2_20260824T221722Z_2ba66f02,2ba66f0209fe1cdec97b8cf5862494c22fb94704318f9601a7a1f9eb4b783796,partial|constant|rotation_shear,partial,constant,rotation_shear,full,exact_null,17,0.0,12,0.5454545454545454,26.030145122058887,26.030145122058887,18.36942637790105,1,5,0.32032528731972626
E2_20260824T221722Z_2ba66f02,2ba66f0209fe1cdec97b8cf5862494c22fb94704318f9601a7a1f9eb4b783796,partial|constant|rotation_shear,partial,constant,rotation_shear,full,exact_null,18,0.0,0,0.0,18.03453044682979,18.03453044682979,17.807780543208228,2,5,0.26304475812960626
E2_20260824T221722Z_2ba66f02,2ba66f0209fe1cdec97b8cf5862494c22fb94704318f9601a7a1f9eb4b783796,partial|constant|rotation_shear,partial,constant,rotation_shear,full,exact_null,19,0.0,21,0.9545454545454546,18.243995540988294,18.243995540988294,18.016229310760743,3,5,0.30570948041186013
E2_20260824T221722Z_2ba66f02,2ba66f0209fe1cdec97b8cf5862494c22fb94704318f9601a7a1f9eb4b783796,partial|constant|rotation_shear,partial,constant,rotation_shear,full,exact_null,20,0.0,16,0.7272727272727273,21.10421937114773,21.10421937114773,18.88707395053097,3,5,0.27458096200539084
E2_20260824T221722Z_2ba66f02,2ba66f0209fe1cdec97b8cf5862494c22fb94704318f9601a7a1f9eb4b783796,partial|constant|rotation_shear,partial,constant,rotation_shear,full,exact_null,21,0.0,22,1.0,25.377954029585677,25.377954029585677,18.952493148165697,3,5,0.3073939192745484
E2_20260824T221722Z_2ba66f02,2ba66f0209fe1cdec97b8cf5862494c22fb94704318f9601a7a1f9eb4b783796,partial|constant|rotation_shear,partial,constant,rotation_shear,full,exact_null,22,0.0,15,0.6818181818181818,14.832935688299772,14.832935688299772,18.363630531787475,3,5,0.27967326069197457
E2_20260824T221722Z_2ba66f02,2ba66f0209fe1cdec97b8cf5862494c22fb94704318f9601a7a1f9eb4b783796,partial|constant|rotation_shear,partial,constant,rotation_shear,full,exact_null,23,0.0,17,0.7727272727272727,30.40915257271853,30.40915257271853,14.892202566659922,3,5,0.356236313798921
E2_20260824T221722Z_2ba66f02,2ba66f0209fe1cdec97b8cf5862494c22fb94704318f9601a7a1f9eb4b783796,partial|constant|rotation_shear,partial,constant,rotation_shear,full,exact_null,24,0.0,22,1.0,25.929516903322178,25.929516903322178,17.795103756307935,3,6,0.2496205227358738
E2_20260824T221722Z_2ba66f02,2ba66f0209fe1cdec97b8cf5862494c22fb94704318f9601a7a1f9eb4b783796,partial|constant|rotation_shear,partial,constant,rotation_shear,full,exact_null,25,0.0,12,0.5454545454545454,24.96266297650256,24.96266297650256,17.393162896855227,2,4,0.3328204970016417
E2_20260824T221722Z_2ba66f02,2ba66f0209fe1cdec97b8cf5862494c22fb94704318f9601a7a1f9eb4b783796,partial|constant|rotation_shear,partial,constant,rotation_shear,full,exact_null,26,0.0,7,0.3181818181818182,16.46038042722401,16.46038042722401,16.86514874043182,2,4,0.39621876268818595
E2_20260824T221722Z_2ba66f02,2ba66f0209fe1cdec97b8cf5862494c22fb94704318f9601a7a1f9eb4b783796,partial|constant|rotation_shear,partial,constant,rotation_shear,full,exact_null,27,0.0,6,0.2727272727272727,28.997756750874608,28.997756750874608,16.894849549290917,3,4,0.3747836032262053
E2_20260824T221722Z_2ba66f02,2ba66f0209fe1cdec97b8cf5862494c22fb94704318f9601a7a1f9eb4b783796,partial|constant|rotation_shear,partial,constant,rotation_shear,full,exact_null,28,0.0,13,0.5909090909090909,22.344481428787162,22.344481428787162,19.06588577400311,3,4,0.4631925786470283
E2_20260824T221722Z_2ba66f02,2ba66f0209fe1cdec97b8cf5862494c22fb94704318f9601a7a1f9eb4b783796,partial|constant|rotation_shear,partial,constant,rotation_shear,full,exact_null,29,0.0,12,0.5454545454545454,29.318662264198508,29.318662264198508,17.335513688871448,2,5,0.4042920120557716
E2_20260824T221722Z_2ba66f02,2ba66f0209fe1cdec97b8cf5862494c22fb94704318f9601a7a1f9eb4b783796,partial|constant|rotation_shear,partial,constant,rotation_shear,full,exact_null,30,0.0,4,0.18181818181818182,15.627585205485527,15.627585205485527,17.799493108563595,1,4,0.6890732261367662
E2_20260824T221722Z_2ba66f02,2ba66f0209fe1cdec97b8cf5862494c22fb94704318f9601a7a1f9eb4b783796,partial|constant|rotation_shear,partial,constant,rotation_shear,full,exact_null,31,0.0,14,0.6363636363636364,22.32386289589494,22.32386289589494,18.553923033881166,3,4,0.46512938607381427
E2_20260824T221722Z_2ba66f02,2ba66f0209fe1cdec97b8cf5862494c22fb94704318f9601a7a1f9eb4b783796,partial|constant|rotation_shear,partial,constant,rotation_shear,full,exact_null,32,0.0,22,1.0,26.010741369814,26.010741369814,18.054429770502015,2,3,0.4511237486925061
E2_20260824T221722Z_2ba66f02,2ba66f0209fe1cdec97b8cf5862494c22fb94704318f9601a7a1f9eb4b783796,partial|constant|rotation_shear,partial,constant,rotation_shear,full,exact_null,33,0.0,10,0.45454545454545453,26.522052181285947,26.522052181285947,18.447746212217112,3,5,0.3928327252534756
E2_20260824T221722Z_2ba66f02,2ba66f0209fe1cdec97b8cf5862494c22fb94704318f9601a7a1f9eb4b783796,partial|constant|rotation_shear,partial,constant,rotation_shear,full,exact_null,34,0.0,3,0.13636363636363635,32.10603847824057,32.10603847824057,16.08649122798791,3,4,0.4416971883669524
E2_20260824T221722Z_2ba66f02,2ba66f0209fe1cdec97b8cf5862494c22fb94704318f9601a7a1f9eb4b783796,partial|constant|rotation_shear,partial,constant,rotation_shear,full,exact_null,35,0.0,19,0.8636363636363636,34.023081269396194,34.023081269396194,13.65483065415695,2,5,0.45531045622636873
E2_20260824T221722Z_2ba66f02,2ba66f0209fe1cdec97b8cf5862494c22fb94704318f9601a7a1f9eb4b783796,partial|constant|rotation_shear,partial,constant,rotation_shear,full,exact_null,36,0.0,4,0.18181818181818182,29.05958343861151,29.05958343861151,16.91425425297062,3,5,0.42736950207068236
E2_20260824T221722Z_2ba66f02,2ba66f0209fe1cdec97b8cf5862494c22fb94704318f9601a7a1f9eb4b783796,partial|constant|rotation_shear,partial,constant,rotation_shear,full,exact_null,37,0.0,19,0.8636363636363636,26.057794886663377,26.057794886663377,18.05743809966053,3,3,0.5502648583973542
E2_20260824T221722Z_2ba66f02,2ba66f0209fe1cdec97b8cf5862494c22fb94704318f9601a7a1f9eb4b783796,partial|constant|rotation_shear,partial,constant,rotation_shear,full,exact_null,38,0.0,17,0.7727272727272727,31.18652172076521,31.18652172076521,15.218027980352181,3,4,0.38517209413230874
E2_20260824T221722Z_2ba66f02,2ba66f0209fe1cdec97b8cf5862494c22fb94704318f9601a7a1f9eb4b783796,partial|constant|rotation_shear,partial,constant,rotation_shear,full,exact_null,39,0.0,17,0.7727272727272727,32.65431355396775,32.65431355396775,13.522258481913264,3,4,0.38935434982997347
E2_20260824T221722Z_2ba66f02,2ba66f0209fe1cdec97b8cf5862494c22fb94704318f9601a7a1f9eb4b783796,partial|constant|rotation_shear,partial,constant,rotation_shear,full,exact_null,40,0.0,14,0.6363636363636364,37.3814671199436,37.3814671199436,12.096842231981396,2,3,0.6196457425753262
E2_20260824T221722Z_2ba66f02,2ba66f0209fe1cdec97b8cf5862494c22fb94704318f9601a7a1f9eb4b783796,partial|constant|rotation_shear,partial,constant,rotation_shear,full,exact_null,41,0.0,1,0.045454545454545456,35.53444958763767,35.53444958763767,13.916965018872181,3,4,0.44538083316418126
E2_20260824T221722Z_2ba66f02,2ba66f0209fe1cdec97b8cf5862494c22fb94704318f9601a7a1f9eb4b783796,partial|constant|rotation_shear,partial,constant,rotation_shear,full,exact_null,42,0.0,16,0.7272727272727273,15.059664215800568,15.059664215800568,16.92368012486343,2,5,0.39604300843916646
E2_20260824T221722Z_2ba66f02,2ba66f0209fe1cdec97b8cf5862494c22fb94704318f9601a7a1f9eb4b783796,partial|constant|rotation_shear,partial,constant,rotation_shear,full,exact_null,43,0.0,0,0.0,15.05368152039377,15.05368152039377,17.290343481325138,2,5,0.23987951493509554
E2_20260824T221722Z_2ba66f02,2ba66f0209fe1cdec97b8cf5862494c22fb94704318f9601a7a1f9eb4b783796,partial|constant|rotation_shear,partial,constant,rotation_shear,full,exact_null,44,0.0,15,0.6818181818181818,14.63300137144515,14.63300137144515,17.325530115358248,3,5,0.4743713102203428
E2_20260824T221722Z_2ba66f02,2ba66f0209fe1cdec97b8cf5862494c22fb94704318f9601a7a1f9eb4b783796,partial|constant|rotation_shear,partial,constant,rotation_shear,full,exact_null,45,0.0,0,0.0,20.397969431127144,20.397969431127144,18.87645234287327,2,5,0.25599838839738526
E2_20260824T221722Z_2ba66f02,2ba66f0209fe1cdec97b8cf5862494c22fb94704318f9601a7a1f9eb4b783796,partial|constant|rotation_shear,partial,constant,rotation_shear,full,exact_null,46,0.0,20,0.9090909090909091,31.903470879337764,31.903470879337764,16.21924282342444,2,4,0.5588037044236436
E2_20260824T221722Z_2ba66f02,2ba66f0209fe1cdec97b8cf5862494c22fb94704318f9601a7a1f9eb4b783796,partial|constant|rotation_shear,partial,constant,rotation_shear,full,exact_null,47,0.0,12,0.5454545454545454,0.0001827640953173922,0.0001827640953173922,0.07190453717336608,2,2,0.5252203877098708
E2_20260824T221722Z_2ba66f02,2ba66f0209fe1cdec97b8cf5862494c22fb94704318f9601a7a1f9eb4b783796,partial|constant|rotation_shear,partial,constant,rotation_shear,full,near_null,0,0.009603893643293955,16,0.7272727272727273,18.042544845255875,18.042544845255875,0.7932136693421704,3,3,0.49454876620247595
E2_20260824T221722Z_2ba66f02,2ba66f0209fe1cdec97b8cf5862494c22fb94704318f9601a7a1f9eb4b783796,partial|constant|rotation_shear,partial,constant,rotation_shear,full,near_null,1,0.009603893643293952,22,1.0,18.379731407460646,18.379731407460646,1.042157868858562,3,3,0.49454876620247606
E2_20260824T221722Z_2ba66f02,2ba66f0209fe1cdec97b8cf5862494c22fb94704318f9601a7a1f9eb4b783796,partial|constant|rotation_shear,partial,constant,rotation_shear,full,near_null,2,0.009603893643293934,6,0.2727272727272727,16.061063564173107,16.061063564173107,0.5617910307305229,3,3,0.4945487662024761
E2_20260824T221722Z_2ba66f02,2ba66f0209fe1cdec97b8cf5862494c22fb94704318f9601a7a1f9eb4b783796,partial|constant|rotation_shear,partial,constant,rotation_shear,full,near_null,3,0.0096038936432939,11,0.5,17.625322109648614,17.625322109648614,0.8861401273471491,3,3,0.49454876620247606
E2_20260824T221722Z_2ba66f02,2ba66f0209fe1cdec97b8cf5862494c22fb94704318f9601a7a1f9eb4b783796,partial|constant|rotation_shear,partial,constant,rotation_shear,full,near_null,4,0.005606852127036577,22,1.0,13.023086482041384,13.023086482041384,1.2634661256483,3,3,0.48717568154661844
E2_20260824T221722Z_2ba66f02,2ba66f0209fe1cdec97b8cf5862494c22fb94704318f9601a7a1f9eb4b783796,partial|constant|rotation_shear,partial,constant,rotation_shear,full,near_null,5,0.0056068521270365166,0,0.0,13.16828252609226,13.16828252609226,1.2852116251861398,3,3,0.4871756815466187
E2_20260824T221722Z_2ba66f02,2ba66f0209fe1cdec97b8cf5862494c22fb94704318f9601a7a1f9eb4b783796,partial|constant|rotation_shear,partial,constant,rotation_shear,full,near_null,6,0.0056068521270365166,0,0.0,13.6651107023602,13.6651107023602,0.49434549207314377,3,3,0.48717568154661844
E2_20260824T221722Z_2ba66f02,2ba66f0209fe1cdec97b8cf5862494c22fb94704318f9601a7a1f9eb4b783796,partial|constant|rotation_shear,partial,constant,rotation_shear,full,near_null,7,0.005606852127036484,11,0.5,14.144882275520224,14.144882275520224,0.879027406532963,3,3,0.48717568154661844
E2_20260824T221722Z_2ba66f02,2ba66f0209fe1cdec97b8cf5862494c22fb94704318f9601a7a1f9eb4b783796,partial|constant|rotation_shear,partial,constant,rotation_shear,full,near_null,8,0.0024971611213402845,17,0.7727272727272727,29.05407584076364,29.05407584076364,0.8389096785872119,3,3,0.5304998184106909
E2_20260824T221722Z_2ba66f02,2ba66f0209fe1cdec97b8cf5862494c22fb94704318f9601a7a1f9eb4b783796,partial|constant|rotation_shear,partial,constant,rotation_shear,full,near_null,9,0.002497161121340265,22,1.0,30.814598339399357,30.814598339399357,0.5499664695214083,3,3,0.5304998184106908
E2_20260824T221722Z_2ba66f02,2ba66f0209fe1cdec97b8cf5862494c22fb94704318f9601a7a1f9eb4b783796,partial|constant|rotation_shear,partial,constant,rotation_shear,full,near_null,10,0.0024971611213402563,1,0.045454545454545456,29.794581908275333,29.794581908275333,0.41547189006315616,3,3,0.5304998184106908
E2_20260824T221722Z_2ba66f02,2ba66f0209fe1cdec97b8cf5862494c22fb94704318f9601a7a1f9eb4b783796,partial|constant|rotation_shear,partial,constant,rotation_shear,full,near_null,11,0.002497161121340241,8,0.36363636363636365,28.335638545947184,28.335638545947184,0.68440852697088,3,3,0.5304998184106913
E2_20260824T221722Z_2ba66f02,2ba66f0209fe1cdec97b8cf5862494c22fb94704318f9601a7a1f9eb4b783796,partial|constant|rotation_shear,partial,constant,rotation_shear,full,near_null,12,0.0007333750005342481,14,0.6363636363636364,8.750249857223515,8.750249857223515,0.8225957754128781,3,3,0.43765669182520117
E2_20260824T221722Z_2ba66f02,2ba66f0209fe1cdec97b8cf5862494c22fb94704318f9601a7a1f9eb4b783796,partial|constant|rotation_shear,partial,constant,rotation_shear,full,near_null,13,0.0007333750005341019,6,0.2727272727272727,8.532196874456043,8.532196874456043,0.7720645482230605,3,3,0.4376566918252002
E2_20260824T221722Z_2ba66f02,2ba66f0209fe1cdec97b8cf5862494c22fb94704318f9601a7a1f9eb4b783796,partial|constant|rotation_shear,partial,constant,rotation_shear,full,near_null,14,0.0007333750005340581,22,1.0,9.985537642749035,9.985537642749035,0.1240562615173723,3,3,0.43765669182520034
E2_20260824T221722Z_2ba66f02,2ba66f0209fe1cdec97b8cf5862494c22fb94704318f9601a7a1f9eb4b783796,partial|constant|rotation_shear,partial,constant,rotation_shear,full,near_null,15,0.0007333750005340178,0,0.0,10.732066860289136,10.732066860289136,0.678214766544235,3,3,0.4376566918251975
E2_20260824T221722Z_2ba66f02,2ba66f0209fe1cdec97b8cf5862494c22fb94704318f9601a7a1f9eb4b783796,partial|constant|rotation_shear,partial,constant,rotation_shear,full,near_null,16,0.0002645829558003569,22,1.0,34.542812173975484,34.542812173975484,0.8624793991174736,3,3,0.5098548276622037
E2_20260824T221722Z_2ba66f02,2ba66f0209fe1cdec97b8cf5862494c22fb94704318f9601a7a1f9eb4b783796,partial|constant|rotation_shear,partial,constant,rotation_shear,full,near_null,17,0.00026458295580033604,18,0.8181818181818182,33.94075347969359,33.94075347969359,0.29782885279328264,3,3,0.5098548276622035
E2_20260824T221722Z_2ba66f02,2ba66f0209fe1cdec97b8cf5862494c22fb94704318f9601a7a1f9eb4b783796,partial|constant|rotation_shear,partial,constant,rotation_shear,full,near_null,18,0.0002645829558003355,10,0.45454545454545453,33.48321011909234,33.48321011909234,0.8007849224542192,3,3,0.5098548276622036
E2_20260824T221722Z_2ba66f02,2ba66f0209fe1cdec97b8cf5862494c22fb94704318f9601a7a1f9eb4b783796,partial|constant|rotation_shear,partial,constant,rotation_shear,full,near_null,19,0.00026458295580031213,0,0.0,32.03308719141691,32.03308719141691,0.3049133690995313,3,3,0.509854827662204
E2_20260824T221722Z_2ba66f02,2ba66f0209fe1cdec97b8cf5862494c22fb94704318f9601a7a1f9eb4b783796,unresolved_sum|constant|rotation_shear,unresolved_sum,constant,rotation_shear,restricted,exact_null,0,0.0,0,0.0,21.499999992889165,21.499999992889165,12.698425098000955,1,4,0.42422914643097115
E2_20260824T221722Z_2ba66f02,2ba66f0209fe1cdec97b8cf5862494c22fb94704318f9601a7a1f9eb4b783796,unresolved_sum|constant|rotation_shear,unresolved_sum,constant,rotation_shear,restricted,exact_null,1,0.0,0,0.0,21.500000001350124,21.500000001350124,12.698425099422945,2,5,0.3218934563026639
E2_20260824T221722Z_2ba66f02,2ba66f0209fe1cdec97b8cf5862494c22fb94704318f9601a7a1f9eb4b783796,unresolved_sum|constant|rotation_shear,unresolved_sum,constant,rotation_shear,restricted,near_null,0,0.6467881787147167,1,0.045454545454545456,14.795644558595148,14.795644558595148,8.711428731107057,1,5,0.3007532888855744
E2_20260824T221722Z_2ba66f02,2ba66f0209fe1cdec97b8cf5862494c22fb94704318f9601a7a1f9eb4b783796,unresolved_sum|constant|rotation_shear,unresolved_sum,constant,rotation_shear,restricted,near_null,1,0.6345411998747449,0,0.0,13.195290121136063,13.195290121136063,7.737260431805134,0,4,0.29620818500060914
E2_20260824T221722Z_2ba66f02,2ba66f0209fe1cdec97b8cf5862494c22fb94704318f9601a7a1f9eb4b783796,unresolved_sum|constant|rotation_shear,unresolved_sum,constant,rotation_shear,restricted,near_null,2,0.4837870067924728,2,0.09090909090909091,10.258530966055933,10.258530966055933,10.178199713566189,0,3,0.538131955459726
E2_20260824T221722Z_2ba66f02,2ba66f0209fe1cdec97b8cf5862494c22fb94704318f9601a7a1f9eb4b783796,unresolved_sum|constant|rotation_shear,unresolved_sum,constant,rotation_shear,restricted,near_null,3,0.47981540232125947,2,0.09090909090909091,11.700147839448368,11.700147839448368,10.560108284154705,0,4,0.5045892056186709
E2_20260824T221722Z_2ba66f02,2ba66f0209fe1cdec97b8cf5862494c22fb94704318f9601a7a1f9eb4b783796,unresolved_sum|constant|rotation_shear,unresolved_sum,constant,rotation_shear,restricted,near_null,4,0.3101846493682632,2,0.09090909090909091,18.352668991586373,18.352668991586373,11.833807679577099,1,4,0.4710543612750418
E2_20260824T221722Z_2ba66f02,2ba66f0209fe1cdec97b8cf5862494c22fb94704318f9601a7a1f9eb4b783796,unresolved_sum|constant|rotation_shear,unresolved_sum,constant,rotation_shear,restricted,near_null,5,0.3013309076852572,2,0.09090909090909091,17.2388678356689,17.2388678356689,11.36226042109255,0,4,0.4655285746808971
E2_20260824T221722Z_2ba66f02,2ba66f0209fe1cdec97b8cf5862494c22fb94704318f9601a7a1f9eb4b783796,unresolved_sum|constant|rotation_shear,unresolved_sum,constant,rotation_shear,restricted,near_null,6,0.06212544899530085,3,0.13636363636363635,27.148603544702542,27.148603544702542,13.162620707185031,1,5,0.27152589869586374
E2_20260824T221722Z_2ba66f02,2ba66f0209fe1cdec97b8cf5862494c22fb94704318f9601a7a1f9eb4b783796,unresolved_sum|constant|rotation_shear,unresolved_sum,constant,rotation_shear,restricted,near_null,7,0.05434382362055252,2,0.09090909090909091,31.621858564320462,31.621858564320462,9.326194671553035,0,4,0.5179560774406696
E2_20260824T221722Z_2ba66f02,2ba66f0209fe1cdec97b8cf5862494c22fb94704318f9601a7a1f9eb4b783796,unresolved_sum|constant|rotation_shear,unresolved_sum,constant,rotation_shear,restricted,near_null,8,0.018384470172590817,3,0.13636363636363635,16.658872727707163,16.658872727707163,15.037792333875165,1,5,0.2703524713993594
E2_20260824T221722Z_2ba66f02,2ba66f0209fe1cdec97b8cf5862494c22fb94704318f9601a7a1f9eb4b783796,unresolved_sum|constant|rotation_shear,unresolved_sum,constant,rotation_shear,restricted,near_null,9,0.011505195841363655,2,0.09090909090909091,10.841866549551328,10.841866549551328,11.520335291445736,2,6,0.23412777974081034
E2_20260824T221722Z_2ba66f02,2ba66f0209fe1cdec97b8cf5862494c22fb94704318f9601a7a1f9eb4b783796,unresolved_sum|constant|rotation_shear,unresolved_sum,constant,rotation_shear,restricted,near_null,10,0.00207969136226102,2,0.09090909090909091,22.95948601541576,22.95948601541576,15.665937083754917,1,5,0.35416127679393083
E2_20260824T221722Z_2ba66f02,2ba66f0209fe1cdec97b8cf5862494c22fb94704318f9601a7a1f9eb4b783796,unresolved_sum|constant|rotation_shear,unresolved_sum,constant,rotation_shear,restricted,near_null,11,0.0016572591326636178,1,0.045454545454545456,33.82219529752547,33.82219529752547,12.030234609348842,0,5,0.6089909237568175
E2_20260824T221722Z_2ba66f02,2ba66f0209fe1cdec97b8cf5862494c22fb94704318f9601a7a1f9eb4b783796,unresolved_sum|constant|rotation_shear,unresolved_sum,constant,rotation_shear,restricted,near_null,12,0.00038762146707310144,2,0.09090909090909091,27.96024207707107,27.96024207707107,14.955552497390586,1,5,0.2695047815421018
E2_20260824T221722Z_2ba66f02,2ba66f0209fe1cdec97b8cf5862494c22fb94704318f9601a7a1f9eb4b783796,unresolved_sum|constant|rotation_shear,unresolved_sum,constant,rotation_shear,restricted,near_null,13,0.0003371912831743199,2,0.09090909090909091,24.29180024373343,24.29180024373343,13.774454723012003,0,6,0.2723715949701716
E2_20260824T221722Z_2ba66f02,2ba66f0209fe1cdec97b8cf5862494c22fb94704318f9601a7a1f9eb4b783796,unresolved_sum|constant|rotation_shear,unresolved_sum,constant,rotation_shear,restricted,near_null,14,4.078918089957313e-05,2,0.09090909090909091,25.277829579409165,25.277829579409165,12.175915007440532,1,5,0.29704161662852063
E2_20260824T221722Z_2ba66f02,2ba66f0209fe1cdec97b8cf5862494c22fb94704318f9601a7a1f9eb4b783796,unresolved_sum|constant|rotation_shear,unresolved_sum,constant,rotation_shear,restricted,near_null,15,2.5654355083745232e-05,2,0.09090909090909091,25.645398573728013,25.645398573728013,11.708189828525708,2,6,0.24933837888353413
E2_20260824T221722Z_2ba66f02,2ba66f0209fe1cdec97b8cf5862494c22fb94704318f9601a7a1f9eb4b783796,unresolved_sum|constant|rotation_shear,unresolved_sum,constant,rotation_shear,restricted,near_null,16,2.843870128946439e-06,1,0.045454545454545456,27.14956988842613,27.14956988842613,10.599799307197811,1,5,0.4228568044703206
E2_20260824T221722Z_2ba66f02,2ba66f0209fe1cdec97b8cf5862494c22fb94704318f9601a7a1f9eb4b783796,unresolved_sum|constant|rotation_shear,unresolved_sum,constant,rotation_shear,restricted,near_null,17,1.6439970775130453e-06,1,0.045454545454545456,27.430345873127226,27.430345873127226,10.729846110956533,2,5,0.30817118425661755
E2_20260824T221722Z_2ba66f02,2ba66f0209fe1cdec97b8cf5862494c22fb94704318f9601a7a1f9eb4b783796,unresolved_sum|constant|rotation_shear,unresolved_sum,constant,rotation_shear,restricted,near_null,18,9.360840463274687e-08,1,0.045454545454545456,27.5426722461338,27.5426722461338,13.73246248913026,1,4,0.42202058669125114
E2_20260824T221722Z_2ba66f02,2ba66f0209fe1cdec97b8cf5862494c22fb94704318f9601a7a1f9eb4b783796,unresolved_sum|constant|rotation_shear,unresolved_sum,constant,rotation_shear,restricted,near_null,19,5.241506169880632e-08,1,0.045454545454545456,28.172964329137223,28.172964329137223,13.903248507185268,2,5,0.3649564864722763
E2_20260824T221722Z_2ba66f02,2ba66f0209fe1cdec97b8cf5862494c22fb94704318f9601a7a1f9eb4b783796,unresolved_sum|constant|rotation_shear,unresolved_sum,constant,rotation_shear,full,exact_null,0,0.0,4,0.18181818181818182,4.078851178763894,4.078851178763894,1.56947729645607,3,2,0.6481839059757202
E2_20260824T221722Z_2ba66f02,2ba66f0209fe1cdec97b8cf5862494c22fb94704318f9601a7a1f9eb4b783796,unresolved_sum|constant|rotation_shear,unresolved_sum,constant,rotation_shear,full,exact_null,1,0.0,4,0.18181818181818182,5.078851178763895,5.078851178763895,1.56947729645607,3,2,0.6481839059757202
E2_20260824T221722Z_2ba66f02,2ba66f0209fe1cdec97b8cf5862494c22fb94704318f9601a7a1f9eb4b783796,unresolved_sum|constant|rotation_shear,unresolved_sum,constant,rotation_shear,full,exact_null,2,0.0,4,0.18181818181818182,6.078851178763894,6.078851178763894,1.56947729645607,3,2,0.6481839059757202
E2_20260824T221722Z_2ba66f02,2ba66f0209fe1cdec97b8cf5862494c22fb94704318f9601a7a1f9eb4b783796,unresolved_sum|constant|rotation_shear,unresolved_sum,constant,rotation_shear,full,exact_null,3,0.0,4,0.18181818181818182,7.078851178763895,7.078851178763895,1.56947729645607,3,2,0.6481839059757202
E2_20260824T221722Z_2ba66f02,2ba66f0209fe1cdec97b8cf5862494c22fb94704318f9601a7a1f9eb4b783796,unresolved_sum|constant|rotation_shear,unresolved_sum,constant,rotation_shear,full,exact_null,4,0.0,0,0.0,8.01516685260904,8.01516685260904,1.88590024557726,3,2,0.6415511508332857
E2_20260824T221722Z_2ba66f02,2ba66f0209fe1cdec97b8cf5862494c22fb94704318f9601a7a1f9eb4b783796,unresolved_sum|constant|rotation_shear,unresolved_sum,constant,rotation_shear,full,exact_null,5,0.0,0,0.0,9.015166852609044,9.015166852609044,1.8859002455772602,3,2,0.6415511508332857
E2_20260824T221722Z_2ba66f02,2ba66f0209fe1cdec97b8cf5862494c22fb94704318f9601a7a1f9eb4b783796,unresolved_sum|constant|rotation_shear,unresolved_sum,constant,rotation_shear,full,exact_null,6,0.0,0,0.0,10.015166852609042,10.015166852609042,1.88590024557726,3,2,0.6415511508332857
E2_20260824T221722Z_2ba66f02,2ba66f0209fe1cdec97b8cf5862494c22fb94704318f9601a7a1f9eb4b783796,unresolved_sum|constant|rotation_shear,unresolved_sum,constant,rotation_shear,full,exact_null,7,0.0,0,0.0,11.01516685260904,11.01516685260904,1.88590024557726,3,2,0.6415511508332857
E2_20260824T221722Z_2ba66f02,2ba66f0209fe1cdec97b8cf5862494c22fb94704318f9601a7a1f9eb4b783796,unresolved_sum|constant|rotation_shear,unresolved_sum,constant,rotation_shear,full,exact_null,8,0.0,5,0.22727272727272727,11.953778569235299,11.953778569235299,2.0995133254097453,3,2,0.6394507792879182
E2_20260824T221722Z_2ba66f02,2ba66f0209fe1cdec97b8cf5862494c22fb94704318f9601a7a1f9eb4b783796,unresolved_sum|constant|rotation_shear,unresolved_sum,constant,rotation_shear,full,exact_null,9,0.0,5,0.22727272727272727,12.953778569235299,12.953778569235299,2.0995133254097453,3,2,0.6394507792879182
E2_20260824T221722Z_2ba66f02,2ba66f0209fe1cdec97b8cf5862494c22fb94704318f9601a7a1f9eb4b783796,unresolved_sum|constant|rotation_shear,unresolved_sum,constant,rotation_shear,full,exact_null,10,0.0,5,0.22727272727272727,13.9537785692353,13.9537785692353,2.0995133254097453,3,2,0.6394507792879182
E2_20260824T221722Z_2ba66f02,2ba66f0209fe1cdec97b8cf5862494c22fb94704318f9601a7a1f9eb4b783796,unresolved_sum|constant|rotation_shear,unresolved_sum,constant,rotation_shear,full,exact_null,11,0.0,5,0.22727272727272727,14.953778569235297,14.953778569235297,2.0995133254097453,3,2,0.6394507792879182
E2_20260824T221722Z_2ba66f02,2ba66f0209fe1cdec97b8cf5862494c22fb94704318f9601a7a1f9eb4b783796,unresolved_sum|constant|rotation_shear,unresolved_sum,constant,rotation_shear,full,exact_null,12,0.0,1,0.045454545454545456,15.947814581377296,15.947814581377296,2.128510586842899,3,2,0.6375624875107573
E2_20260824T221722Z_2ba66f02,2ba66f0209fe1cdec97b8cf5862494c22fb94704318f9601a7a1f9eb4b783796,unresolved_sum|constant|rotation_shear,unresolved_sum,constant,rotation_shear,full,exact_null,13,0.0,1,0.045454545454545456,16.947814581377298,16.947814581377298,2.128510586842899,3,2,0.6375624875107573
E2_20260824T221722Z_2ba66f02,2ba66f0209fe1cdec97b8cf5862494c22fb94704318f9601a7a1f9eb4b783796,unresolved_sum|constant|rotation_shear,unresolved_sum,constant,rotation_shear,full,exact_null,14,0.0,1,0.045454545454545456,17.947814581377294,17.947814581377294,2.128510586842899,3,2,0.6375624875107573
E2_20260824T221722Z_2ba66f02,2ba66f0209fe1cdec97b8cf5862494c22fb94704318f9601a7a1f9eb4b783796,unresolved_sum|constant|rotation_shear,unresolved_sum,constant,rotation_shear,full,exact_null,15,0.0,1,0.045454545454545456,18.947814581377298,18.947814581377298,2.128510586842899,3,2,0.6375624875107573
E2_20260824T221722Z_2ba66f02,2ba66f0209fe1cdec97b8cf5862494c22fb94704318f9601a7a1f9eb4b783796,unresolved_sum|constant|rotation_shear,unresolved_sum,constant,rotation_shear,full,exact_null,16,0.0,1,0.045454545454545456,20.135079650329377,20.135079650329377,2.4455052759058433,3,2,0.7594779194789195
E2_20260824T221722Z_2ba66f02,2ba66f0209fe1cdec97b8cf5862494c22fb94704318f9601a7a1f9eb4b783796,unresolved_sum|constant|rotation_shear,unresolved_sum,constant,rotation_shear,full,exact_null,17,0.0,1,0.045454545454545456,21.135079650329377,21.135079650329377,2.4455052759058433,3,2,0.7594779194789195
E2_20260824T221722Z_2ba66f02,2ba66f0209fe1cdec97b8cf5862494c22fb94704318f9601a7a1f9eb4b783796,unresolved_sum|constant|rotation_shear,unresolved_sum,constant,rotation_shear,full,exact_null,18,0.0,1,0.045454545454545456,22.135079650329374,22.135079650329374,2.445505275905843,3,2,0.7594779194789195
E2_20260824T221722Z_2ba66f02,2ba66f0209fe1cdec97b8cf5862494c22fb94704318f9601a7a1f9eb4b783796,unresolved_sum|constant|rotation_shear,unresolved_sum,constant,rotation_shear,full,exact_null,19,0.0,1,0.045454545454545456,23.135079650329377,23.135079650329377,2.4455052759058433,3,2,0.7594779194789195
E2_20260824T221722Z_2ba66f02,2ba66f0209fe1cdec97b8cf5862494c22fb94704318f9601a7a1f9eb4b783796,unresolved_sum|constant|rotation_shear,unresolved_sum,constant,rotation_shear,full,exact_null,20,0.0,5,0.22727272727272727,23.571764067674316,23.571764067674316,2.4459602905610103,3,1,0.9223120517939403
E2_20260824T221722Z_2ba66f02,2ba66f0209fe1cdec97b8cf5862494c22fb94704318f9601a7a1f9eb4b783796,unresolved_sum|constant|rotation_shear,unresolved_sum,constant,rotation_shear,full,exact_null,21,0.0,5,0.22727272727272727,24.571764067674316,24.571764067674316,2.4459602905610103,3,1,0.9223120517939403
E2_20260824T221722Z_2ba66f02,2ba66f0209fe1cdec97b8cf5862494c22fb94704318f9601a7a1f9eb4b783796,unresolved_sum|constant|rotation_shear,unresolved_sum,constant,rotation_shear,full,exact_null,22,0.0,5,0.22727272727272727,25.57176406767432,25.57176406767432,2.4459602905610103,3,1,0.9223120517939403
E2_20260824T221722Z_2ba66f02,2ba66f0209fe1cdec97b8cf5862494c22fb94704318f9601a7a1f9eb4b783796,unresolved_sum|constant|rotation_shear,unresolved_sum,constant,rotation_shear,full,exact_null,23,0.0,5,0.22727272727272727,26.57176406767432,26.57176406767432,2.4459602905610103,3,1,0.9223120517939403
E2_20260824T221722Z_2ba66f02,2ba66f0209fe1cdec97b8cf5862494c22fb94704318f9601a7a1f9eb4b783796,unresolved_sum|constant|rotation_shear,unresolved_sum,constant,rotation_shear,full,exact_null,24,0.0,4,0.18181818181818182,27.754627431195345,27.754627431195345,2.3493982727030214,1,1,0.9736070594798686
E2_20260824T221722Z_2ba66f02,2ba66f0209fe1cdec97b8cf5862494c22fb94704318f9601a7a1f9eb4b783796,unresolved_sum|constant|rotation_shear,unresolved_sum,constant,rotation_shear,full,exact_null,25,0.0,4,0.18181818181818182,28.754627431195342,28.754627431195342,2.3493982727030214,1,1,0.9736070594798686
E2_20260824T221722Z_2ba66f02,2ba66f0209fe1cdec97b8cf5862494c22fb94704318f9601a7a1f9eb4b783796,unresolved_sum|constant|rotation_shear,unresolved_sum,constant,rotation_shear,full,exact_null,26,0.0,4,0.18181818181818182,29.754627431195342,29.754627431195342,2.3493982727030214,1,1,0.9736070594798686
E2_20260824T221722Z_2ba66f02,2ba66f0209fe1cdec97b8cf5862494c22fb94704318f9601a7a1f9eb4b783796,unresolved_sum|constant|rotation_shear,unresolved_sum,constant,rotation_shear,full,exact_null,27,0.0,4,0.18181818181818182,30.754627431195345,30.754627431195345,2.3493982727030214,1,1,0.9736070594798686
E2_20260824T221722Z_2ba66f02,2ba66f0209fe1cdec97b8cf5862494c22fb94704318f9601a7a1f9eb4b783796,unresolved_sum|constant|rotation_shear,unresolved_sum,constant,rotation_shear,full,exact_null,28,0.0,5,0.22727272727272727,31.71799225973173,31.71799225973173,2.6232598288703497,1,1,0.988934578787419
E2_20260824T221722Z_2ba66f02,2ba66f0209fe1cdec97b8cf5862494c22fb94704318f9601a7a1f9eb4b783796,unresolved_sum|constant|rotation_shear,unresolved_sum,constant,rotation_shear,full,exact_null,29,0.0,5,0.22727272727272727,32.71799225973173,32.71799225973173,2.6232598288703497,1,1,0.988934578787419
E2_20260824T221722Z_2ba66f02,2ba66f0209fe1cdec97b8cf5862494c22fb94704318f9601a7a1f9eb4b783796,unresolved_sum|constant|rotation_shear,unresolved_sum,constant,rotation_shear,full,exact_null,30,0.0,5,0.22727272727272727,33.71799225973174,33.71799225973174,2.6232598288703497,1,1,0.988934578787419
E2_20260824T221722Z_2ba66f02,2ba66f0209fe1cdec97b8cf5862494c22fb94704318f9601a7a1f9eb4b783796,unresolved_sum|constant|rotation_shear,unresolved_sum,constant,rotation_shear,full,exact_null,31,0.0,5,0.22727272727272727,34.71799225973173,34.71799225973173,2.6232598288703497,1,1,0.988934578787419
E2_20260824T221722Z_2ba66f02,2ba66f0209fe1cdec97b8cf5862494c22fb94704318f9601a7a1f9eb4b783796,unresolved_sum|constant|rotation_shear,unresolved_sum,constant,rotation_shear,full,exact_null,32,0.0,3,0.13636363636363635,35.91219169698313,35.91219169698313,1.2551804856296764,3,1,0.9953101976376272
E2_20260824T221722Z_2ba66f02,2ba66f0209fe1cdec97b8cf5862494c22fb94704318f9601a7a1f9eb4b783796,unresolved_sum|constant|rotation_shear,unresolved_sum,constant,rotation_shear,full,exact_null,33,0.0,3,0.13636363636363635,36.912191696983136,36.912191696983136,1.2551804856296764,3,1,0.9953101976376272
E2_20260824T221722Z_2ba66f02,2ba66f0209fe1cdec97b8cf5862494c22fb94704318f9601a7a1f9eb4b783796,unresolved_sum|constant|rotation_shear,unresolved_sum,constant,rotation_shear,full,exact_null,34,0.0,3,0.13636363636363635,37.912191696983136,37.912191696983136,1.2551804856296764,3,1,0.9953101976376272
E2_20260824T221722Z_2ba66f02,2ba66f0209fe1cdec97b8cf5862494c22fb94704318f9601a7a1f9eb4b783796,unresolved_sum|constant|rotation_shear,unresolved_sum,constant,rotation_shear,full,exact_null,35,0.0,3,0.13636363636363635,38.912191696983136,38.912191696983136,1.2551804856296764,3,1,0.9953101976376272
E2_20260824T221722Z_2ba66f02,2ba66f0209fe1cdec97b8cf5862494c22fb94704318f9601a7a1f9eb4b783796,unresolved_sum|constant|rotation_shear,unresolved_sum,constant,rotation_shear,full,exact_null,36,0.0,0,0.0,39.98498812737614,39.98498812737614,0.6720770714665235,2,1,0.9995687576236435
E2_20260824T221722Z_2ba66f02,2ba66f0209fe1cdec97b8cf5862494c22fb94704318f9601a7a1f9eb4b783796,unresolved_sum|constant|rotation_shear,unresolved_sum,constant,rotation_shear,full,exact_null,37,0.0,0,0.0,40.984988127376134,40.984988127376134,0.6720770714665234,2,1,0.9995687576236435
E2_20260824T221722Z_2ba66f02,2ba66f0209fe1cdec97b8cf5862494c22fb94704318f9601a7a1f9eb4b783796,unresolved_sum|constant|rotation_shear,unresolved_sum,constant,rotation_shear,full,exact_null,38,0.0,0,0.0,41.98498812737614,41.98498812737614,0.6720770714665235,2,1,0.9995687576236435
E2_20260824T221722Z_2ba66f02,2ba66f0209fe1cdec97b8cf5862494c22fb94704318f9601a7a1f9eb4b783796,unresolved_sum|constant|rotation_shear,unresolved_sum,constant,rotation_shear,full,exact_null,39,0.0,0,0.0,42.98498812737614,42.98498812737614,0.6720770714665235,2,1,0.9995687576236435
E2_20260824T221722Z_2ba66f02,2ba66f0209fe1cdec97b8cf5862494c22fb94704318f9601a7a1f9eb4b783796,unresolved_sum|constant|rotation_shear,unresolved_sum,constant,rotation_shear,full,exact_null,40,0.0,0,0.0,0.01863874899186039,0.01863874899186039,0.5452934289596225,2,1,0.947282109243923
E2_20260824T221722Z_2ba66f02,2ba66f0209fe1cdec97b8cf5862494c22fb94704318f9601a7a1f9eb4b783796,unresolved_sum|constant|rotation_shear,unresolved_sum,constant,rotation_shear,full,exact_null,41,0.0,0,0.0,1.0186387489918605,1.0186387489918605,0.5452934289596225,2,1,0.947282109243923
E2_20260824T221722Z_2ba66f02,2ba66f0209fe1cdec97b8cf5862494c22fb94704318f9601a7a1f9eb4b783796,unresolved_sum|constant|rotation_shear,unresolved_sum,constant,rotation_shear,full,exact_null,42,0.0,0,0.0,2.0186387489918602,2.0186387489918602,0.5452934289596225,2,1,0.947282109243923
E2_20260824T221722Z_2ba66f02,2ba66f0209fe1cdec97b8cf5862494c22fb94704318f9601a7a1f9eb4b783796,unresolved_sum|constant|rotation_shear,unresolved_sum,constant,rotation_shear,full,exact_null,43,0.0,0,0.0,3.0186387489918602,3.0186387489918602,0.5452934289596225,2,1,0.947282109243923
E2_20260824T221722Z_2ba66f02,2ba66f0209fe1cdec97b8cf5862494c22fb94704318f9601a7a1f9eb4b783796,unresolved_sum|constant|rotation_shear,unresolved_sum,constant,rotation_shear,full,exact_null,44,0.0,4,0.18181818181818182,4.182466879420499,4.182466879420499,2.4671341803965476,2,1,0.914832055573288
E2_20260824T221722Z_2ba66f02,2ba66f0209fe1cdec97b8cf5862494c22fb94704318f9601a7a1f9eb4b783796,unresolved_sum|constant|rotation_shear,unresolved_sum,constant,rotation_shear,full,exact_null,45,0.0,4,0.18181818181818182,5.182466879420499,5.182466879420499,2.4671341803965476,2,1,0.914832055573288
E2_20260824T221722Z_2ba66f02,2ba66f0209fe1cdec97b8cf5862494c22fb94704318f9601a7a1f9eb4b783796,unresolved_sum|constant|rotation_shear,unresolved_sum,constant,rotation_shear,full,exact_null,46,0.0,4,0.18181818181818182,6.182466879420498,6.182466879420498,2.4671341803965476,2,1,0.914832055573288
E2_20260824T221722Z_2ba66f02,2ba66f0209fe1cdec97b8cf5862494c22fb94704318f9601a7a1f9eb4b783796,unresolved_sum|constant|rotation_shear,unresolved_sum,constant,rotation_shear,full,exact_null,47,0.0,4,0.18181818181818182,7.182466879420498,7.182466879420498,2.4671341803965476,2,1,0.914832055573288
E2_20260824T221722Z_2ba66f02,2ba66f0209fe1cdec97b8cf5862494c22fb94704318f9601a7a1f9eb4b783796,unresolved_sum|constant|rotation_shear,unresolved_sum,constant,rotation_shear,full,exact_null,48,0.0,4,0.18181818181818182,8.083409547059617,8.083409547059617,2.632895002687868,2,2,0.8956194138730202
E2_20260824T221722Z_2ba66f02,2ba66f0209fe1cdec97b8cf5862494c22fb94704318f9601a7a1f9eb4b783796,unresolved_sum|constant|rotation_shear,unresolved_sum,constant,rotation_shear,full,exact_null,49,0.0,4,0.18181818181818182,9.083409547059617,9.083409547059617,2.632895002687868,2,2,0.8956194138730202
E2_20260824T221722Z_2ba66f02,2ba66f0209fe1cdec97b8cf5862494c22fb94704318f9601a7a1f9eb4b783796,unresolved_sum|constant|rotation_shear,unresolved_sum,constant,rotation_shear,full,exact_null,50,0.0,4,0.18181818181818182,10.08340954705962,10.08340954705962,2.632895002687868,2,2,0.8956194138730202
E2_20260824T221722Z_2ba66f02,2ba66f0209fe1cdec97b8cf5862494c22fb94704318f9601a7a1f9eb4b783796,unresolved_sum|constant|rotation_shear,unresolved_sum,constant,rotation_shear,full,exact_null,51,0.0,4,0.18181818181818182,11.083409547059617,11.083409547059617,2.632895002687868,2,2,0.8956194138730202
E2_20260824T221722Z_2ba66f02,2ba66f0209fe1cdec97b8cf5862494c22fb94704318f9601a7a1f9eb4b783796,unresolved_sum|constant|rotation_shear,unresolved_sum,constant,rotation_shear,full,exact_null,52,0.0,5,0.22727272727272727,11.945662293567063,11.945662293567063,2.541629510962626,2,2,0.8914875085738087
E2_20260824T221722Z_2ba66f02,2ba66f0209fe1cdec97b8cf5862494c22fb94704318f9601a7a1f9eb4b783796,unresolved_sum|constant|rotation_shear,unresolved_sum,constant,rotation_shear,full,exact_null,53,0.0,5,0.22727272727272727,12.945662293567064,12.945662293567064,2.541629510962626,2,2,0.8914875085738087
E2_20260824T221722Z_2ba66f02,2ba66f0209fe1cdec97b8cf5862494c22fb94704318f9601a7a1f9eb4b783796,unresolved_sum|constant|rotation_shear,unresolved_sum,constant,rotation_shear,full,exact_null,54,0.0,5,0.22727272727272727,13.945662293567063,13.945662293567063,2.541629510962626,2,2,0.8914875085738087
E2_20260824T221722Z_2ba66f02,2ba66f0209fe1cdec97b8cf5862494c22fb94704318f9601a7a1f9eb4b783796,unresolved_sum|constant|rotation_shear,unresolved_sum,constant,rotation_shear,full,exact_null,55,0.0,5,0.22727272727272727,14.94566229356706,14.94566229356706,2.541629510962626,2,2,0.8914875085738087
E2_20260824T221722Z_2ba66f02,2ba66f0209fe1cdec97b8cf5862494c22fb94704318f9601a7a1f9eb4b783796,unresolved_sum|constant|rotation_shear,unresolved_sum,constant,rotation_shear,full,exact_null,56,0.0,2,0.09090909090909091,15.845280573935351,15.845280573935351,2.402731228063183,2,2,0.893053352989453
E2_20260824T221722Z_2ba66f02,2ba66f0209fe1cdec97b8cf5862494c22fb94704318f9601a7a1f9eb4b783796,unresolved_sum|constant|rotation_shear,unresolved_sum,constant,rotation_shear,full,exact_null,57,0.0,2,0.09090909090909091,16.845280573935355,16.845280573935355,2.402731228063183,2,2,0.893053352989453
E2_20260824T221722Z_2ba66f02,2ba66f0209fe1cdec97b8cf5862494c22fb94704318f9601a7a1f9eb4b783796,unresolved_sum|constant|rotation_shear,unresolved_sum,constant,rotation_shear,full,exact_null,58,0.0,2,0.09090909090909091,17.84528057393535,17.84528057393535,2.402731228063183,2,2,0.893053352989453
E2_20260824T221722Z_2ba66f02,2ba66f0209fe1cdec97b8cf5862494c22fb94704318f9601a7a1f9eb4b783796,unresolved_sum|constant|rotation_shear,unresolved_sum,constant,rotation_shear,full,exact_null,59,0.0,2,0.09090909090909091,18.845280573935355,18.845280573935355,2.402731228063183,2,2,0.893053352989453
E2_20260824T221722Z_2ba66f02,2ba66f0209fe1cdec97b8cf5862494c22fb94704318f9601a7a1f9eb4b783796,unresolved_sum|constant|rotation_shear,unresolved_sum,constant,rotation_shear,full,exact_null,60,0.0,5,0.22727272727272727,19.799494520294772,19.799494520294772,2.427068975724571,2,1,0.9109926748274559
E2_20260824T221722Z_2ba66f02,2ba66f0209fe1cdec97b8cf5862494c22fb94704318f9601a7a1f9eb4b783796,unresolved_sum|constant|rotation_shear,unresolved_sum,constant,rotation_shear,full,exact_null,61,0.0,5,0.22727272727272727,20.799494520294775,20.799494520294775,2.427068975724571,2,1,0.9109926748274559
E2_20260824T221722Z_2ba66f02,2ba66f0209fe1cdec97b8cf5862494c22fb94704318f9601a7a1f9eb4b783796,unresolved_sum|constant|rotation_shear,unresolved_sum,constant,rotation_shear,full,exact_null,62,0.0,5,0.22727272727272727,21.799494520294772,21.799494520294772,2.427068975724571,2,1,0.9109926748274559
E2_20260824T221722Z_2ba66f02,2ba66f0209fe1cdec97b8cf5862494c22fb94704318f9601a7a1f9eb4b783796,unresolved_sum|constant|rotation_shear,unresolved_sum,constant,rotation_shear,full,exact_null,63,0.0,5,0.22727272727272727,22.799494520294775,22.799494520294775,2.427068975724571,2,1,0.9109926748274559
E2_20260824T221722Z_2ba66f02,2ba66f0209fe1cdec97b8cf5862494c22fb94704318f9601a7a1f9eb4b783796,unresolved_sum|constant|rotation_shear,unresolved_sum,constant,rotation_shear,full,exact_null,64,0.0,1,0.045454545454545456,23.88322326646034,23.88322326646034,2.601333908901004,3,1,0.9466038945725859
E2_20260824T221722Z_2ba66f02,2ba66f0209fe1cdec97b8cf5862494c22fb94704318f9601a7a1f9eb4b783796,unresolved_sum|constant|rotation_shear,unresolved_sum,constant,rotation_shear,full,exact_null,65,0.0,1,0.045454545454545456,24.883223266460345,24.883223266460345,2.601333908901004,3,1,0.9466038945725859
E2_20260824T221722Z_2ba66f02,2ba66f0209fe1cdec97b8cf5862494c22fb94704318f9601a7a1f9eb4b783796,unresolved_sum|constant|rotation_shear,unresolved_sum,constant,rotation_shear,full,exact_null,66,0.0,1,0.045454545454545456,25.88322326646034,25.88322326646034,2.601333908901004,3,1,0.9466038945725859
E2_20260824T221722Z_2ba66f02,2ba66f0209fe1cdec97b8cf5862494c22fb94704318f9601a7a1f9eb4b783796,unresolved_sum|constant|rotation_shear,unresolved_sum,constant,rotation_shear,full,exact_null,67,0.0,1,0.045454545454545456,26.883223266460345,26.883223266460345,2.601333908901004,3,1,0.9466038945725859
E2_20260824T221722Z_2ba66f02,2ba66f0209fe1cdec97b8cf5862494c22fb94704318f9601a7a1f9eb4b783796,unresolved_sum|constant|rotation_shear,unresolved_sum,constant,rotation_shear,full,exact_null,68,0.0,5,0.22727272727272727,27.57856915409484,27.57856915409484,3.2838460053732814,3,1,0.952977832419667
E2_20260824T221722Z_2ba66f02,2ba66f0209fe1cdec97b8cf5862494c22fb94704318f9601a7a1f9eb4b783796,unresolved_sum|constant|rotation_shear,unresolved_sum,constant,rotation_shear,full,exact_null,69,0.0,5,0.22727272727272727,28.57856915409484,28.57856915409484,3.2838460053732814,3,1,0.952977832419667
E2_20260824T221722Z_2ba66f02,2ba66f0209fe1cdec97b8cf5862494c22fb94704318f9601a7a1f9eb4b783796,unresolved_sum|constant|rotation_shear,unresolved_sum,constant,rotation_shear,full,exact_null,70,0.0,5,0.22727272727272727,29.578569154094836,29.578569154094836,3.2838460053732814,3,1,0.952977832419667
E2_20260824T221722Z_2ba66f02,2ba66f0209fe1cdec97b8cf5862494c22fb94704318f9601a7a1f9eb4b783796,unresolved_sum|constant|rotation_shear,unresolved_sum,constant,rotation_shear,full,exact_null,71,0.0,5,0.22727272727272727,30.578569154094843,30.578569154094843,3.2838460053732814,3,1,0.952977832419667
E2_20260824T221722Z_2ba66f02,2ba66f0209fe1cdec97b8cf5862494c22fb94704318f9601a7a1f9eb4b783796,unresolved_sum|constant|rotation_shear,unresolved_sum,constant,rotation_shear,full,exact_null,72,0.0,4,0.18181818181818182,31.526917612830367,31.526917612830367,3.151263968374995,3,1,0.969870340411315
E2_20260824T221722Z_2ba66f02,2ba66f0209fe1cdec97b8cf5862494c22fb94704318f9601a7a1f9eb4b783796,unresolved_sum|constant|rotation_shear,unresolved_sum,constant,rotation_shear,full,exact_null,73,0.0,4,0.18181818181818182,32.52691761283037,32.52691761283037,3.151263968374995,3,1,0.969870340411315
E2_20260824T221722Z_2ba66f02,2ba66f0209fe1cdec97b8cf5862494c22fb94704318f9601a7a1f9eb4b783796,unresolved_sum|constant|rotation_shear,unresolved_sum,constant,rotation_shear,full,exact_null,74,0.0,4,0.18181818181818182,33.52691761283037,33.52691761283037,3.151263968374995,3,1,0.969870340411315
E2_20260824T221722Z_2ba66f02,2ba66f0209fe1cdec97b8cf5862494c22fb94704318f9601a7a1f9eb4b783796,unresolved_sum|constant|rotation_shear,unresolved_sum,constant,rotation_shear,full,exact_null,75,0.0,4,0.18181818181818182,34.526917612830374,34.526917612830374,3.1512639683749955,3,1,0.969870340411315
E2_20260824T221722Z_2ba66f02,2ba66f0209fe1cdec97b8cf5862494c22fb94704318f9601a7a1f9eb4b783796,unresolved_sum|constant|rotation_shear,unresolved_sum,constant,rotation_shear,full,exact_null,76,0.0,3,0.13636363636363635,35.78476227000188,35.78476227000188,1.9380188995096905,2,1,0.9867563899804086
E2_20260824T221722Z_2ba66f02,2ba66f0209fe1cdec97b8cf5862494c22fb94704318f9601a7a1f9eb4b783796,unresolved_sum|constant|rotation_shear,unresolved_sum,constant,rotation_shear,full,exact_null,77,0.0,3,0.13636363636363635,36.78476227000188,36.78476227000188,1.9380188995096905,2,1,0.9867563899804086
E2_20260824T221722Z_2ba66f02,2ba66f0209fe1cdec97b8cf5862494c22fb94704318f9601a7a1f9eb4b783796,unresolved_sum|constant|rotation_shear,unresolved_sum,constant,rotation_shear,full,exact_null,78,0.0,3,0.13636363636363635,37.78476227000188,37.78476227000188,1.9380188995096905,2,1,0.9867563899804086
E2_20260824T221722Z_2ba66f02,2ba66f0209fe1cdec97b8cf5862494c22fb94704318f9601a7a1f9eb4b783796,unresolved_sum|constant|rotation_shear,unresolved_sum,constant,rotation_shear,full,exact_null,79,0.0,3,0.13636363636363635,38.78476227000188,38.78476227000188,1.9380188995096905,2,1,0.9867563899804086
E2_20260824T221722Z_2ba66f02,2ba66f0209fe1cdec97b8cf5862494c22fb94704318f9601a7a1f9eb4b783796,unresolved_sum|constant|rotation_shear,unresolved_sum,constant,rotation_shear,full,exact_null,80,0.0,3,0.13636363636363635,39.8957889644497,39.8957889644497,1.5241948906707024,1,1,0.9951816365361342
E2_20260824T221722Z_2ba66f02,2ba66f0209fe1cdec97b8cf5862494c22fb94704318f9601a7a1f9eb4b783796,unresolved_sum|constant|rotation_shear,unresolved_sum,constant,rotation_shear,full,exact_null,81,0.0,3,0.13636363636363635,40.89578896444971,40.89578896444971,1.5241948906707024,1,1,0.9951816365361342
E2_20260824T221722Z_2ba66f02,2ba66f0209fe1cdec97b8cf5862494c22fb94704318f9601a7a1f9eb4b783796,unresolved_sum|constant|rotation_shear,unresolved_sum,constant,rotation_shear,full,exact_null,82,0.0,3,0.13636363636363635,41.8957889644497,41.8957889644497,1.5241948906707024,1,1,0.9951816365361342
E2_20260824T221722Z_2ba66f02,2ba66f0209fe1cdec97b8cf5862494c22fb94704318f9601a7a1f9eb4b783796,unresolved_sum|constant|rotation_shear,unresolved_sum,constant,rotation_shear,full,exact_null,83,0.0,3,0.13636363636363635,42.8957889644497,42.8957889644497,1.5241948906707024,1,1,0.9951816365361342
E2_20260824T221722Z_2ba66f02,2ba66f0209fe1cdec97b8cf5862494c22fb94704318f9601a7a1f9eb4b783796,unresolved_sum|constant|rotation_shear,unresolved_sum,constant,rotation_shear,full,exact_null,84,0.0,5,0.22727272727272727,0.7985712753442111,0.7985712753442111,4.431302817438162,1,1,0.9369840718529207
E2_20260824T221722Z_2ba66f02,2ba66f0209fe1cdec97b8cf5862494c22fb94704318f9601a7a1f9eb4b783796,unresolved_sum|constant|rotation_shear,unresolved_sum,constant,rotation_shear,full,exact_null,85,0.0,5,0.22727272727272727,1.7985712753442116,1.7985712753442116,4.431302817438163,1,1,0.9369840718529207
E2_20260824T221722Z_2ba66f02,2ba66f0209fe1cdec97b8cf5862494c22fb94704318f9601a7a1f9eb4b783796,unresolved_sum|constant|rotation_shear,unresolved_sum,constant,rotation_shear,full,exact_null,86,0.0,5,0.22727272727272727,2.798571275344212,2.798571275344212,4.431302817438163,1,1,0.9369840718529207
E2_20260824T221722Z_2ba66f02,2ba66f0209fe1cdec97b8cf5862494c22fb94704318f9601a7a1f9eb4b783796,unresolved_sum|constant|rotation_shear,unresolved_sum,constant,rotation_shear,full,exact_null,87,0.0,5,0.22727272727272727,3.798571275344212,3.798571275344212,4.431302817438163,1,1,0.9369840718529207
E2_20260824T221722Z_2ba66f02,2ba66f0209fe1cdec97b8cf5862494c22fb94704318f9601a7a1f9eb4b783796,unresolved_sum|constant|rotation_shear,unresolved_sum,constant,rotation_shear,full,exact_null,88,0.0,3,0.13636363636363635,5.052026198644322,5.052026198644322,4.824828974860944,2,2,0.8930049300872063
E2_20260824T221722Z_2ba66f02,2ba66f0209fe1cdec97b8cf5862494c22fb94704318f9601a7a1f9eb4b783796,unresolved_sum|constant|rotation_shear,unresolved_sum,constant,rotation_shear,full,exact_null,89,0.0,3,0.13636363636363635,6.052026198644322,6.052026198644322,4.824828974860944,2,2,0.8930049300872063
E2_20260824T221722Z_2ba66f02,2ba66f0209fe1cdec97b8cf5862494c22fb94704318f9601a7a1f9eb4b783796,unresolved_sum|constant|rotation_shear,unresolved_sum,constant,rotation_shear,full,exact_null,90,0.0,3,0.13636363636363635,7.052026198644323,7.052026198644323,4.824828974860943,2,2,0.8930049300872063
E2_20260824T221722Z_2ba66f02,2ba66f0209fe1cdec97b8cf5862494c22fb94704318f9601a7a1f9eb4b783796,unresolved_sum|constant|rotation_shear,unresolved_sum,constant,rotation_shear,full,exact_null,91,0.0,3,0.13636363636363635,8.052026198644324,8.052026198644324,4.824828974860943,2,2,0.8930049300872063
E2_20260824T221722Z_2ba66f02,2ba66f0209fe1cdec97b8cf5862494c22fb94704318f9601a7a1f9eb4b783796,unresolved_sum|constant|rotation_shear,unresolved_sum,constant,rotation_shear,full,exact_null,92,0.0,4,0.18181818181818182,8.873243477621656,8.873243477621656,4.2840610816294165,2,2,0.8846089011838971
E2_20260824T221722Z_2ba66f02,2ba66f0209fe1cdec97b8cf5862494c22fb94704318f9601a7a1f9eb4b783796,unresolved_sum|constant|rotation_shear,unresolved_sum,constant,rotation_shear,full,exact_null,93,0.0,4,0.18181818181818182,9.873243477621656,9.873243477621656,4.2840610816294165,2,2,0.8846089011838971
E2_20260824T221722Z_2ba66f02,2ba66f0209fe1cdec97b8cf5862494c22fb94704318f9601a7a1f9eb4b783796,unresolved_sum|constant|rotation_shear,unresolved_sum,constant,rotation_shear,full,exact_null,94,0.0,4,0.18181818181818182,10.873243477621655,10.873243477621655,4.284061081629416,2,2,0.8846089011838971
E2_20260824T221722Z_2ba66f02,2ba66f0209fe1cdec97b8cf5862494c22fb94704318f9601a7a1f9eb4b783796,unresolved_sum|constant|rotation_shear,unresolved_sum,constant,rotation_shear,full,exact_null,95,0.0,4,0.18181818181818182,11.873243477621656,11.873243477621656,4.2840610816294165,2,2,0.8846089011838971
E2_20260824T221722Z_2ba66f02,2ba66f0209fe1cdec97b8cf5862494c22fb94704318f9601a7a1f9eb4b783796,unresolved_sum|constant|rotation_shear,unresolved_sum,constant,rotation_shear,full,exact_null,96,0.0,3,0.13636363636363635,12.77210462778731,12.77210462778731,4.257423132001913,2,2,0.8860123956685237
E2_20260824T221722Z_2ba66f02,2ba66f0209fe1cdec97b8cf5862494c22fb94704318f9601a7a1f9eb4b783796,unresolved_sum|constant|rotation_shear,unresolved_sum,constant,rotation_shear,full,exact_null,97,0.0,3,0.13636363636363635,13.772104627787307,13.772104627787307,4.257423132001913,2,2,0.8860123956685237
E2_20260824T221722Z_2ba66f02,2ba66f0209fe1cdec97b8cf5862494c22fb94704318f9601a7a1f9eb4b783796,unresolved_sum|constant|rotation_shear,unresolved_sum,constant,rotation_shear,full,exact_null,98,0.0,3,0.13636363636363635,14.772104627787305,14.772104627787305,4.257423132001913,2,2,0.8860123956685237
E2_20260824T221722Z_2ba66f02,2ba66f0209fe1cdec97b8cf5862494c22fb94704318f9601a7a1f9eb4b783796,unresolved_sum|constant|rotation_shear,unresolved_sum,constant,rotation_shear,full,exact_null,99,0.0,3,0.13636363636363635,15.772104627787307,15.772104627787307,4.257423132001913,2,2,0.8860123956685237
E2_20260824T221722Z_2ba66f02,2ba66f0209fe1cdec97b8cf5862494c22fb94704318f9601a7a1f9eb4b783796,unresolved_sum|constant|rotation_shear,unresolved_sum,constant,rotation_shear,full,exact_null,100,0.0,2,0.09090909090909091,16.75117198823595,16.75117198823595,4.282002827333953,2,2,0.8849712967068021
E2_20260824T221722Z_2ba66f02,2ba66f0209fe1cdec97b8cf5862494c22fb94704318f9601a7a1f9eb4b783796,unresolved_sum|constant|rotation_shear,unresolved_sum,constant,rotation_shear,full,exact_null,101,0.0,2,0.09090909090909091,17.751171988235946,17.751171988235946,4.282002827333953,2,2,0.8849712967068021
E2_20260824T221722Z_2ba66f02,2ba66f0209fe1cdec97b8cf5862494c22fb94704318f9601a7a1f9eb4b783796,unresolved_sum|constant|rotation_shear,unresolved_sum,constant,rotation_shear,full,exact_null,102,0.0,2,0.09090909090909091,18.751171988235946,18.751171988235946,4.282002827333953,2,2,0.8849712967068021
E2_20260824T221722Z_2ba66f02,2ba66f0209fe1cdec97b8cf5862494c22fb94704318f9601a7a1f9eb4b783796,unresolved_sum|constant|rotation_shear,unresolved_sum,constant,rotation_shear,full,exact_null,103,0.0,2,0.09090909090909091,19.751171988235953,19.751171988235953,4.282002827333953,2,2,0.8849712967068021
E2_20260824T221722Z_2ba66f02,2ba66f0209fe1cdec97b8cf5862494c22fb94704318f9601a7a1f9eb4b783796,unresolved_sum|constant|rotation_shear,unresolved_sum,constant,rotation_shear,full,exact_null,104,0.0,3,0.13636363636363635,20.704028407579166,20.704028407579166,4.10086357766888,3,2,0.89735009181283
E2_20260824T221722Z_2ba66f02,2ba66f0209fe1cdec97b8cf5862494c22fb94704318f9601a7a1f9eb4b783796,unresolved_sum|constant|rotation_shear,unresolved_sum,constant,rotation_shear,full,exact_null,105,0.0,3,0.13636363636363635,21.704028407579166,21.704028407579166,4.10086357766888,3,2,0.89735009181283
E2_20260824T221722Z_2ba66f02,2ba66f0209fe1cdec97b8cf5862494c22fb94704318f9601a7a1f9eb4b783796,unresolved_sum|constant|rotation_shear,unresolved_sum,constant,rotation_shear,full,exact_null,106,0.0,3,0.13636363636363635,22.704028407579163,22.704028407579163,4.10086357766888,3,2,0.89735009181283
E2_20260824T221722Z_2ba66f02,2ba66f0209fe1cdec97b8cf5862494c22fb94704318f9601a7a1f9eb4b783796,unresolved_sum|constant|rotation_shear,unresolved_sum,constant,rotation_shear,full,exact_null,107,0.0,3,0.13636363636363635,23.704028407579166,23.704028407579166,4.10086357766888,3,2,0.89735009181283
E2_20260824T221722Z_2ba66f02,2ba66f0209fe1cdec97b8cf5862494c22fb94704318f9601a7a1f9eb4b783796,unresolved_sum|constant|rotation_shear,unresolved_sum,constant,rotation_shear,full,exact_null,108,0.0,4,0.18181818181818182,23.98717449814472,23.98717449814472,4.228904470195942,2,1,0.9052038994831197
E2_20260824T221722Z_2ba66f02,2ba66f0209fe1cdec97b8cf5862494c22fb94704318f9601a7a1f9eb4b783796,unresolved_sum|constant|rotation_shear,unresolved_sum,constant,rotation_shear,full,exact_null,109,0.0,4,0.18181818181818182,24.987174498144725,24.987174498144725,4.228904470195942,2,1,0.9052038994831197
E2_20260824T221722Z_2ba66f02,2ba66f0209fe1cdec97b8cf5862494c22fb94704318f9601a7a1f9eb4b783796,unresolved_sum|constant|rotation_shear,unresolved_sum,constant,rotation_shear,full,exact_null,110,0.0,4,0.18181818181818182,25.987174498144725,25.987174498144725,4.228904470195942,2,1,0.9052038994831197
E2_20260824T221722Z_2ba66f02,2ba66f0209fe1cdec97b8cf5862494c22fb94704318f9601a7a1f9eb4b783796,unresolved_sum|constant|rotation_shear,unresolved_sum,constant,rotation_shear,full,exact_null,111,0.0,4,0.18181818181818182,26.987174498144725,26.987174498144725,4.228904470195942,2,1,0.9052038994831197
E2_20260824T221722Z_2ba66f02,2ba66f0209fe1cdec97b8cf5862494c22fb94704318f9601a7a1f9eb4b783796,unresolved_sum|constant|rotation_shear,unresolved_sum,constant,rotation_shear,full,exact_null,112,0.0,3,0.13636363636363635,27.257745136008385,27.257745136008385,4.475789583451818,2,1,0.9377042421975395
E2_20260824T221722Z_2ba66f02,2ba66f0209fe1cdec97b8cf5862494c22fb94704318f9601a7a1f9eb4b783796,unresolved_sum|constant|rotation_shear,unresolved_sum,constant,rotation_shear,full,exact_null,113,0.0,3,0.13636363636363635,28.25774513600838,28.25774513600838,4.475789583451818,2,1,0.9377042421975395
E2_20260824T221722Z_2ba66f02,2ba66f0209fe1cdec97b8cf5862494c22fb94704318f9601a7a1f9eb4b783796,unresolved_sum|constant|rotation_shear,unresolved_sum,constant,rotation_shear,full,exact_null,114,0.0,3,0.13636363636363635,29.257745136008385,29.257745136008385,4.475789583451818,2,1,0.9377042421975395
E2_20260824T221722Z_2ba66f02,2ba66f0209fe1cdec97b8cf5862494c22fb94704318f9601a7a1f9eb4b783796,unresolved_sum|constant|rotation_shear,unresolved_sum,constant,rotation_shear,full,exact_null,115,0.0,3,0.13636363636363635,30.257745136008385,30.257745136008385,4.475789583451818,2,1,0.9377042421975395
E2_20260824T221722Z_2ba66f02,2ba66f0209fe1cdec97b8cf5862494c22fb94704318f9601a7a1f9eb4b783796,unresolved_sum|constant|rotation_shear,unresolved_sum,constant,rotation_shear,full,exact_null,116,0.0,3,0.13636363636363635,31.637114820183932,31.637114820183932,2.974111457571268,2,1,0.9806168126670083
E2_20260824T221722Z_2ba66f02,2ba66f0209fe1cdec97b8cf5862494c22fb94704318f9601a7a1f9eb4b783796,unresolved_sum|constant|rotation_shear,unresolved_sum,constant,rotation_shear,full,exact_null,117,0.0,3,0.13636363636363635,32.63711482018393,32.63711482018393,2.974111457571268,2,1,0.9806168126670083
E2_20260824T221722Z_2ba66f02,2ba66f0209fe1cdec97b8cf5862494c22fb94704318f9601a7a1f9eb4b783796,unresolved_sum|constant|rotation_shear,unresolved_sum,constant,rotation_shear,full,exact_null,118,0.0,3,0.13636363636363635,33.63711482018393,33.63711482018393,2.974111457571268,2,1,0.9806168126670083
E2_20260824T221722Z_2ba66f02,2ba66f0209fe1cdec97b8cf5862494c22fb94704318f9601a7a1f9eb4b783796,unresolved_sum|constant|rotation_shear,unresolved_sum,constant,rotation_shear,full,exact_null,119,0.0,3,0.13636363636363635,34.63711482018394,34.63711482018394,2.9741114575712677,2,1,0.9806168126670083
E2_20260824T221722Z_2ba66f02,2ba66f0209fe1cdec97b8cf5862494c22fb94704318f9601a7a1f9eb4b783796,unresolved_sum|constant|rotation_shear,unresolved_sum,constant,rotation_shear,full,exact_null,120,0.0,3,0.13636363636363635,35.91552498239681,35.91552498239681,1.256834897861084,3,1,0.9947501797648282
E2_20260824T221722Z_2ba66f02,2ba66f0209fe1cdec97b8cf5862494c22fb94704318f9601a7a1f9eb4b783796,unresolved_sum|constant|rotation_shear,unresolved_sum,constant,rotation_shear,full,exact_null,121,0.0,3,0.13636363636363635,36.91552498239682,36.91552498239682,1.256834897861084,3,1,0.9947501797648282
E2_20260824T221722Z_2ba66f02,2ba66f0209fe1cdec97b8cf5862494c22fb94704318f9601a7a1f9eb4b783796,unresolved_sum|constant|rotation_shear,unresolved_sum,constant,rotation_shear,full,exact_null,122,0.0,3,0.13636363636363635,37.91552498239682,37.91552498239682,1.256834897861084,3,1,0.9947501797648282
E2_20260824T221722Z_2ba66f02,2ba66f0209fe1cdec97b8cf5862494c22fb94704318f9601a7a1f9eb4b783796,unresolved_sum|constant|rotation_shear,unresolved_sum,constant,rotation_shear,full,exact_null,123,0.0,3,0.13636363636363635,38.915524982396825,38.915524982396825,1.256834897861084,3,1,0.9947501797648282
E2_20260824T221722Z_2ba66f02,2ba66f0209fe1cdec97b8cf5862494c22fb94704318f9601a7a1f9eb4b783796,unresolved_sum|constant|rotation_shear,unresolved_sum,constant,rotation_shear,full,exact_null,124,0.0,3,0.13636363636363635,39.94230807588588,39.94230807588588,1.175732488930561,3,1,0.9974032220292764
E2_20260824T221722Z_2ba66f02,2ba66f0209fe1cdec97b8cf5862494c22fb94704318f9601a7a1f9eb4b783796,unresolved_sum|constant|rotation_shear,unresolved_sum,constant,rotation_shear,full,exact_null,125,0.0,3,0.13636363636363635,40.94230807588588,40.94230807588588,1.175732488930561,3,1,0.9974032220292764
E2_20260824T221722Z_2ba66f02,2ba66f0209fe1cdec97b8cf5862494c22fb94704318f9601a7a1f9eb4b783796,unresolved_sum|constant|rotation_shear,unresolved_sum,constant,rotation_shear,full,exact_null,126,0.0,3,0.13636363636363635,41.94230807588588,41.94230807588588,1.175732488930561,3,1,0.9974032220292764
E2_20260824T221722Z_2ba66f02,2ba66f0209fe1cdec97b8cf5862494c22fb94704318f9601a7a1f9eb4b783796,unresolved_sum|constant|rotation_shear,unresolved_sum,constant,rotation_shear,full,exact_null,127,0.0,3,0.13636363636363635,42.942308075885876,42.942308075885876,1.175732488930561,3,1,0.9974032220292764
E2_20260824T221722Z_2ba66f02,2ba66f0209fe1cdec97b8cf5862494c22fb94704318f9601a7a1f9eb4b783796,unresolved_sum|constant|rotation_shear,unresolved_sum,constant,rotation_shear,full,exact_null,128,0.0,5,0.22727272727272727,8.014008059855666,8.014008059855666,11.801409712085569,3,3,0.471162500683787
E2_20260824T221722Z_2ba66f02,2ba66f0209fe1cdec97b8cf5862494c22fb94704318f9601a7a1f9eb4b783796,unresolved_sum|constant|rotation_shear,unresolved_sum,constant,rotation_shear,full,exact_null,129,0.0,5,0.22727272727272727,9.014008059855668,9.014008059855668,11.801409712085569,3,3,0.471162500683787
E2_20260824T221722Z_2ba66f02,2ba66f0209fe1cdec97b8cf5862494c22fb94704318f9601a7a1f9eb4b783796,unresolved_sum|constant|rotation_shear,unresolved_sum,constant,rotation_shear,full,exact_null,130,0.0,5,0.22727272727272727,10.014008059855666,10.014008059855666,11.801409712085569,3,3,0.471162500683787
E2_20260824T221722Z_2ba66f02,2ba66f0209fe1cdec97b8cf5862494c22fb94704318f9601a7a1f9eb4b783796,unresolved_sum|constant|rotation_shear,unresolved_sum,constant,rotation_shear,full,exact_null,131,0.0,5,0.22727272727272727,11.014008059855666,11.014008059855666,11.801409712085569,3,3,0.471162500683787
E2_20260824T221722Z_2ba66f02,2ba66f0209fe1cdec97b8cf5862494c22fb94704318f9601a7a1f9eb4b783796,unresolved_sum|constant|rotation_shear,unresolved_sum,constant,rotation_shear,full,exact_null,132,0.0,3,0.13636363636363635,11.308628814775036,11.308628814775036,10.991195909280266,3,3,0.4683578158964124
E2_20260824T221722Z_2ba66f02,2ba66f0209fe1cdec97b8cf5862494c22fb94704318f9601a7a1f9eb4b783796,unresolved_sum|constant|rotation_shear,unresolved_sum,constant,rotation_shear,full,exact_null,133,0.0,3,0.13636363636363635,12.308628814775037,12.308628814775037,10.991195909280266,3,3,0.4683578158964124
E2_20260824T221722Z_2ba66f02,2ba66f0209fe1cdec97b8cf5862494c22fb94704318f9601a7a1f9eb4b783796,unresolved_sum|constant|rotation_shear,unresolved_sum,constant,rotation_shear,full,exact_null,134,0.0,3,0.13636363636363635,13.308628814775036,13.308628814775036,10.991195909280266,3,3,0.4683578158964124
E2_20260824T221722Z_2ba66f02,2ba66f0209fe1cdec97b8cf5862494c22fb94704318f9601a7a1f9eb4b783796,unresolved_sum|constant|rotation_shear,unresolved_sum,constant,rotation_shear,full,exact_null,135,0.0,3,0.13636363636363635,14.308628814775037,14.308628814775037,10.991195909280266,3,3,0.4683578158964124
E2_20260824T221722Z_2ba66f02,2ba66f0209fe1cdec97b8cf5862494c22fb94704318f9601a7a1f9eb4b783796,unresolved_sum|constant|rotation_shear,unresolved_sum,constant,rotation_shear,full,exact_null,136,0.0,2,0.09090909090909091,14.653341590861896,14.653341590861896,10.414984573781787,3,3,0.47380896758553204
E2_20260824T221722Z_2ba66f02,2ba66f0209fe1cdec97b8cf5862494c22fb94704318f9601a7a1f9eb4b783796,unresolved_sum|constant|rotation_shear,unresolved_sum,constant,rotation_shear,full,exact_null,137,0.0,2,0.09090909090909091,15.653341590861897,15.653341590861897,10.414984573781787,3,3,0.47380896758553204
E2_20260824T221722Z_2ba66f02,2ba66f0209fe1cdec97b8cf5862494c22fb94704318f9601a7a1f9eb4b783796,unresolved_sum|constant|rotation_shear,unresolved_sum,constant,rotation_shear,full,exact_null,138,0.0,2,0.09090909090909091,16.6533415908619,16.6533415908619,10.414984573781787,3,3,0.47380896758553204
E2_20260824T221722Z_2ba66f02,2ba66f0209fe1cdec97b8cf5862494c22fb94704318f9601a7a1f9eb4b783796,unresolved_sum|constant|rotation_shear,unresolved_sum,constant,rotation_shear,full,exact_null,139,0.0,2,0.09090909090909091,17.653341590861896,17.653341590861896,10.414984573781787,3,3,0.47380896758553204
E2_20260824T221722Z_2ba66f02,2ba66f0209fe1cdec97b8cf5862494c22fb94704318f9601a7a1f9eb4b783796,unresolved_sum|constant|rotation_shear,unresolved_sum,constant,rotation_shear,full,exact_null,140,0.0,3,0.13636363636363635,18.94970543743902,18.94970543743902,10.775785982478139,3,3,0.4753240883044044
E2_20260824T221722Z_2ba66f02,2ba66f0209fe1cdec97b8cf5862494c22fb94704318f9601a7a1f9eb4b783796,unresolved_sum|constant|rotation_shear,unresolved_sum,constant,rotation_shear,full,exact_null,141,0.0,3,0.13636363636363635,19.94970543743902,19.94970543743902,10.775785982478139,3,3,0.4753240883044044
E2_20260824T221722Z_2ba66f02,2ba66f0209fe1cdec97b8cf5862494c22fb94704318f9601a7a1f9eb4b783796,unresolved_sum|constant|rotation_shear,unresolved_sum,constant,rotation_shear,full,exact_null,142,0.0,3,0.13636363636363635,20.949705437439018,20.949705437439018,10.775785982478139,3,3,0.4753240883044044
E2_20260824T221722Z_2ba66f02,2ba66f0209fe1cdec97b8cf5862494c22fb94704318f9601a7a1f9eb4b783796,unresolved_sum|constant|rotation_shear,unresolved_sum,constant,rotation_shear,full,exact_null,143,0.0,3,0.13636363636363635,21.949705437439018,21.949705437439018,10.775785982478139,3,3,0.4753240883044044
E2_20260824T221722Z_2ba66f02,2ba66f0209fe1cdec97b8cf5862494c22fb94704318f9601a7a1f9eb4b783796,unresolved_sum|constant|rotation_shear,unresolved_sum,constant,rotation_shear,full,exact_null,144,0.0,2,0.09090909090909091,19.649558715648002,19.649558715648002,10.779562522593437,3,3,0.47192993470667627
E2_20260824T221722Z_2ba66f02,2ba66f0209fe1cdec97b8cf5862494c22fb94704318f9601a7a1f9eb4b783796,unresolved_sum|constant|rotation_shear,unresolved_sum,constant,rotation_shear,full,exact_null,145,0.0,2,0.09090909090909091,20.649558715648,20.649558715648,10.779562522593437,3,3,0.47192993470667627
E2_20260824T221722Z_2ba66f02,2ba66f0209fe1cdec97b8cf5862494c22fb94704318f9601a7a1f9eb4b783796,unresolved_sum|constant|rotation_shear,unresolved_sum,constant,rotation_shear,full,exact_null,146,0.0,2,0.09090909090909091,21.649558715648002,21.649558715648002,10.779562522593437,3,3,0.47192993470667627
E2_20260824T221722Z_2ba66f02,2ba66f0209fe1cdec97b8cf5862494c22fb94704318f9601a7a1f9eb4b783796,unresolved_sum|constant|rotation_shear,unresolved_sum,constant,rotation_shear,full,exact_null,147,0.0,2,0.09090909090909091,22.649558715648002,22.649558715648002,10.779562522593437,3,3,0.47192993470667627
E2_20260824T221722Z_2ba66f02,2ba66f0209fe1cdec97b8cf5862494c22fb94704318f9601a7a1f9eb4b783796,unresolved_sum|constant|rotation_shear,unresolved_sum,constant,rotation_shear,full,exact_null,148,0.0,4,0.18181818181818182,20.961760176515533,20.961760176515533,9.29908843017923,3,3,0.6449099483765306
E2_20260824T221722Z_2ba66f02,2ba66f0209fe1cdec97b8cf5862494c22fb94704318f9601a7a1f9eb4b783796,unresolved_sum|constant|rotation_shear,unresolved_sum,constant,rotation_shear,full,exact_null,149,0.0,4,0.18181818181818182,21.96176017651553,21.96176017651553,9.29908843017923,3,3,0.6449099483765306
E2_20260824T221722Z_2ba66f02,2ba66f0209fe1cdec97b8cf5862494c22fb94704318f9601a7a1f9eb4b783796,unresolved_sum|constant|rotation_shear,unresolved_sum,constant,rotation_shear,full,exact_null,150,0.0,4,0.18181818181818182,22.961760176515526,22.961760176515526,9.29908843017923,3,3,0.6449099483765306
E2_20260824T221722Z_2ba66f02,2ba66f0209fe1cdec97b8cf5862494c22fb94704318f9601a7a1f9eb4b783796,unresolved_sum|constant|rotation_shear,unresolved_sum,constant,rotation_shear,full,exact_null,151,0.0,4,0.18181818181818182,23.961760176515533,23.961760176515533,9.29908843017923,3,3,0.6449099483765306
E2_20260824T221722Z_2ba66f02,2ba66f0209fe1cdec97b8cf5862494c22fb94704318f9601a7a1f9eb4b783796,unresolved_sum|constant|rotation_shear,unresolved_sum,constant,rotation_shear,full,exact_null,152,0.0,5,0.22727272727272727,22.604826454466135,22.604826454466135,7.257636269621346,3,3,0.8115988482370519
E2_20260824T221722Z_2ba66f02,2ba66f0209fe1cdec97b8cf5862494c22fb94704318f9601a7a1f9eb4b783796,unresolved_sum|constant|rotation_shear,unresolved_sum,constant,rotation_shear,full,exact_null,153,0.0,5,0.22727272727272727,23.604826454466135,23.604826454466135,7.257636269621346,3,3,0.8115988482370519
E2_20260824T221722Z_2ba66f02,2ba66f0209fe1cdec97b8cf5862494c22fb94704318f9601a7a1f9eb4b783796,unresolved_sum|constant|rotation_shear,unresolved_sum,constant,rotation_shear,full,exact_null,154,0.0,5,0.22727272727272727,24.604826454466128,24.604826454466128,7.2576362696213454,3,3,0.8115988482370519
E2_20260824T221722Z_2ba66f02,2ba66f0209fe1cdec97b8cf5862494c22fb94704318f9601a7a1f9eb4b783796,unresolved_sum|constant|rotation_shear,unresolved_sum,constant,rotation_shear,full,exact_null,155,0.0,5,0.22727272727272727,25.60482645446613,25.60482645446613,7.2576362696213454,3,3,0.8115988482370519
E2_20260824T221722Z_2ba66f02,2ba66f0209fe1cdec97b8cf5862494c22fb94704318f9601a7a1f9eb4b783796,unresolved_sum|constant|rotation_shear,unresolved_sum,constant,rotation_shear,full,exact_null,156,0.0,3,0.13636363636363635,27.057849639836213,27.057849639836213,4.887685443655738,3,1,0.9433746279221761
E2_20260824T221722Z_2ba66f02,2ba66f0209fe1cdec97b8cf5862494c22fb94704318f9601a7a1f9eb4b783796,unresolved_sum|constant|rotation_shear,unresolved_sum,constant,rotation_shear,full,exact_null,157,0.0,3,0.13636363636363635,28.057849639836206,28.057849639836206,4.887685443655738,3,1,0.9433746279221761
E2_20260824T221722Z_2ba66f02,2ba66f0209fe1cdec97b8cf5862494c22fb94704318f9601a7a1f9eb4b783796,unresolved_sum|constant|rotation_shear,unresolved_sum,constant,rotation_shear,full,exact_null,158,0.0,3,0.13636363636363635,29.057849639836206,29.057849639836206,4.887685443655738,3,1,0.9433746279221761
E2_20260824T221722Z_2ba66f02,2ba66f0209fe1cdec97b8cf5862494c22fb94704318f9601a7a1f9eb4b783796,unresolved_sum|constant|rotation_shear,unresolved_sum,constant,rotation_shear,full,exact_null,159,0.0,3,0.13636363636363635,30.05784963983621,30.05784963983621,4.887685443655738,3,1,0.9433746279221761
E2_20260824T221722Z_2ba66f02,2ba66f0209fe1cdec97b8cf5862494c22fb94704318f9601a7a1f9eb4b783796,unresolved_sum|constant|rotation_shear,unresolved_sum,constant,rotation_shear,full,exact_null,160,0.0,3,0.13636363636363635,31.800864058042492,31.800864058042492,2.291291836914853,1,1,0.9916523689783017
E2_20260824T221722Z_2ba66f02,2ba66f0209fe1cdec97b8cf5862494c22fb94704318f9601a7a1f9eb4b783796,unresolved_sum|constant|rotation_shear,unresolved_sum,constant,rotation_shear,full,exact_null,161,0.0,3,0.13636363636363635,32.800864058042485,32.800864058042485,2.291291836914853,1,1,0.9916523689783017
E2_20260824T221722Z_2ba66f02,2ba66f0209fe1cdec97b8cf5862494c22fb94704318f9601a7a1f9eb4b783796,unresolved_sum|constant|rotation_shear,unresolved_sum,constant,rotation_shear,full,exact_null,162,0.0,3,0.13636363636363635,33.8008640580425,33.8008640580425,2.291291836914853,1,1,0.9916523689783017
E2_20260824T221722Z_2ba66f02,2ba66f0209fe1cdec97b8cf5862494c22fb94704318f9601a7a1f9eb4b783796,unresolved_sum|constant|rotation_shear,unresolved_sum,constant,rotation_shear,full,exact_null,163,0.0,3,0.13636363636363635,34.80086405804249,34.80086405804249,2.291291836914853,1,1,0.9916523689783017
E2_20260824T221722Z_2ba66f02,2ba66f0209fe1cdec97b8cf5862494c22fb94704318f9601a7a1f9eb4b783796,unresolved_sum|constant|rotation_shear,unresolved_sum,constant,rotation_shear,full,exact_null,164,0.0,0,0.0,35.980270004003586,35.980270004003586,0.668266606392659,2,1,0.9982695363022982
E2_20260824T221722Z_2ba66f02,2ba66f0209fe1cdec97b8cf5862494c22fb94704318f9601a7a1f9eb4b783796,unresolved_sum|constant|rotation_shear,unresolved_sum,constant,rotation_shear,full,exact_null,165,0.0,0,0.0,36.980270004003586,36.980270004003586,0.668266606392659,2,1,0.9982695363022982
E2_20260824T221722Z_2ba66f02,2ba66f0209fe1cdec97b8cf5862494c22fb94704318f9601a7a1f9eb4b783796,unresolved_sum|constant|rotation_shear,unresolved_sum,constant,rotation_shear,full,exact_null,166,0.0,0,0.0,37.980270004003586,37.980270004003586,0.668266606392659,2,1,0.9982695363022982
E2_20260824T221722Z_2ba66f02,2ba66f0209fe1cdec97b8cf5862494c22fb94704318f9601a7a1f9eb4b783796,unresolved_sum|constant|rotation_shear,unresolved_sum,constant,rotation_shear,full,exact_null,167,0.0,0,0.0,38.980270004003586,38.980270004003586,0.668266606392659,2,1,0.9982695363022982
E2_20260824T221722Z_2ba66f02,2ba66f0209fe1cdec97b8cf5862494c22fb94704318f9601a7a1f9eb4b783796,unresolved_sum|constant|rotation_shear,unresolved_sum,constant,rotation_shear,full,exact_null,168,0.0,0,0.0,39.94965430289819,39.94965430289819,1.2686170503047351,3,1,0.9984442489353453
E2_20260824T221722Z_2ba66f02,2ba66f0209fe1cdec97b8cf5862494c22fb94704318f9601a7a1f9eb4b783796,unresolved_sum|constant|rotation_shear,unresolved_sum,constant,rotation_shear,full,exact_null,169,0.0,0,0.0,40.94965430289819,40.94965430289819,1.2686170503047351,3,1,0.9984442489353453
E2_20260824T221722Z_2ba66f02,2ba66f0209fe1cdec97b8cf5862494c22fb94704318f9601a7a1f9eb4b783796,unresolved_sum|constant|rotation_shear,unresolved_sum,constant,rotation_shear,full,exact_null,170,0.0,0,0.0,41.94965430289819,41.94965430289819,1.2686170503047351,3,1,0.9984442489353453
E2_20260824T221722Z_2ba66f02,2ba66f0209fe1cdec97b8cf5862494c22fb94704318f9601a7a1f9eb4b783796,unresolved_sum|constant|rotation_shear,unresolved_sum,constant,rotation_shear,full,exact_null,171,0.0,0,0.0,42.94965430289819,42.94965430289819,1.2686170503047351,3,1,0.9984442489353453
E2_20260824T221722Z_2ba66f02,2ba66f0209fe1cdec97b8cf5862494c22fb94704318f9601a7a1f9eb4b783796,unresolved_sum|constant|rotation_shear,unresolved_sum,constant,rotation_shear,full,exact_null,172,0.0,5,0.22727272727272727,14.78456437309853,14.78456437309853,12.523573532967584,3,3,0.5725915508235054
E2_20260824T221722Z_2ba66f02,2ba66f0209fe1cdec97b8cf5862494c22fb94704318f9601a7a1f9eb4b783796,unresolved_sum|constant|rotation_shear,unresolved_sum,constant,rotation_shear,full,exact_null,173,0.0,5,0.22727272727272727,15.78456437309853,15.78456437309853,12.523573532967584,3,3,0.5725915508235054
E2_20260824T221722Z_2ba66f02,2ba66f0209fe1cdec97b8cf5862494c22fb94704318f9601a7a1f9eb4b783796,unresolved_sum|constant|rotation_shear,unresolved_sum,constant,rotation_shear,full,exact_null,174,0.0,5,0.22727272727272727,16.78456437309853,16.78456437309853,12.523573532967584,3,3,0.5725915508235054
E2_20260824T221722Z_2ba66f02,2ba66f0209fe1cdec97b8cf5862494c22fb94704318f9601a7a1f9eb4b783796,unresolved_sum|constant|rotation_shear,unresolved_sum,constant,rotation_shear,full,exact_null,175,0.0,5,0.22727272727272727,17.784564373098533,17.784564373098533,12.523573532967584,3,3,0.5725915508235054
E2_20260824T221722Z_2ba66f02,2ba66f0209fe1cdec97b8cf5862494c22fb94704318f9601a7a1f9eb4b783796,unresolved_sum|constant|rotation_shear,unresolved_sum,constant,rotation_shear,full,exact_null,176,0.0,3,0.13636363636363635,18.405631946392703,18.405631946392703,12.334612483313112,2,3,0.5826567275547284
E2_20260824T221722Z_2ba66f02,2ba66f0209fe1cdec97b8cf5862494c22fb94704318f9601a7a1f9eb4b783796,unresolved_sum|constant|rotation_shear,unresolved_sum,constant,rotation_shear,full,exact_null,177,0.0,3,0.13636363636363635,19.405631946392703,19.405631946392703,12.334612483313112,2,3,0.5826567275547284
E2_20260824T221722Z_2ba66f02,2ba66f0209fe1cdec97b8cf5862494c22fb94704318f9601a7a1f9eb4b783796,unresolved_sum|constant|rotation_shear,unresolved_sum,constant,rotation_shear,full,exact_null,178,0.0,3,0.13636363636363635,20.405631946392703,20.405631946392703,12.334612483313112,2,3,0.5826567275547284
E2_20260824T221722Z_2ba66f02,2ba66f0209fe1cdec97b8cf5862494c22fb94704318f9601a7a1f9eb4b783796,unresolved_sum|constant|rotation_shear,unresolved_sum,constant,rotation_shear,full,exact_null,179,0.0,3,0.13636363636363635,21.405631946392703,21.405631946392703,12.334612483313112,2,3,0.5826567275547284
E2_20260824T221722Z_2ba66f02,2ba66f0209fe1cdec97b8cf5862494c22fb94704318f9601a7a1f9eb4b783796,unresolved_sum|constant|rotation_shear,unresolved_sum,constant,rotation_shear,full,exact_null,180,0.0,2,0.09090909090909091,21.429566944834306,21.429566944834306,12.269581982560975,2,3,0.566451809349766
E2_20260824T221722Z_2ba66f02,2ba66f0209fe1cdec97b8cf5862494c22fb94704318f9601a7a1f9eb4b783796,unresolved_sum|constant|rotation_shear,unresolved_sum,constant,rotation_shear,full,exact_null,181,0.0,2,0.09090909090909091,22.429566944834306,22.429566944834306,12.269581982560975,2,3,0.566451809349766
E2_20260824T221722Z_2ba66f02,2ba66f0209fe1cdec97b8cf5862494c22fb94704318f9601a7a1f9eb4b783796,unresolved_sum|constant|rotation_shear,unresolved_sum,constant,rotation_shear,full,exact_null,182,0.0,2,0.09090909090909091,23.429566944834306,23.429566944834306,12.269581982560975,2,3,0.566451809349766
E2_20260824T221722Z_2ba66f02,2ba66f0209fe1cdec97b8cf5862494c22fb94704318f9601a7a1f9eb4b783796,unresolved_sum|constant|rotation_shear,unresolved_sum,constant,rotation_shear,full,exact_null,183,0.0,2,0.09090909090909091,24.42956694483431,24.42956694483431,12.269581982560975,2,3,0.566451809349766
E2_20260824T221722Z_2ba66f02,2ba66f0209fe1cdec97b8cf5862494c22fb94704318f9601a7a1f9eb4b783796,unresolved_sum|constant|rotation_shear,unresolved_sum,constant,rotation_shear,full,exact_null,184,0.0,4,0.18181818181818182,26.22762823960959,26.22762823960959,12.288445517287203,2,3,0.5900917576639604
E2_20260824T221722Z_2ba66f02,2ba66f0209fe1cdec97b8cf5862494c22fb94704318f9601a7a1f9eb4b783796,unresolved_sum|constant|rotation_shear,unresolved_sum,constant,rotation_shear,full,exact_null,185,0.0,4,0.18181818181818182,27.22762823960959,27.22762823960959,12.288445517287203,2,3,0.5900917576639604
E2_20260824T221722Z_2ba66f02,2ba66f0209fe1cdec97b8cf5862494c22fb94704318f9601a7a1f9eb4b783796,unresolved_sum|constant|rotation_shear,unresolved_sum,constant,rotation_shear,full,exact_null,186,0.0,4,0.18181818181818182,28.227628239609587,28.227628239609587,12.288445517287203,2,3,0.5900917576639604
E2_20260824T221722Z_2ba66f02,2ba66f0209fe1cdec97b8cf5862494c22fb94704318f9601a7a1f9eb4b783796,unresolved_sum|constant|rotation_shear,unresolved_sum,constant,rotation_shear,full,exact_null,187,0.0,4,0.18181818181818182,29.227628239609587,29.227628239609587,12.288445517287203,2,3,0.5900917576639604
E2_20260824T221722Z_2ba66f02,2ba66f0209fe1cdec97b8cf5862494c22fb94704318f9601a7a1f9eb4b783796,unresolved_sum|constant|rotation_shear,unresolved_sum,constant,rotation_shear,full,exact_null,188,0.0,0,0.0,21.864352633931183,21.864352633931183,14.960648983641509,3,4,0.45197015660430107
E2_20260824T221722Z_2ba66f02,2ba66f0209fe1cdec97b8cf5862494c22fb94704318f9601a7a1f9eb4b783796,unresolved_sum|constant|rotation_shear,unresolved_sum,constant,rotation_shear,full,exact_null,189,0.0,0,0.0,22.864352633931183,22.864352633931183,14.960648983641509,3,4,0.45197015660430107
E2_20260824T221722Z_2ba66f02,2ba66f0209fe1cdec97b8cf5862494c22fb94704318f9601a7a1f9eb4b783796,unresolved_sum|constant|rotation_shear,unresolved_sum,constant,rotation_shear,full,exact_null,190,0.0,0,0.0,23.864352633931183,23.864352633931183,14.960648983641509,3,4,0.45197015660430107
E2_20260824T221722Z_2ba66f02,2ba66f0209fe1cdec97b8cf5862494c22fb94704318f9601a7a1f9eb4b783796,unresolved_sum|constant|rotation_shear,unresolved_sum,constant,rotation_shear,full,exact_null,191,0.0,0,0.0,24.864352633931183,24.864352633931183,14.960648983641509,3,4,0.45197015660430107
E2_20260824T221722Z_2ba66f02,2ba66f0209fe1cdec97b8cf5862494c22fb94704318f9601a7a1f9eb4b783796,unresolved_sum|constant|rotation_shear,unresolved_sum,constant,rotation_shear,full,exact_null,192,0.0,0,0.0,16.75622894127009,16.75622894127009,12.255763681682021,3,4,0.4162167499595573
E2_20260824T221722Z_2ba66f02,2ba66f0209fe1cdec97b8cf5862494c22fb94704318f9601a7a1f9eb4b783796,unresolved_sum|constant|rotation_shear,unresolved_sum,constant,rotation_shear,full,exact_null,193,0.0,0,0.0,17.756228941270088,17.756228941270088,12.25576368168202,3,4,0.4162167499595573
E2_20260824T221722Z_2ba66f02,2ba66f0209fe1cdec97b8cf5862494c22fb94704318f9601a7a1f9eb4b783796,unresolved_sum|constant|rotation_shear,unresolved_sum,constant,rotation_shear,full,exact_null,194,0.0,0,0.0,18.75622894127009,18.75622894127009,12.255763681682021,3,4,0.4162167499595573
E2_20260824T221722Z_2ba66f02,2ba66f0209fe1cdec97b8cf5862494c22fb94704318f9601a7a1f9eb4b783796,unresolved_sum|constant|rotation_shear,unresolved_sum,constant,rotation_shear,full,exact_null,195,0.0,0,0.0,19.756228941270088,19.756228941270088,12.25576368168202,3,4,0.4162167499595573
E2_20260824T221722Z_2ba66f02,2ba66f0209fe1cdec97b8cf5862494c22fb94704318f9601a7a1f9eb4b783796,unresolved_sum|constant|rotation_shear,unresolved_sum,constant,rotation_shear,full,exact_null,196,0.0,5,0.22727272727272727,22.33602691457028,22.33602691457028,6.362060572657145,3,2,0.880379193008456
E2_20260824T221722Z_2ba66f02,2ba66f0209fe1cdec97b8cf5862494c22fb94704318f9601a7a1f9eb4b783796,unresolved_sum|constant|rotation_shear,unresolved_sum,constant,rotation_shear,full,exact_null,197,0.0,5,0.22727272727272727,23.33602691457028,23.33602691457028,6.362060572657145,3,2,0.880379193008456
E2_20260824T221722Z_2ba66f02,2ba66f0209fe1cdec97b8cf5862494c22fb94704318f9601a7a1f9eb4b783796,unresolved_sum|constant|rotation_shear,unresolved_sum,constant,rotation_shear,full,exact_null,198,0.0,5,0.22727272727272727,24.336026914570283,24.336026914570283,6.362060572657145,3,2,0.880379193008456
E2_20260824T221722Z_2ba66f02,2ba66f0209fe1cdec97b8cf5862494c22fb94704318f9601a7a1f9eb4b783796,unresolved_sum|constant|rotation_shear,unresolved_sum,constant,rotation_shear,full,exact_null,199,0.0,5,0.22727272727272727,25.33602691457028,25.33602691457028,6.362060572657145,3,2,0.880379193008456
E2_20260824T221722Z_2ba66f02,2ba66f0209fe1cdec97b8cf5862494c22fb94704318f9601a7a1f9eb4b783796,unresolved_sum|constant|rotation_shear,unresolved_sum,constant,rotation_shear,full,exact_null,200,0.0,3,0.13636363636363635,27.693207633642935,27.693207633642935,2.73911205935801,1,1,0.98196398792634
E2_20260824T221722Z_2ba66f02,2ba66f0209fe1cdec97b8cf5862494c22fb94704318f9601a7a1f9eb4b783796,unresolved_sum|constant|rotation_shear,unresolved_sum,constant,rotation_shear,full,exact_null,201,0.0,3,0.13636363636363635,28.69320763364294,28.69320763364294,2.73911205935801,1,1,0.98196398792634
E2_20260824T221722Z_2ba66f02,2ba66f0209fe1cdec97b8cf5862494c22fb94704318f9601a7a1f9eb4b783796,unresolved_sum|constant|rotation_shear,unresolved_sum,constant,rotation_shear,full,exact_null,202,0.0,3,0.13636363636363635,29.69320763364294,29.69320763364294,2.73911205935801,1,1,0.98196398792634
E2_20260824T221722Z_2ba66f02,2ba66f0209fe1cdec97b8cf5862494c22fb94704318f9601a7a1f9eb4b783796,unresolved_sum|constant|rotation_shear,unresolved_sum,constant,rotation_shear,full,exact_null,203,0.0,3,0.13636363636363635,30.693207633642935,30.693207633642935,2.73911205935801,1,1,0.98196398792634
E2_20260824T221722Z_2ba66f02,2ba66f0209fe1cdec97b8cf5862494c22fb94704318f9601a7a1f9eb4b783796,unresolved_sum|constant|rotation_shear,unresolved_sum,constant,rotation_shear,full,exact_null,204,0.0,0,0.0,31.93372850107818,31.93372850107818,1.3396584340607456,0,1,0.9925477659633399
E2_20260824T221722Z_2ba66f02,2ba66f0209fe1cdec97b8cf5862494c22fb94704318f9601a7a1f9eb4b783796,unresolved_sum|constant|rotation_shear,unresolved_sum,constant,rotation_shear,full,exact_null,205,0.0,0,0.0,32.93372850107818,32.93372850107818,1.3396584340607456,0,1,0.9925477659633399
E2_20260824T221722Z_2ba66f02,2ba66f0209fe1cdec97b8cf5862494c22fb94704318f9601a7a1f9eb4b783796,unresolved_sum|constant|rotation_shear,unresolved_sum,constant,rotation_shear,full,exact_null,206,0.0,0,0.0,33.93372850107818,33.93372850107818,1.3396584340607456,0,1,0.9925477659633399
E2_20260824T221722Z_2ba66f02,2ba66f0209fe1cdec97b8cf5862494c22fb94704318f9601a7a1f9eb4b783796,unresolved_sum|constant|rotation_shear,unresolved_sum,constant,rotation_shear,full,exact_null,207,0.0,0,0.0,34.93372850107818,34.93372850107818,1.3396584340607456,0,1,0.9925477659633399
E2_20260824T221722Z_2ba66f02,2ba66f0209fe1cdec97b8cf5862494c22fb94704318f9601a7a1f9eb4b783796,unresolved_sum|constant|rotation_shear,unresolved_sum,constant,rotation_shear,full,exact_null,208,0.0,0,0.0,35.907004969348556,35.907004969348556,1.596826464821455,1,1,0.992543333579739
E2_20260824T221722Z_2ba66f02,2ba66f0209fe1cdec97b8cf5862494c22fb94704318f9601a7a1f9eb4b783796,unresolved_sum|constant|rotation_shear,unresolved_sum,constant,rotation_shear,full,exact_null,209,0.0,0,0.0,36.90700496934854,36.90700496934854,1.5968264648214547,1,1,0.992543333579739
E2_20260824T221722Z_2ba66f02,2ba66f0209fe1cdec97b8cf5862494c22fb94704318f9601a7a1f9eb4b783796,unresolved_sum|constant|rotation_shear,unresolved_sum,constant,rotation_shear,full,exact_null,210,0.0,0,0.0,37.90700496934854,37.90700496934854,1.5968264648214547,1,1,0.992543333579739
E2_20260824T221722Z_2ba66f02,2ba66f0209fe1cdec97b8cf5862494c22fb94704318f9601a7a1f9eb4b783796,unresolved_sum|constant|rotation_shear,unresolved_sum,constant,rotation_shear,full,exact_null,211,0.0,0,0.0,38.90700496934855,38.90700496934855,1.5968264648214545,1,1,0.992543333579739
E2_20260824T221722Z_2ba66f02,2ba66f0209fe1cdec97b8cf5862494c22fb94704318f9601a7a1f9eb4b783796,unresolved_sum|constant|rotation_shear,unresolved_sum,constant,rotation_shear,full,exact_null,212,0.0,0,0.0,39.753272863299266,39.753272863299266,2.86407473282229,1,1,0.9940807792778339
E2_20260824T221722Z_2ba66f02,2ba66f0209fe1cdec97b8cf5862494c22fb94704318f9601a7a1f9eb4b783796,unresolved_sum|constant|rotation_shear,unresolved_sum,constant,rotation_shear,full,exact_null,213,0.0,0,0.0,40.75327286329926,40.75327286329926,2.8640747328222904,1,1,0.9940807792778339
E2_20260824T221722Z_2ba66f02,2ba66f0209fe1cdec97b8cf5862494c22fb94704318f9601a7a1f9eb4b783796,unresolved_sum|constant|rotation_shear,unresolved_sum,constant,rotation_shear,full,exact_null,214,0.0,0,0.0,41.75327286329926,41.75327286329926,2.8640747328222904,1,1,0.9940807792778339
E2_20260824T221722Z_2ba66f02,2ba66f0209fe1cdec97b8cf5862494c22fb94704318f9601a7a1f9eb4b783796,unresolved_sum|constant|rotation_shear,unresolved_sum,constant,rotation_shear,full,exact_null,215,0.0,0,0.0,42.75327286329926,42.75327286329926,2.8640747328222904,1,1,0.9940807792778339
E2_20260824T221722Z_2ba66f02,2ba66f0209fe1cdec97b8cf5862494c22fb94704318f9601a7a1f9eb4b783796,unresolved_sum|constant|rotation_shear,unresolved_sum,constant,rotation_shear,full,near_null,0,0.3451545628596146,3,0.13636363636363635,10.843740071497487,10.843740071497487,8.588442811228278,0,3,0.4915990613771898
E2_20260824T221722Z_2ba66f02,2ba66f0209fe1cdec97b8cf5862494c22fb94704318f9601a7a1f9eb4b783796,unresolved_sum|constant|rotation_shear,unresolved_sum,constant,rotation_shear,full,near_null,1,0.34515456285961454,8,0.36363636363636365,10.830450328157244,10.830450328157244,8.629072637151284,0,3,0.4915990613771897
E2_20260824T221722Z_2ba66f02,2ba66f0209fe1cdec97b8cf5862494c22fb94704318f9601a7a1f9eb4b783796,unresolved_sum|constant|rotation_shear,unresolved_sum,constant,rotation_shear,full,near_null,2,0.34515456285961427,14,0.6363636363636364,11.880580430678762,11.880580430678762,8.563979311778509,0,3,0.491599061377189
E2_20260824T221722Z_2ba66f02,2ba66f0209fe1cdec97b8cf5862494c22fb94704318f9601a7a1f9eb4b783796,unresolved_sum|constant|rotation_shear,unresolved_sum,constant,rotation_shear,full,near_null,3,0.34515456285961416,19,0.8636363636363636,10.777038696703084,10.777038696703084,8.52556404135347,0,3,0.49159906137718923
E2_20260824T221722Z_2ba66f02,2ba66f0209fe1cdec97b8cf5862494c22fb94704318f9601a7a1f9eb4b783796,unresolved_sum|constant|rotation_shear,unresolved_sum,constant,rotation_shear,full,near_null,4,0.3039011017628982,15,0.6818181818181818,10.12770706264301,10.12770706264301,7.352837973167481,0,4,0.5004632477363812
E2_20260824T221722Z_2ba66f02,2ba66f0209fe1cdec97b8cf5862494c22fb94704318f9601a7a1f9eb4b783796,unresolved_sum|constant|rotation_shear,unresolved_sum,constant,rotation_shear,full,near_null,5,0.30390110176289803,18,0.8181818181818182,9.53184356952139,9.53184356952139,7.352016979531463,0,4,0.5004632477363803
E2_20260824T221722Z_2ba66f02,2ba66f0209fe1cdec97b8cf5862494c22fb94704318f9601a7a1f9eb4b783796,unresolved_sum|constant|rotation_shear,unresolved_sum,constant,rotation_shear,full,near_null,6,0.30390110176289803,7,0.3181818181818182,11.387266154407998,11.387266154407998,7.295269533745111,0,4,0.5004632477363805
E2_20260824T221722Z_2ba66f02,2ba66f0209fe1cdec97b8cf5862494c22fb94704318f9601a7a1f9eb4b783796,unresolved_sum|constant|rotation_shear,unresolved_sum,constant,rotation_shear,full,near_null,7,0.30390110176289786,4,0.18181818181818182,9.850275234391301,9.850275234391301,7.285241965836908,0,4,0.5004632477363813
E2_20260824T221722Z_2ba66f02,2ba66f0209fe1cdec97b8cf5862494c22fb94704318f9601a7a1f9eb4b783796,unresolved_sum|constant|rotation_shear,unresolved_sum,constant,rotation_shear,full,near_null,8,0.2766622683755591,17,0.7727272727272727,10.458394020308795,10.458394020308795,5.804558149429994,0,4,0.36178070616315117
E2_20260824T221722Z_2ba66f02,2ba66f0209fe1cdec97b8cf5862494c22fb94704318f9601a7a1f9eb4b783796,unresolved_sum|constant|rotation_shear,unresolved_sum,constant,rotation_shear,full,near_null,9,0.27666226837555896,16,0.7272727272727273,11.973053257270783,11.973053257270783,5.807993836022126,0,4,0.36178070616314767
E2_20260824T221722Z_2ba66f02,2ba66f0209fe1cdec97b8cf5862494c22fb94704318f9601a7a1f9eb4b783796,unresolved_sum|constant|rotation_shear,unresolved_sum,constant,rotation_shear,full,near_null,10,0.27666226837555896,16,0.7272727272727273,9.220760336892763,9.220760336892763,5.771720499559211,0,4,0.3617807061631483
E2_20260824T221722Z_2ba66f02,2ba66f0209fe1cdec97b8cf5862494c22fb94704318f9601a7a1f9eb4b783796,unresolved_sum|constant|rotation_shear,unresolved_sum,constant,rotation_shear,full,near_null,11,0.27666226837555885,5,0.22727272727272727,11.230833733098677,11.230833733098677,5.776273569844696,0,4,0.3617807061631519
E2_20260824T221722Z_2ba66f02,2ba66f0209fe1cdec97b8cf5862494c22fb94704318f9601a7a1f9eb4b783796,unresolved_sum|constant|rotation_shear,unresolved_sum,constant,rotation_shear,full,near_null,12,0.27212226507467807,15,0.6818181818181818,10.46092527651033,10.46092527651033,6.594623584882348,0,4,0.31731106767802036
E2_20260824T221722Z_2ba66f02,2ba66f0209fe1cdec97b8cf5862494c22fb94704318f9601a7a1f9eb4b783796,unresolved_sum|constant|rotation_shear,unresolved_sum,constant,rotation_shear,full,near_null,13,0.27212226507467807,18,0.8181818181818182,9.89941856101208,9.89941856101208,6.54625382003048,0,4,0.3173110676780261
E2_20260824T221722Z_2ba66f02,2ba66f0209fe1cdec97b8cf5862494c22fb94704318f9601a7a1f9eb4b783796,unresolved_sum|constant|rotation_shear,unresolved_sum,constant,rotation_shear,full,near_null,14,0.272122265074678,7,0.3181818181818182,8.149995397132063,8.149995397132063,6.530075904944781,0,4,0.31731106767802164
E2_20260824T221722Z_2ba66f02,2ba66f0209fe1cdec97b8cf5862494c22fb94704318f9601a7a1f9eb4b783796,unresolved_sum|constant|rotation_shear,unresolved_sum,constant,rotation_shear,full,near_null,15,0.27212226507467796,4,0.18181818181818182,10.0896423538738,10.0896423538738,6.589390414898113,0,4,0.31731106767802253
E2_20260824T221722Z_2ba66f02,2ba66f0209fe1cdec97b8cf5862494c22fb94704318f9601a7a1f9eb4b783796,unresolved_sum|constant|rotation_shear,unresolved_sum,constant,rotation_shear,full,near_null,16,0.2445567325908121,16,0.7272727272727273,10.449949408129354,10.449949408129354,4.787693188793258,1,4,0.30905871260682405
E2_20260824T221722Z_2ba66f02,2ba66f0209fe1cdec97b8cf5862494c22fb94704318f9601a7a1f9eb4b783796,unresolved_sum|constant|rotation_shear,unresolved_sum,constant,rotation_shear,full,near_null,17,0.24455673259081182,17,0.7727272727272727,8.795429318717117,8.795429318717117,4.7385326275546085,1,4,0.3090587126068251
E2_20260824T221722Z_2ba66f02,2ba66f0209fe1cdec97b8cf5862494c22fb94704318f9601a7a1f9eb4b783796,unresolved_sum|constant|rotation_shear,unresolved_sum,constant,rotation_shear,full,near_null,18,0.24455673259081168,5,0.22727272727272727,9.963190357277439,9.963190357277439,4.733988235776129,1,4,0.30905871260682466
E2_20260824T221722Z_2ba66f02,2ba66f0209fe1cdec97b8cf5862494c22fb94704318f9601a7a1f9eb4b783796,unresolved_sum|constant|rotation_shear,unresolved_sum,constant,rotation_shear,full,near_null,19,0.24455673259081162,6,0.2727272727272727,11.026534937958745,11.026534937958745,4.788892525874789,1,4,0.3090587126068239
